id_estudiante,promedio_general,promedio_actual,asistencia_promedio,materias_reprobadas,materias_recursadas,materias_inscritas,materias_aprobadas,cuatrimestre_actual,cuatrimestres_retraso,parciales_reprobados,calificacion_minima_parcial,calificacion_maxima_parcial,beneficiario_beca,turno,preferencia_carrera,foraneo,trabaja,edad_ingreso,desercion
ISW-2022-00001,9.19,8.72,0.8496,0,0,6,35,6,1,14,6.9,9.9,0,1,0,1,1,19,0
ISW-2023-00002,7.97,7.73,0.9277,0,0,7,14,3,0,18,4.3,8.8,0,1,0,1,1,25,0
ISW-2025-00003,10.0,9.78,0.807,1,1,7,41,7,1,12,7.7,10.0,1,0,0,0,1,23,1
ISW-2023-00004,7.57,7.41,0.8183,3,2,7,25,5,1,23,4.8,7.7,0,0,2,0,0,28,1
ISW-2021-00005,8.45,8.47,0.9518,0,0,7,0,1,0,0,6.3,9.5,0,0,0,0,0,22,0
ISW-2024-00006,7.02,6.73,0.822,3,2,7,53,9,1,85,3.7,7.5,0,0,0,0,0,28,1
ISW-2025-00007,9.67,9.59,0.8402,1,1,7,27,5,1,7,8.0,10.0,1,0,0,0,0,25,0
ISW-2023-00008,5.78,6.17,0.8415,0,0,6,35,6,0,61,4.9,7.9,0,3,2,0,1,30,0
ISW-2020-00009,7.47,7.23,0.8823,0,0,5,0,1,0,0,4.9,7.7,1,0,0,1,1,26,0
ISW-2022-00010,9.19,9.75,0.8023,2,1,7,12,3,0,2,8.5,10.0,0,0,0,0,1,23,0
ISW-2023-00011,8.17,8.09,0.9585,2,1,6,5,2,0,4,5.4,9.8,0,1,0,0,0,28,0
ISW-2021-00012,8.95,8.57,0.934,0,0,6,49,8,1,31,6.8,9.1,0,1,0,1,0,18,0
ISW-2021-00013,7.79,8.0,0.8781,2,2,7,19,4,1,11,4.7,9.6,0,0,2,0,1,21,0
ISW-2024-00014,8.17,7.95,0.8442,1,1,6,34,6,1,26,5.4,8.8,1,0,1,0,0,21,0
ISW-2023-00015,9.33,9.25,0.8751,1,1,5,13,3,0,6,6.5,10.0,0,3,0,0,0,23,0
ISW-2023-00016,8.74,8.52,0.8125,1,0,5,6,2,1,2,6.6,9.0,0,0,2,0,1,21,0
ISW-2018-00017,6.51,6.58,0.8072,0,0,6,21,4,1,34,5.3,8.0,0,1,0,0,1,24,0
ISW-2024-00018,7.89,7.54,0.8413,0,0,7,0,1,0,0,5.1,8.4,0,2,2,0,0,18,0
ISW-2025-00019,8.05,7.93,0.8564,1,1,5,34,6,0,31,6.9,8.6,0,0,0,1,0,18,0
ISW-2025-00020,9.34,8.86,0.9251,0,0,6,21,4,1,17,7.7,9.5,0,1,0,0,1,26,0
ISW-2023-00021,8.87,8.36,0.8019,2,1,5,26,5,1,16,5.1,9.2,1,0,2,1,1,23,1
ISW-2022-00022,8.47,8.56,0.8392,1,1,6,6,2,0,5,6.6,9.5,1,0,2,1,0,20,0
ISW-2021-00023,7.55,7.59,0.7053,1,1,6,55,9,0,80,5.1,8.9,1,0,1,0,1,27,0
ISW-2025-00024,7.38,7.15,0.8365,1,0,7,41,7,0,49,4.8,8.8,0,3,1,0,0,25,0
ISW-2025-00025,6.65,6.58,0.7394,1,1,6,34,6,1,66,4.5,7.4,0,0,2,1,1,20,1
ISW-2020-00026,7.44,7.37,0.5616,0,0,5,0,1,0,0,4.5,9.0,0,0,1,0,1,21,0
ISW-2022-00027,8.09,8.61,0.8094,0,0,7,14,3,0,12,5.5,9.7,0,3,0,0,1,19,0
ISW-2021-00028,7.65,8.17,0.9475,0,0,5,0,1,0,0,4.7,9.5,0,0,0,0,1,24,0
ISW-2024-00029,7.73,7.25,0.8763,0,0,5,0,1,0,0,3.9,9.0,0,2,1,1,0,23,0
ISW-2018-00030,7.24,6.73,0.9326,5,4,7,23,5,1,51,3.8,7.9,0,1,1,0,0,23,1
ISW-2019-00031,7.31,7.3,0.9032,1,1,7,27,5,1,34,4.4,7.8,0,1,2,0,1,21,1
ISW-2022-00032,10.0,9.85,0.9614,2,1,7,54,9,1,24,7.0,10.0,1,2,0,0,0,22,0
ISW-2022-00033,8.01,8.04,0.6419,0,0,5,7,2,1,11,6.5,9.1,0,1,0,1,1,21,0
ISW-2022-00034,8.9,8.99,0.8006,0,0,5,7,2,1,0,6.8,9.9,0,0,0,0,0,24,0
ISW-2022-00035,7.93,8.1,0.8078,3,2,7,11,3,0,11,6.5,8.7,0,3,2,1,0,22,1
ISW-2021-00036,8.09,8.19,0.8906,0,0,7,0,1,0,0,4.9,8.8,0,3,0,0,1,21,0
ISW-2018-00037,8.11,8.2,0.8885,0,0,5,0,1,0,0,4.7,8.6,1,2,2,0,0,20,0
ISW-2018-00038,7.39,7.93,0.9925,1,0,6,13,3,1,11,4.8,8.8,0,1,0,0,1,29,0
ISW-2025-00039,7.28,7.75,0.8266,2,2,6,5,2,0,7,4.5,8.4,1,1,0,0,0,22,0
ISW-2024-00040,8.06,8.41,0.7781,4,2,5,17,4,2,25,5.4,9.8,1,1,2,0,0,22,1
ISW-2021-00041,8.36,8.08,0.8344,2,1,6,12,3,1,9,6.0,8.7,0,0,0,1,0,21,0
ISW-2019-00042,7.93,7.82,0.7958,0,0,5,35,6,0,48,5.0,9.5,0,1,2,0,0,20,0
ISW-2023-00043,7.41,6.95,0.8736,3,2,7,25,5,1,39,3.6,8.4,0,1,0,1,1,20,0
ISW-2025-00044,7.4,7.67,0.8313,1,1,7,6,2,0,7,6.7,8.0,0,1,0,0,0,23,0
ISW-2022-00045,9.14,8.89,0.8397,1,1,5,34,6,0,12,8.1,9.2,0,0,1,0,0,25,0
ISW-2022-00046,8.09,8.06,0.899,0,0,5,35,6,1,39,5.3,8.8,1,1,2,0,1,20,0
ISW-2023-00047,9.18,9.32,0.8748,0,0,7,7,2,1,2,6.8,10.0,0,1,0,1,0,23,0
ISW-2020-00048,8.0,8.03,0.8675,2,1,6,5,2,1,4,5.7,9.5,1,0,0,0,0,20,0
ISW-2018-00049,7.82,7.96,0.7913,5,2,7,23,5,1,38,5.9,8.7,0,3,1,0,1,25,1
ISW-2025-00050,8.27,8.52,0.7912,0,0,6,0,1,0,0,6.8,9.4,1,1,2,0,1,18,0
ISW-2025-00051,9.26,8.96,0.8172,0,0,7,0,1,0,0,7.5,9.4,0,0,2,0,0,25,0
ISW-2018-00052,7.06,7.41,0.8713,0,0,5,0,1,0,0,5.8,8.6,0,0,2,0,1,22,0
ISW-2023-00053,8.63,8.93,0.8418,1,1,7,34,6,1,16,6.4,9.4,0,1,0,1,0,26,0
ISW-2019-00054,8.03,8.08,0.6777,0,0,5,21,4,0,25,5.4,9.0,0,0,1,0,0,25,0
ISW-2024-00055,8.15,8.14,0.7719,0,0,5,28,5,1,34,6.1,9.2,1,2,2,1,0,25,0
ISW-2022-00056,7.11,7.34,0.771,3,1,7,32,6,0,74,6.4,8.3,0,0,2,0,1,24,1
ISW-2020-00057,6.84,6.82,0.6493,3,2,6,11,3,0,28,5.2,8.1,0,0,2,1,0,22,0
ISW-2018-00058,5.86,5.89,0.8198,4,3,7,17,4,1,31,4.7,6.3,0,0,2,1,1,26,0
ISW-2020-00059,7.79,8.16,0.8918,0,0,6,0,1,0,0,5.1,9.6,0,1,2,1,0,22,0
ISW-2024-00060,8.74,8.7,0.8292,0,0,5,0,1,0,0,6.8,10.0,0,3,0,1,0,21,0
ISW-2025-00061,9.32,8.59,0.9191,2,1,5,19,4,0,9,5.8,9.6,0,2,0,1,1,21,0
ISW-2018-00062,6.35,6.59,0.8197,1,1,6,13,3,0,30,4.2,7.9,0,1,2,0,1,23,0
ISW-2018-00063,9.33,9.16,0.7754,4,3,6,17,4,1,20,5.7,10.0,0,2,0,0,0,19,1
ISW-2020-00064,9.17,9.07,0.8356,1,0,6,27,5,1,13,7.2,10.0,0,0,0,0,0,21,0
ISW-2018-00065,8.59,8.74,0.8754,0,0,6,21,4,0,8,6.6,10.0,1,1,0,0,1,22,0
ISW-2021-00066,8.8,9.01,0.8093,0,0,6,21,4,1,10,7.2,10.0,0,3,1,0,0,28,0
ISW-2023-00067,6.72,6.77,0.7434,2,1,6,19,4,1,42,4.3,8.5,0,0,2,0,0,29,1
ISW-2025-00068,8.36,8.27,0.8598,1,0,5,6,2,0,4,6.2,8.8,0,3,2,1,0,21,0
ISW-2020-00069,8.4,8.41,0.9038,0,0,6,0,1,0,0,5.4,9.2,0,0,0,0,1,21,0
ISW-2019-00070,9.17,9.14,0.7981,2,1,6,12,3,1,14,8.0,10.0,0,0,0,0,0,28,1
ISW-2018-00071,9.74,9.99,0.9084,0,0,5,0,1,0,0,9.1,10.0,0,1,0,0,0,24,0
ISW-2023-00072,6.82,7.25,0.7828,1,1,6,13,3,0,24,5.1,8.1,0,3,2,1,0,23,1
ISW-2021-00073,9.01,8.96,0.8805,1,1,7,41,7,1,19,6.8,9.3,0,0,0,0,0,21,0
ISW-2019-00074,7.47,7.37,0.8793,3,3,6,4,2,0,10,4.3,8.0,0,2,1,0,0,21,1
ISW-2024-00075,10.0,9.89,0.9562,0,0,5,0,1,0,0,8.5,10.0,1,0,1,0,0,18,0
ISW-2025-00076,7.68,7.17,0.8304,3,1,6,4,2,1,10,5.8,8.0,0,1,1,1,1,22,0
ISW-2025-00077,8.5,8.07,0.893,3,2,7,4,2,1,6,5.9,9.0,0,1,1,0,0,22,0
ISW-2020-00078,8.23,8.49,0.7867,2,1,7,19,4,0,25,5.0,9.9,0,0,1,0,0,21,1
ISW-2019-00079,7.81,7.61,0.944,2,1,6,19,4,0,18,6.4,8.9,0,1,1,0,1,25,0
ISW-2024-00080,7.98,8.12,0.905,0,0,5,35,6,0,28,6.1,9.2,1,1,0,0,0,22,0
ISW-2020-00081,5.22,5.16,0.6736,10,8,6,11,4,2,38,2.0,6.5,0,1,0,1,0,21,0
ISW-2018-00082,8.31,8.07,0.9612,1,1,5,13,3,1,11,6.8,9.9,0,0,0,0,0,20,0
ISW-2020-00083,8.14,8.11,0.731,2,1,5,33,6,0,36,6.2,9.6,0,0,0,1,1,24,0
ISW-2018-00084,7.35,7.12,0.8367,0,0,5,0,1,0,0,5.6,7.6,0,3,1,0,1,18,0
ISW-2022-00085,8.35,8.11,0.775,0,0,6,0,1,0,0,5.9,9.9,1,1,0,1,1,19,0
ISW-2023-00086,8.35,7.8,0.9223,0,0,6,0,1,0,0,5.4,8.2,0,2,2,0,1,26,0
ISW-2019-00087,9.13,9.47,0.7811,2,1,7,26,5,1,22,6.7,10.0,1,1,0,1,0,22,0
ISW-2019-00088,9.2,9.43,0.7988,4,3,7,10,3,1,17,6.6,9.8,0,2,1,0,1,22,1
ISW-2024-00089,9.61,9.32,0.9294,0,0,7,0,1,0,0,8.2,10.0,1,0,0,0,0,20,0
ISW-2023-00090,9.38,9.73,0.9442,2,1,5,12,3,0,2,8.0,10.0,0,1,0,0,0,24,0
ISW-2019-00091,9.38,9.27,0.9473,0,0,7,0,1,0,0,7.3,10.0,0,1,0,1,0,26,0
ISW-2024-00092,8.46,8.47,0.7316,2,1,7,26,5,0,38,5.9,9.7,1,0,1,1,0,25,0
ISW-2020-00093,9.79,9.5,0.8985,0,0,5,14,3,1,13,7.0,10.0,0,0,0,0,0,23,0
ISW-2023-00094,8.57,8.59,0.6833,4,4,6,3,2,2,11,6.4,8.9,0,1,1,0,0,25,1
ISW-2020-00095,7.66,7.82,0.7899,4,2,6,3,2,2,7,5.3,9.2,1,2,1,0,1,19,1
ISW-2021-00096,8.37,8.09,0.8724,3,2,7,18,4,1,25,5.9,8.5,0,1,2,0,1,19,1
ISW-2021-00097,7.85,7.83,0.8783,0,0,5,7,2,0,6,6.1,8.9,0,0,1,1,1,24,0
ISW-2019-00098,8.06,8.12,0.8097,0,0,7,0,1,0,0,6.6,9.7,0,3,1,0,0,22,0
ISW-2018-00099,9.01,9.23,0.9135,0,0,5,0,1,0,0,7.2,10.0,1,0,2,0,0,21,0
ISW-2023-00100,9.08,8.82,0.9223,0,0,6,56,9,1,25,5.4,10.0,1,0,0,0,1,20,0
ISW-2018-00101,8.27,8.58,0.9585,0,0,7,42,7,0,29,5.5,10.0,0,3,1,0,0,22,0
ISW-2024-00102,9.55,9.36,0.9118,0,0,5,28,5,0,12,6.9,10.0,0,2,0,1,0,19,1
ISW-2021-00103,8.83,8.68,0.9045,0,0,5,7,2,0,3,7.8,9.4,0,3,1,0,0,26,0
ISW-2025-00104,9.19,9.16,0.9478,0,0,5,56,9,1,32,6.2,10.0,0,2,0,1,0,21,0
ISW-2022-00105,8.69,9.29,0.8583,0,0,7,35,6,0,13,7.6,10.0,1,1,0,1,0,20,0
ISW-2019-00106,8.68,8.55,0.8753,0,0,7,28,5,1,13,7.5,9.6,0,0,1,0,1,23,0
ISW-2025-00107,8.42,8.25,0.9401,0,0,6,14,3,1,14,5.1,8.8,0,0,0,0,1,24,0
ISW-2021-00108,8.6,8.21,0.8226,0,0,5,7,2,0,4,6.2,8.9,0,3,0,1,1,21,0
ISW-2019-00109,8.49,8.14,0.8393,0,0,6,0,1,0,0,4.7,8.5,0,2,0,1,0,21,0
ISW-2025-00110,7.1,7.36,0.7867,0,0,5,42,7,0,80,5.6,9.0,1,0,2,0,0,27,0
ISW-2021-00111,7.48,7.81,0.8243,0,0,5,14,3,1,7,4.5,9.3,0,0,0,1,1,18,0
ISW-2022-00112,9.59,9.9,0.8417,0,0,7,0,1,0,0,7.5,10.0,0,0,0,0,0,23,0
ISW-2018-00113,9.93,9.76,0.9193,1,1,6,6,2,0,1,8.0,10.0,1,0,2,0,0,18,0
ISW-2019-00114,7.71,7.45,0.9347,2,2,6,19,4,1,18,4.0,8.3,1,2,2,0,1,28,0
ISW-2024-00115,7.79,7.89,0.8905,0,0,5,0,1,0,0,6.2,8.2,0,0,0,1,0,21,0
ISW-2025-00116,7.07,7.26,0.904,1,1,7,41,7,1,45,4.2,8.2,1,0,0,0,0,20,1
ISW-2025-00117,7.53,7.69,0.9701,1,1,5,27,5,0,23,5.7,8.0,0,3,0,0,0,19,0
ISW-2019-00118,6.21,6.53,0.9057,1,0,6,27,5,0,45,4.9,8.3,1,1,2,0,1,23,0
ISW-2020-00119,7.61,7.77,0.9344,1,0,7,13,3,1,15,6.1,8.9,0,1,0,0,0,21,0
ISW-2020-00120,8.97,8.92,0.9308,1,0,5,20,4,0,13,7.1,9.9,0,0,0,0,0,18,0
ISW-2019-00121,7.6,7.95,0.7254,2,2,7,19,4,0,40,5.7,9.2,0,0,0,1,0,29,0
ISW-2025-00122,8.68,8.66,0.7117,1,0,5,20,4,0,28,6.9,10.0,0,0,1,0,1,26,1
ISW-2020-00123,7.45,7.32,0.9223,0,0,7,0,1,0,0,6.1,9.1,0,0,0,1,1,18,0
ISW-2020-00124,7.47,7.68,0.7962,3,2,5,11,3,1,23,5.3,8.2,0,0,1,1,1,24,1
ISW-2019-00125,7.8,7.77,0.908,0,0,7,0,1,0,0,6.7,8.9,0,0,0,1,1,21,0
ISW-2024-00126,7.01,7.01,0.904,0,0,6,14,3,1,21,4.5,7.5,0,0,1,1,0,21,0
ISW-2023-00127,6.62,6.51,0.8613,3,2,6,4,2,0,12,4.8,7.4,0,0,2,0,0,21,1
ISW-2020-00128,7.14,7.31,0.6316,0,0,7,0,1,0,0,4.1,9.0,0,3,0,0,0,22,0
ISW-2018-00129,9.73,9.46,0.8779,0,0,5,0,1,0,0,7.2,10.0,1,0,0,0,0,19,1
ISW-2020-00130,8.88,9.25,0.8929,1,1,6,20,4,0,8,6.6,10.0,1,0,0,0,1,18,1
ISW-2019-00131,9.83,9.39,0.8985,0,0,5,0,1,0,0,6.8,10.0,0,2,1,0,0,20,0
ISW-2019-00132,8.5,7.9,0.8732,0,0,5,49,8,1,56,5.0,8.5,0,0,0,1,1,22,0
ISW-2022-00133,8.53,8.41,0.8662,1,1,7,20,4,1,18,4.9,9.9,0,1,1,1,0,21,0
ISW-2018-00134,10.0,10.0,0.9249,0,0,7,7,2,1,2,7.0,10.0,0,2,0,0,1,24,0
ISW-2018-00135,7.67,7.89,0.8304,2,1,6,19,4,1,21,6.0,8.3,1,1,1,1,1,24,0
ISW-2022-00136,7.91,7.49,0.855,0,0,5,0,1,0,0,5.6,8.8,0,0,1,0,0,28,0
ISW-2024-00137,9.76,10.0,0.9355,0,0,6,56,9,1,15,8.2,10.0,0,1,0,0,1,21,1
ISW-2023-00138,8.13,8.17,0.8559,0,0,7,14,3,0,8,5.5,9.2,0,1,0,0,1,18,0
ISW-2019-00139,8.21,7.67,0.7591,6,4,6,29,6,1,62,6.6,8.6,0,0,1,0,1,19,0
ISW-2019-00140,9.38,9.3,0.8068,0,0,7,0,1,0,0,6.3,10.0,1,0,0,0,1,21,0
ISW-2022-00141,8.99,8.78,0.8477,0,0,6,14,3,1,7,7.3,9.5,0,0,1,0,0,20,0
ISW-2024-00142,8.28,8.32,0.8524,0,0,5,14,3,1,11,5.3,9.9,0,2,2,0,0,20,0
ISW-2019-00143,9.34,9.27,0.895,0,0,5,49,8,0,21,7.5,10.0,0,0,0,0,1,26,0
ISW-2023-00144,8.14,7.89,0.9121,3,1,5,18,4,1,20,4.5,9.3,1,0,0,1,1,24,0
ISW-2022-00145,8.94,8.7,0.7488,1,1,6,13,3,1,12,5.8,10.0,0,1,0,0,1,24,0
ISW-2025-00146,9.26,9.3,0.7456,2,1,6,5,2,1,10,8.2,10.0,1,3,0,1,0,25,0
ISW-2025-00147,7.34,7.53,0.7843,2,1,5,5,2,1,8,6.4,8.4,1,0,2,0,0,20,0
ISW-2025-00148,6.67,6.93,0.7246,4,3,5,10,3,1,27,3.7,7.6,0,0,2,0,0,19,1
ISW-2020-00149,7.57,7.57,0.8161,1,0,5,13,3,0,16,6.1,8.9,1,0,0,0,1,24,0
ISW-2020-00150,6.62,6.46,0.8887,0,0,6,0,1,0,0,4.3,8.1,0,1,2,1,0,22,0
ISW-2020-00151,10.0,9.72,0.9238,1,0,6,34,6,1,16,8.4,10.0,0,1,0,0,0,21,0
ISW-2020-00152,8.57,8.26,0.8743,1,1,7,41,7,0,34,5.3,9.1,0,2,2,0,0,23,0
ISW-2025-00153,7.3,7.1,0.7571,0,0,6,0,1,0,0,5.6,8.8,0,0,2,1,0,19,0
ISW-2019-00154,7.88,8.01,0.9021,1,1,5,20,4,0,19,5.3,8.7,0,0,0,1,0,18,0
ISW-2021-00155,8.45,8.2,0.8049,0,0,6,0,1,0,0,5.7,8.8,0,0,1,1,1,25,0
ISW-2019-00156,7.5,7.68,0.9115,1,1,5,27,5,0,36,4.6,8.4,0,0,1,1,0,25,0
ISW-2025-00157,6.56,6.36,0.7112,2,1,6,5,2,0,15,4.7,7.0,0,1,0,0,0,19,1
ISW-2021-00158,7.74,7.8,0.8138,3,2,7,18,4,1,15,7.0,9.2,0,2,0,1,0,25,1
ISW-2025-00159,8.57,8.74,0.9576,0,0,6,28,5,1,18,7.2,9.4,0,0,1,0,0,27,0
ISW-2020-00160,9.97,9.71,0.9271,1,1,6,27,5,0,4,8.5,10.0,0,1,0,1,1,19,0
ISW-2019-00161,8.4,8.49,0.9359,0,0,7,0,1,0,0,6.3,10.0,1,0,0,0,1,26,0
ISW-2025-00162,9.54,9.16,0.9535,0,0,5,49,8,1,15,7.8,10.0,1,1,0,0,1,26,0
ISW-2022-00163,7.87,7.94,0.8176,1,0,6,6,2,0,6,6.8,8.6,0,0,1,0,1,20,0
ISW-2023-00164,9.07,8.68,0.7757,0,0,5,0,1,0,0,5.6,9.6,0,1,0,1,0,23,0
ISW-2020-00165,6.55,6.68,0.8831,3,2,5,18,4,1,34,3.4,7.9,0,0,0,0,1,20,0
ISW-2025-00166,8.23,8.63,0.8478,1,1,6,6,2,0,4,5.9,10.0,1,3,0,1,0,25,0
ISW-2019-00167,7.81,7.94,0.9026,2,1,5,33,6,0,30,5.5,8.7,0,3,0,0,1,19,0
ISW-2021-00168,7.84,7.93,0.8696,0,0,6,35,6,1,33,6.5,9.0,1,2,1,0,1,29,0
ISW-2019-00169,6.94,6.97,0.7514,3,2,6,4,2,1,10,4.1,7.7,0,2,0,0,0,24,0
ISW-2022-00170,9.6,9.05,0.8862,0,0,5,56,9,1,14,7.5,10.0,0,0,1,0,0,24,0
ISW-2020-00171,9.79,10.0,0.9344,0,0,5,7,2,1,1,8.4,10.0,1,1,0,1,0,19,0
ISW-2018-00172,9.73,9.43,0.9767,0,0,6,14,3,1,10,7.6,10.0,0,0,1,1,0,23,0
ISW-2021-00173,9.81,10.0,0.8594,0,0,5,7,2,1,3,7.8,10.0,1,2,0,1,0,27,0
ISW-2024-00174,8.17,8.43,0.7374,0,0,7,49,8,1,55,7.6,9.1,0,0,2,0,1,20,0
ISW-2021-00175,9.0,8.99,0.975,0,0,5,0,1,0,0,8.2,10.0,0,0,0,0,0,31,0
ISW-2023-00176,6.9,6.46,0.7683,0,0,7,0,1,0,0,3.4,7.3,0,1,2,1,1,24,0
ISW-2019-00177,8.57,8.96,0.9113,2,1,5,12,3,1,9,5.8,10.0,0,0,0,1,0,23,1
ISW-2019-00178,8.23,8.13,0.8419,0,0,1,63,10,0,29,5.6,9.6,0,1,0,1,0,22,0
ISW-2022-00179,8.26,8.09,0.9236,1,1,6,41,7,0,34,6.8,8.7,0,0,1,0,0,20,0
ISW-2018-00180,7.99,7.94,0.9523,1,0,6,27,5,0,27,6.3,9.2,0,1,0,1,0,20,0
ISW-2021-00181,9.11,9.14,0.8054,2,1,7,40,7,1,32,6.2,10.0,0,2,0,0,0,22,1
ISW-2018-00182,7.4,8.11,0.7044,5,3,7,37,7,1,63,4.7,9.0,0,1,2,1,0,23,1
ISW-2019-00183,7.94,7.85,0.7709,2,1,7,12,3,0,15,5.0,8.7,0,0,1,1,0,23,0
ISW-2023-00184,7.72,7.52,0.8685,1,1,7,6,2,1,9,4.5,8.5,0,0,1,1,0,28,0
ISW-2019-00185,7.66,7.29,0.7047,4,2,6,31,6,2,62,5.6,8.6,0,0,2,0,1,24,1
ISW-2019-00186,7.6,8.07,0.8342,1,1,6,20,4,1,18,5.4,9.0,1,0,0,1,1,20,0
ISW-2022-00187,9.05,8.47,0.8215,2,2,6,5,2,1,1,7.6,9.2,0,1,0,0,0,24,0
ISW-2019-00188,8.86,8.5,0.8142,0,0,6,0,1,0,0,6.3,9.8,0,0,2,0,1,22,0
ISW-2023-00189,8.97,9.12,0.9382,0,0,7,28,5,1,19,7.6,9.7,1,0,0,1,1,18,0
ISW-2024-00190,8.09,7.77,0.9139,2,1,7,5,2,0,8,6.1,8.1,0,0,0,0,0,20,0
ISW-2022-00191,7.37,7.13,0.897,0,0,6,49,8,1,68,4.4,7.7,0,3,0,0,0,22,0
ISW-2020-00192,8.5,8.6,0.7759,1,1,6,6,2,1,10,7.5,10.0,0,0,0,1,0,19,0
ISW-2021-00193,8.7,8.41,0.7896,0,0,6,0,1,0,0,7.6,8.9,0,0,0,1,0,25,0
ISW-2021-00194,6.02,6.22,0.761,6,2,6,29,6,1,75,4.5,7.0,0,1,0,0,1,19,1
ISW-2019-00195,7.92,7.88,0.8097,0,0,6,0,1,0,0,7.0,9.0,1,0,1,0,1,20,0
ISW-2018-00196,8.67,9.54,0.6996,0,0,6,0,1,0,0,7.0,10.0,1,3,1,1,0,23,0
ISW-2023-00197,8.59,8.25,0.9256,1,1,5,20,4,1,15,5.4,9.8,0,0,2,0,0,22,0
ISW-2021-00198,8.6,8.76,0.8744,1,1,6,41,7,0,24,7.6,9.5,0,1,0,0,1,19,0
ISW-2020-00199,7.76,7.99,0.9208,0,0,5,0,1,0,0,5.3,8.4,1,1,0,0,0,20,0
ISW-2022-00200,8.16,8.08,0.9373,0,0,5,7,2,1,6,5.8,8.9,0,2,1,1,0,25,0
ISW-2022-00201,7.51,7.55,0.9252,2,1,7,33,6,1,42,6.4,8.9,0,1,0,0,0,26,0
ISW-2022-00202,8.5,8.69,0.9178,1,1,7,55,9,1,30,6.4,10.0,0,2,0,0,1,24,0
ISW-2022-00203,7.68,7.93,0.7875,1,1,7,13,3,0,22,4.8,9.3,0,0,1,1,1,18,0
ISW-2018-00204,8.36,8.42,0.8778,0,0,5,0,1,0,0,7.0,9.8,0,1,1,1,1,18,0
ISW-2021-00205,6.16,6.19,0.8685,0,0,7,0,1,0,0,4.2,7.4,0,1,0,0,1,20,0
ISW-2024-00206,7.56,7.5,0.835,2,1,6,5,2,1,8,4.5,8.4,0,1,1,1,0,25,1
ISW-2019-00207,9.19,9.38,0.9177,0,0,6,0,1,0,0,6.3,10.0,0,1,1,1,0,23,0
ISW-2018-00208,6.27,6.3,0.7217,3,2,7,25,5,1,58,3.4,7.9,1,0,2,0,1,19,1
ISW-2019-00209,7.87,7.86,0.9276,0,0,6,0,1,0,0,4.8,8.6,0,0,0,0,1,23,0
ISW-2018-00210,8.36,7.9,0.8909,1,1,5,13,3,1,15,4.4,9.4,0,0,1,0,0,21,0
ISW-2019-00211,7.33,7.84,0.8036,1,1,6,27,5,0,25,4.6,9.4,0,0,1,1,0,21,0
ISW-2024-00212,8.0,8.55,0.8738,0,0,5,21,4,1,17,6.4,10.0,0,0,0,1,1,21,0
ISW-2019-00213,9.18,8.83,0.8916,0,0,6,0,1,0,0,6.6,10.0,1,0,1,0,0,20,1
ISW-2019-00214,10.0,9.88,0.8664,0,0,5,35,6,1,2,8.5,10.0,1,1,1,1,0,29,0
ISW-2024-00215,8.45,8.05,0.8741,2,2,7,26,5,0,23,6.3,9.3,0,1,0,1,0,26,0
ISW-2024-00216,9.34,9.21,0.9332,1,1,6,27,5,1,15,7.9,10.0,0,1,0,0,0,18,0
ISW-2020-00217,6.2,5.97,0.7984,0,0,6,0,1,0,0,2.5,7.6,0,1,0,1,1,19,0
ISW-2021-00218,8.86,8.81,0.875,0,0,5,0,1,0,0,6.2,9.5,0,0,1,1,1,23,0
ISW-2024-00219,6.97,6.92,0.672,3,2,5,46,8,0,93,4.7,7.8,0,0,0,1,0,22,1
ISW-2023-00220,8.71,8.71,0.8892,0,0,5,7,2,0,6,7.7,9.4,0,1,0,1,0,20,0
ISW-2023-00221,7.31,7.41,0.9348,0,0,6,7,2,0,9,4.1,9.0,0,2,0,0,0,24,0
ISW-2023-00222,6.27,6.15,0.7234,6,6,5,8,3,1,22,5.1,7.2,0,1,1,1,0,22,1
ISW-2021-00223,10.0,10.0,0.9166,0,0,5,21,4,0,6,9.2,10.0,0,1,1,0,0,24,0
ISW-2022-00224,7.72,8.24,0.938,2,2,6,54,9,0,46,6.1,9.6,0,1,0,1,0,20,0
ISW-2021-00225,7.55,7.56,0.873,1,0,5,6,2,1,9,5.5,7.9,0,1,0,1,1,25,0
ISW-2018-00226,7.49,7.35,0.5329,4,1,7,45,8,2,98,5.2,8.7,0,1,0,1,1,26,1
ISW-2022-00227,9.89,9.82,0.9002,0,0,5,0,1,0,0,7.7,10.0,0,1,0,1,0,22,0
ISW-2022-00228,7.72,7.86,0.8883,1,1,5,20,4,0,20,5.2,9.2,0,0,1,1,1,21,0
ISW-2025-00229,8.52,8.66,0.8588,0,0,6,21,4,1,13,5.6,9.3,0,0,0,0,1,19,0
ISW-2025-00230,8.87,8.74,0.8612,0,0,6,0,1,0,0,6.9,9.2,0,0,1,0,0,25,0
ISW-2020-00231,7.0,7.05,0.8106,0,0,6,0,1,0,0,4.4,7.7,1,1,1,0,1,18,0
ISW-2018-00232,8.73,8.34,0.7618,0,0,6,14,3,0,19,6.1,9.1,1,2,2,1,0,28,0
ISW-2024-00233,7.35,7.13,0.7737,3,2,5,53,9,0,109,5.1,8.0,0,0,0,0,1,23,1
ISW-2025-00234,7.7,8.05,0.6989,4,3,5,17,4,1,27,7.0,8.7,0,0,0,0,0,25,1
ISW-2018-00235,8.7,8.96,0.8892,0,0,6,49,8,1,22,5.8,10.0,1,2,0,0,0,26,0
ISW-2020-00236,5.78,5.99,0.7776,5,3,6,30,6,1,67,3.5,7.5,0,0,2,0,1,27,1
ISW-2020-00237,7.58,7.48,0.8624,2,2,5,12,3,0,14,5.7,8.1,0,2,1,0,1,21,1
ISW-2022-00238,7.44,7.22,0.6428,5,2,7,30,6,1,63,5.8,8.2,0,0,1,1,0,22,1
ISW-2024-00239,6.41,6.32,0.8078,0,0,6,0,1,0,0,4.9,6.9,0,0,1,1,1,25,0
ISW-2025-00240,7.75,7.5,0.8572,0,0,5,0,1,0,0,6.4,8.6,0,0,0,0,1,23,0
ISW-2023-00241,7.54,7.04,0.8233,2,1,5,33,6,1,41,3.9,7.9,0,0,1,1,1,23,1
ISW-2023-00242,8.5,8.7,0.7821,2,2,5,33,6,0,36,6.0,9.6,0,0,2,0,1,19,1
ISW-2018-00243,8.49,8.43,0.922,0,0,7,7,2,1,2,6.4,9.9,0,0,0,0,0,23,0
ISW-2021-00244,7.05,7.18,0.7283,7,4,6,7,3,1,27,4.0,7.8,0,0,2,0,0,18,0
ISW-2018-00245,8.77,8.88,0.9399,0,0,7,21,4,1,11,5.7,9.3,0,0,2,1,0,18,0
ISW-2020-00246,6.73,7.13,0.7508,0,0,6,42,7,1,87,4.4,7.5,0,2,2,0,1,25,1
ISW-2023-00247,7.76,7.75,0.8072,1,1,7,20,4,1,18,4.4,9.1,0,0,2,0,1,22,1
ISW-2023-00248,8.98,8.73,0.7236,1,0,5,13,3,0,17,6.5,9.0,0,0,0,0,1,23,0
ISW-2019-00249,8.24,8.03,0.9328,0,0,7,7,2,1,8,5.1,8.5,0,0,1,0,0,23,0
ISW-2019-00250,8.9,8.94,0.9544,0,0,6,14,3,0,7,5.8,10.0,1,3,0,0,1,27,0
ISW-2023-00251,8.69,8.19,0.8224,1,1,5,20,4,0,15,6.3,8.7,0,2,1,0,1,22,0
ISW-2020-00252,8.74,8.94,0.7512,1,1,7,41,7,0,39,5.7,10.0,0,3,0,1,1,20,1
ISW-2020-00253,8.6,8.71,0.8337,1,1,5,13,3,1,6,7.0,9.3,0,3,2,0,1,25,0
ISW-2019-00254,8.51,8.91,0.8957,2,1,6,5,2,0,7,7.4,10.0,1,0,0,0,0,19,0
ISW-2023-00255,10.0,9.76,0.8909,1,1,5,6,2,0,0,6.5,10.0,1,1,0,0,0,24,0
ISW-2020-00256,9.13,9.43,0.8723,0,0,7,28,5,1,11,8.3,10.0,1,0,0,0,0,21,0
ISW-2018-00257,8.37,8.15,0.8786,1,1,5,34,6,0,34,6.8,9.1,0,2,1,1,0,20,1
ISW-2025-00258,7.09,7.89,0.7651,0,0,7,0,1,0,0,5.0,8.8,0,0,0,0,0,23,0
ISW-2025-00259,7.39,7.44,0.7634,0,0,7,0,1,0,0,5.0,8.2,0,0,0,0,1,22,0
ISW-2022-00260,7.89,8.4,0.8096,2,1,5,19,4,0,11,6.8,9.5,0,3,0,1,0,20,0
ISW-2022-00261,7.49,7.39,0.7831,0,0,6,0,1,0,0,4.8,8.2,0,2,0,1,0,20,0
ISW-2019-00262,8.89,8.42,0.8425,1,1,5,34,6,0,25,5.3,9.5,0,3,2,0,0,22,0
ISW-2019-00263,7.49,7.68,0.8251,0,0,5,7,2,0,7,5.5,8.9,0,0,0,0,1,29,0
ISW-2025-00264,7.08,7.28,0.8321,0,0,5,0,1,0,0,5.7,7.6,1,0,0,1,1,21,0
ISW-2021-00265,9.53,9.79,0.8589,0,0,6,49,8,0,8,8.2,10.0,0,0,0,1,0,22,0
ISW-2024-00266,6.95,6.67,0.8614,0,0,7,0,1,0,0,5.8,7.4,0,0,0,1,1,23,0
ISW-2021-00267,7.02,7.29,0.8982,4,2,5,3,2,2,7,6.1,7.8,0,1,0,0,1,20,1
ISW-2022-00268,8.59,8.49,0.9033,0,0,5,0,1,0,0,5.5,9.0,1,0,0,1,1,25,0
ISW-2024-00269,8.21,8.54,0.8888,0,0,7,0,1,0,0,7.2,9.2,1,2,0,0,1,22,0
ISW-2019-00270,9.9,9.6,0.7211,0,0,5,0,1,0,0,8.8,10.0,0,0,0,0,1,22,0
ISW-2021-00271,9.52,9.12,0.8445,0,0,7,0,1,0,0,6.7,10.0,1,1,0,1,1,25,0
ISW-2025-00272,8.63,8.61,0.7993,0,0,7,0,1,0,0,5.7,9.2,1,2,1,1,0,22,0
ISW-2020-00273,9.84,9.67,0.9191,0,0,6,0,1,0,0,6.7,10.0,1,1,0,0,1,28,0
ISW-2023-00274,8.39,8.54,0.8662,0,0,5,21,4,1,5,5.3,8.9,1,0,1,0,0,23,0
ISW-2021-00275,8.89,8.84,0.8864,0,0,5,28,5,0,18,7.5,9.6,0,0,1,1,0,24,0
ISW-2018-00276,6.89,6.82,0.91,3,2,7,4,2,0,16,4.5,7.6,1,0,2,0,1,29,0
ISW-2020-00277,9.33,9.02,0.8561,0,0,7,7,2,1,1,7.5,10.0,0,1,0,0,1,28,0
ISW-2018-00278,9.2,9.27,0.8965,0,0,6,14,3,1,5,6.3,10.0,1,1,1,0,1,18,0
ISW-2022-00279,6.0,5.89,0.8686,4,2,7,38,7,2,76,3.7,6.5,0,0,2,0,1,23,1
ISW-2019-00280,9.15,9.57,0.8419,0,0,6,42,7,0,13,6.7,10.0,1,3,2,1,1,23,0
ISW-2025-00281,8.83,9.18,0.8378,0,0,6,0,1,0,0,7.9,10.0,1,1,2,0,0,17,0
ISW-2019-00282,9.84,9.73,0.8821,0,0,6,0,1,0,0,6.7,10.0,0,2,0,0,1,19,0
ISW-2018-00283,9.24,9.24,0.9073,2,1,6,5,2,0,2,8.3,9.5,1,0,2,1,0,19,0
ISW-2022-00284,7.67,7.68,0.7262,3,2,7,4,2,1,10,4.9,8.1,0,3,2,0,0,19,0
ISW-2022-00285,6.24,6.32,0.8722,6,2,5,15,4,2,39,3.7,6.8,0,0,0,0,0,23,1
ISW-2024-00286,8.9,8.91,0.8488,2,1,7,12,3,1,10,5.6,10.0,0,0,0,0,1,22,0
ISW-2023-00287,7.2,7.27,0.7585,0,0,6,0,1,0,0,5.9,8.5,1,2,2,1,1,24,0
ISW-2018-00288,9.53,9.14,0.9074,1,1,6,6,2,1,4,7.2,9.6,0,2,0,1,1,22,0
ISW-2025-00289,7.78,7.97,0.7647,3,3,7,11,3,0,16,6.1,9.7,0,1,1,1,0,20,0
ISW-2025-00290,8.23,8.22,0.9011,0,0,5,0,1,0,0,6.4,8.6,0,0,0,0,1,24,0
ISW-2020-00291,7.56,7.31,0.7768,3,1,7,32,6,0,66,6.3,7.8,0,0,1,1,1,23,1
ISW-2024-00292,7.71,7.71,0.7489,0,0,7,0,1,0,0,4.8,9.0,0,2,0,0,1,22,0
ISW-2018-00293,8.61,8.46,0.9164,1,1,6,48,8,1,33,7.3,10.0,1,2,1,0,0,25,0
ISW-2019-00294,8.27,8.04,0.9083,0,0,6,0,1,0,0,4.7,9.1,0,0,0,0,1,21,0
ISW-2024-00295,8.56,8.41,0.9132,0,0,5,35,6,0,23,5.6,10.0,1,0,2,0,1,21,0
ISW-2025-00296,6.99,7.49,0.8685,3,1,6,39,7,0,47,5.5,8.9,0,1,0,0,0,22,0
ISW-2022-00297,8.25,8.63,0.9186,0,0,7,56,9,0,31,7.5,10.0,1,1,0,0,0,22,1
ISW-2025-00298,8.62,8.26,0.9108,3,1,6,32,6,1,30,6.1,8.7,0,0,0,1,0,25,0
ISW-2020-00299,8.5,8.41,0.9785,0,0,6,35,6,0,33,7.0,9.9,0,1,0,1,0,21,0
ISW-2021-00300,8.17,7.66,0.9175,3,1,6,18,4,0,28,5.2,8.2,0,3,2,0,0,25,1
ISW-2022-00301,8.43,8.38,0.8752,1,0,6,34,6,0,26,5.4,10.0,0,0,0,1,1,22,0
ISW-2018-00302,7.76,7.57,0.8582,0,0,5,0,1,0,0,5.3,8.7,0,1,0,1,1,26,0
ISW-2024-00303,8.33,8.19,0.8803,2,1,7,12,3,1,7,6.8,8.7,1,1,2,0,1,19,0
ISW-2021-00304,9.38,9.22,0.8366,0,0,7,14,3,1,1,7.1,10.0,0,1,0,1,0,25,0
ISW-2018-00305,7.85,7.51,0.9625,3,3,5,39,7,0,55,6.4,9.3,0,2,0,1,0,25,0
ISW-2025-00306,7.24,7.2,0.8733,1,0,5,13,3,1,18,6.1,7.6,0,1,1,0,1,21,0
ISW-2019-00307,9.42,9.59,0.9809,0,0,7,7,2,0,0,6.1,9.9,1,1,0,0,1,19,0
ISW-2020-00308,9.15,9.28,0.8118,0,0,6,21,4,1,3,7.7,10.0,0,0,2,0,1,22,0
ISW-2022-00309,10.0,10.0,0.9019,0,0,5,7,2,0,2,6.8,10.0,0,1,1,1,1,24,0
ISW-2025-00310,7.52,7.72,0.8061,0,0,7,0,1,0,0,5.5,9.0,0,0,0,0,1,21,0
ISW-2025-00311,8.91,8.89,0.8042,1,1,5,13,3,1,7,7.8,10.0,0,0,1,0,1,20,0
ISW-2022-00312,8.67,8.91,0.8078,0,0,6,14,3,1,14,6.0,9.7,0,1,2,0,1,22,0
ISW-2020-00313,6.58,6.8,0.819,2,1,7,5,2,0,12,4.7,7.3,0,1,0,0,0,25,0
ISW-2019-00314,8.87,8.3,0.7555,4,2,7,3,2,2,10,6.1,10.0,0,3,1,0,0,18,1
ISW-2024-00315,6.73,6.43,0.7371,1,1,7,6,2,0,15,4.0,6.7,0,1,0,1,1,20,0
ISW-2025-00316,9.37,10.0,0.918,0,0,5,7,2,1,2,7.9,10.0,0,2,0,0,0,23,0
ISW-2024-00317,8.1,7.92,0.9204,1,1,6,6,2,0,4,4.9,8.5,0,0,1,1,0,20,0
ISW-2024-00318,7.52,7.68,0.9116,1,1,5,27,5,1,25,4.5,8.2,1,1,0,0,0,22,0
ISW-2023-00319,7.76,7.69,0.8775,4,4,5,3,2,2,9,6.8,8.5,0,3,0,0,1,30,0
ISW-2024-00320,7.83,8.13,0.9024,2,1,6,47,8,1,51,6.8,8.9,0,0,0,0,0,30,1
ISW-2023-00321,7.51,7.94,0.9088,1,1,6,48,8,1,36,6.1,9.5,0,2,1,0,1,24,0
ISW-2018-00322,7.39,7.28,0.6676,0,0,6,14,3,0,24,3.9,8.0,0,1,1,1,1,22,1
ISW-2023-00323,8.32,8.26,0.7564,1,1,5,6,2,1,9,4.8,9.4,1,0,0,1,1,26,0
ISW-2019-00324,8.22,8.02,0.9323,2,2,7,12,3,0,16,4.8,8.6,0,1,0,0,0,22,0
ISW-2023-00325,6.46,6.78,0.7504,4,2,5,31,6,1,60,5.9,7.4,0,0,2,1,1,23,1
ISW-2024-00326,8.83,8.82,0.7633,2,2,5,19,4,0,23,6.5,10.0,0,0,0,1,1,18,0
ISW-2018-00327,5.92,6.34,0.702,3,3,7,32,6,1,67,4.2,7.4,0,0,0,0,0,26,1
ISW-2021-00328,8.64,8.84,0.898,0,0,6,14,3,1,11,7.1,9.6,1,0,0,0,1,20,0
ISW-2023-00329,7.47,7.89,0.9038,1,1,5,20,4,0,20,4.9,8.4,0,0,1,1,0,26,0
ISW-2020-00330,8.3,8.52,0.9048,0,0,7,7,2,1,1,7.1,9.0,0,2,0,1,1,20,0
ISW-2019-00331,6.45,6.02,0.7483,3,2,6,25,5,0,56,3.0,7.7,1,0,2,0,1,21,1
ISW-2023-00332,8.87,9.13,0.8924,0,0,6,0,1,0,0,7.6,9.6,1,2,1,0,0,20,0
ISW-2019-00333,7.51,7.5,0.9045,0,0,5,28,5,1,34,4.8,8.8,0,1,0,0,1,20,0
ISW-2019-00334,7.5,7.94,0.8452,0,0,7,42,7,0,47,5.2,9.7,0,0,1,0,0,22,0
ISW-2020-00335,8.17,8.51,0.8804,0,0,5,0,1,0,0,7.5,9.0,0,0,0,0,1,26,0
ISW-2022-00336,8.18,8.29,0.7031,2,2,5,19,4,1,20,5.4,9.8,1,3,0,0,1,18,1
ISW-2022-00337,9.12,9.39,0.8948,0,0,5,0,1,0,0,8.1,10.0,0,1,1,0,0,22,0
ISW-2018-00338,7.7,8.17,0.7936,2,1,5,26,5,0,48,6.4,8.9,0,3,0,0,1,23,1
ISW-2022-00339,9.18,8.87,0.9705,0,0,5,0,1,0,0,5.4,10.0,1,0,2,0,1,22,0
ISW-2019-00340,8.72,8.87,0.8537,0,0,7,49,8,1,41,6.7,9.9,0,1,1,0,0,22,0
ISW-2018-00341,8.51,9.12,0.8447,0,0,5,0,1,0,0,7.5,10.0,0,2,0,0,1,24,0
ISW-2022-00342,8.0,8.39,0.8992,1,1,7,55,9,1,36,5.0,9.9,0,3,2,1,0,20,0
ISW-2018-00343,9.3,9.2,0.8809,0,0,7,35,6,0,14,7.7,9.6,1,0,0,1,0,19,0
ISW-2018-00344,7.76,7.37,0.8504,0,0,6,21,4,1,26,4.5,8.2,0,3,0,0,0,25,0
ISW-2023-00345,10.0,9.96,0.9238,0,0,7,35,6,0,8,7.4,10.0,0,0,0,1,0,24,0
ISW-2021-00346,5.9,5.97,0.8632,3,1,6,32,6,1,67,2.5,6.8,0,2,2,1,0,18,1
ISW-2022-00347,10.0,10.0,0.9643,0,0,6,49,8,1,9,8.8,10.0,1,1,0,0,0,19,0
ISW-2025-00348,8.72,8.61,0.833,1,0,6,6,2,0,6,6.5,10.0,1,1,0,1,1,22,0
ISW-2022-00349,8.75,8.9,0.9629,1,1,6,20,4,1,11,7.5,10.0,0,0,0,0,0,22,0
ISW-2023-00350,7.83,7.82,0.7979,0,0,6,0,1,0,0,6.6,9.4,0,2,0,0,1,19,0
ISW-2019-00351,8.77,9.3,0.8696,0,0,6,21,4,0,4,7.9,9.8,1,0,0,1,0,26,0
ISW-2025-00352,8.47,8.79,0.7252,0,0,6,0,1,0,0,7.1,9.9,1,1,1,0,0,19,0
ISW-2021-00353,6.74,6.63,0.7685,6,5,6,15,4,1,36,4.3,7.2,0,1,2,0,1,19,1
ISW-2020-00354,8.95,8.66,0.9323,1,1,6,20,4,0,14,6.0,9.5,0,1,1,0,0,20,0
ISW-2020-00355,8.82,8.68,0.9248,2,1,7,12,3,1,11,7.4,9.0,1,1,0,0,0,21,0
ISW-2020-00356,8.09,7.91,0.9715,4,2,5,10,3,1,22,4.6,9.6,1,1,0,0,1,24,0
ISW-2021-00357,7.56,7.72,0.7211,5,2,5,23,5,1,41,6.3,9.1,0,1,0,0,0,25,1
ISW-2018-00358,8.67,8.49,0.8309,1,1,5,34,6,0,25,7.4,9.7,0,1,0,1,0,25,0
ISW-2022-00359,7.52,7.78,0.8008,2,1,6,12,3,0,4,4.9,9.3,0,1,1,0,1,22,1
ISW-2022-00360,8.88,8.56,0.8944,0,0,5,21,4,0,11,5.6,10.0,1,1,0,1,0,22,0
ISW-2022-00361,7.04,7.08,0.785,1,0,5,48,8,1,92,4.4,8.1,0,2,2,0,1,22,1
ISW-2019-00362,7.95,8.25,0.8274,0,0,6,0,1,0,0,5.7,8.8,0,1,0,0,0,22,0
ISW-2023-00363,7.51,7.08,0.807,0,0,7,0,1,0,0,5.2,8.1,0,0,1,1,0,20,0
ISW-2023-00364,10.0,9.99,0.8838,0,0,7,0,1,0,0,8.2,10.0,1,1,2,0,0,18,0
ISW-2025-00365,6.47,6.84,0.931,1,1,5,20,4,0,32,6.0,8.5,1,0,1,0,0,27,0
ISW-2019-00366,7.33,7.2,0.8684,1,1,5,13,3,0,22,6.3,9.0,1,0,2,1,1,20,1
ISW-2019-00367,5.27,5.0,0.8124,4,2,5,31,6,2,66,3.1,6.6,0,2,2,0,1,22,1
ISW-2022-00368,6.08,5.89,0.8341,1,1,6,27,5,1,58,2.7,6.4,1,0,1,0,1,22,1
ISW-2021-00369,8.81,8.92,0.7963,4,3,5,3,2,1,5,5.7,9.9,1,1,0,1,0,22,0
ISW-2025-00370,9.49,9.68,0.901,1,1,7,41,7,0,5,8.4,10.0,0,3,0,0,1,21,0
ISW-2020-00371,8.1,8.22,0.7926,5,3,7,23,5,1,41,6.3,9.2,0,0,2,1,1,23,1
ISW-2020-00372,8.78,8.19,0.8128,0,0,5,7,2,1,4,6.6,9.4,1,0,0,0,0,27,0
ISW-2019-00373,7.59,7.69,0.8813,0,0,6,7,2,1,6,5.5,9.2,0,0,2,0,0,23,0
ISW-2024-00374,7.27,7.53,0.9259,1,1,7,6,2,0,5,5.3,8.1,0,0,0,0,0,24,0
ISW-2024-00375,7.64,7.6,0.8921,0,0,6,0,1,0,0,6.0,8.7,0,1,1,1,0,19,0
ISW-2022-00376,8.59,8.73,0.7696,0,0,6,0,1,0,0,6.0,9.3,0,2,0,0,0,27,0
ISW-2025-00377,7.85,8.16,0.9567,1,1,6,48,8,1,50,6.6,9.9,0,1,2,1,0,23,0
ISW-2019-00378,7.86,8.07,0.87,0,0,7,14,3,1,19,5.1,9.1,1,0,0,1,1,25,0
ISW-2019-00379,7.78,7.95,0.9496,2,2,7,5,2,1,7,5.3,8.4,0,1,0,0,0,22,0
ISW-2025-00380,7.43,8.11,0.8637,2,1,7,26,5,1,32,6.9,9.9,1,0,2,0,0,31,0
ISW-2024-00381,7.24,6.67,0.8387,2,1,7,19,4,1,36,3.4,8.4,0,1,0,0,1,23,1
ISW-2025-00382,8.54,8.0,0.8656,0,0,7,49,8,0,38,5.7,9.8,0,1,0,1,0,20,0
ISW-2019-00383,8.31,8.14,0.6239,2,2,6,33,6,0,55,5.0,8.8,1,0,2,0,0,19,1
ISW-2019-00384,8.21,8.47,0.8408,4,2,6,10,3,1,9,5.1,9.0,0,2,2,1,0,18,1
ISW-2022-00385,8.65,8.59,0.9355,1,1,7,6,2,0,5,6.8,9.2,0,2,0,0,1,24,0
ISW-2018-00386,8.61,8.22,0.9172,3,2,1,60,10,1,31,5.5,8.8,1,0,1,1,0,21,0
ISW-2024-00387,7.78,7.91,0.685,0,0,6,28,5,1,36,6.2,8.9,0,1,0,1,1,25,1
ISW-2025-00388,9.05,8.38,0.8497,1,1,6,55,9,0,43,6.5,8.8,0,1,0,0,1,26,0
ISW-2022-00389,6.71,6.17,0.699,0,0,6,0,1,0,0,3.8,7.2,0,0,1,0,1,21,0
ISW-2024-00390,7.5,7.72,0.8179,0,0,5,42,7,0,17,4.2,8.1,1,0,0,0,1,19,0
ISW-2022-00391,9.54,9.62,0.9006,2,1,7,19,4,0,13,7.3,10.0,0,1,0,0,1,28,0
ISW-2023-00392,7.92,7.64,0.6878,0,0,7,0,1,0,0,6.0,9.2,0,3,0,1,1,21,0
ISW-2020-00393,9.41,9.34,0.9222,0,0,6,21,4,1,5,6.6,9.8,1,1,2,0,0,25,0
ISW-2024-00394,8.73,8.71,0.8252,1,1,5,27,5,1,13,7.0,9.9,0,1,1,0,0,20,0
ISW-2020-00395,8.96,8.58,0.8873,0,0,7,0,1,0,0,7.7,9.6,0,1,0,1,0,19,0
ISW-2022-00396,7.32,7.29,0.8795,1,1,5,13,3,0,18,4.6,8.7,0,0,2,1,0,23,0
ISW-2019-00397,7.77,7.9,0.8069,0,0,6,35,6,0,26,4.5,9.4,0,0,2,0,0,22,0
ISW-2020-00398,8.45,8.45,0.9133,2,1,5,5,2,0,1,6.8,9.0,0,0,0,1,1,23,0
ISW-2018-00399,8.19,8.01,0.8108,3,1,7,11,3,1,14,5.4,8.8,0,3,2,0,0,20,1
ISW-2018-00400,8.86,9.02,0.8242,0,0,7,14,3,1,6,6.8,9.4,0,2,0,0,1,20,0
ISW-2023-00401,8.66,8.87,0.9595,2,2,7,5,2,1,4,6.1,9.9,0,3,0,0,0,28,0
ISW-2022-00402,9.68,9.35,0.9239,0,0,7,49,8,0,6,5.9,10.0,0,0,0,0,1,27,0
ISW-2021-00403,7.22,7.84,0.7632,2,1,5,33,6,1,47,5.2,8.6,0,1,0,0,0,22,0
ISW-2021-00404,8.93,8.91,0.927,0,0,7,0,1,0,0,6.4,10.0,0,1,1,0,1,19,0
ISW-2019-00405,7.97,8.04,0.8501,0,0,1,63,10,1,44,7.2,8.5,0,0,1,0,1,20,0
ISW-2023-00406,9.41,9.16,0.8353,0,0,5,42,7,1,16,7.4,10.0,1,0,2,1,0,22,0
ISW-2021-00407,9.06,9.0,0.8587,1,0,6,6,2,1,5,6.5,10.0,0,2,0,0,1,25,0
ISW-2020-00408,8.59,8.29,0.9173,2,2,7,33,6,1,17,5.9,9.6,0,1,0,1,1,22,0
ISW-2021-00409,7.62,7.99,0.859,0,0,7,0,1,0,0,5.4,9.6,0,1,0,1,1,23,0
ISW-2025-00410,9.94,10.0,0.9316,0,0,1,63,10,0,15,7.3,10.0,1,0,0,0,1,21,0
ISW-2021-00411,6.52,6.67,0.821,3,3,5,18,4,0,48,4.6,7.0,0,1,2,0,0,20,0
ISW-2020-00412,8.94,8.36,0.9326,0,0,7,21,4,1,13,7.1,8.8,1,0,1,0,1,26,0
ISW-2019-00413,7.6,8.18,0.7952,0,0,7,0,1,0,0,6.1,9.1,0,0,1,0,1,31,0
ISW-2018-00414,9.16,9.24,0.8218,0,0,5,42,7,0,23,7.8,10.0,0,1,1,1,1,27,0
ISW-2024-00415,8.42,8.55,0.8802,0,0,7,0,1,0,0,5.4,8.9,1,0,0,0,1,22,0
ISW-2025-00416,8.94,8.89,0.8171,0,0,6,7,2,0,4,7.5,10.0,0,3,0,1,1,24,0
ISW-2021-00417,9.8,9.37,0.8838,0,0,5,0,1,0,0,7.6,10.0,0,1,0,1,0,19,0
ISW-2019-00418,7.68,7.57,0.8296,0,0,6,35,6,0,53,4.5,9.2,1,0,2,1,1,21,0
ISW-2025-00419,7.75,7.77,0.8387,0,0,5,0,1,0,0,6.3,9.1,0,0,0,0,0,20,0
ISW-2025-00420,7.51,8.04,0.8722,1,1,5,48,8,0,28,4.9,8.4,0,1,0,1,1,23,0
ISW-2023-00421,9.72,9.3,0.8767,1,1,6,20,4,0,9,7.0,9.9,0,0,1,0,0,21,0
ISW-2020-00422,8.23,8.21,0.7946,0,0,6,0,1,0,0,7.0,8.8,0,0,0,0,1,22,0
ISW-2018-00423,7.63,7.75,0.7271,0,0,7,0,1,0,0,6.4,9.2,1,0,0,1,0,22,0
ISW-2020-00424,8.86,9.18,0.8577,0,0,6,0,1,0,0,8.1,10.0,0,0,0,0,0,18,0
ISW-2025-00425,6.76,6.44,0.9044,2,1,6,19,4,0,41,4.6,7.7,1,1,0,1,0,22,0
ISW-2025-00426,8.64,8.37,0.6557,2,1,5,33,6,0,49,7.5,9.3,0,1,0,0,0,19,0
ISW-2025-00427,6.96,6.81,0.8317,0,0,7,7,2,1,10,4.4,7.6,1,0,2,1,1,22,0
ISW-2023-00428,9.2,9.28,0.8387,0,0,7,35,6,0,8,6.8,10.0,1,2,1,1,0,25,0
ISW-2020-00429,8.02,7.87,0.8403,0,0,5,0,1,0,0,5.1,9.7,1,0,0,0,0,21,0
ISW-2021-00430,9.0,8.95,0.8449,0,0,5,35,6,1,15,6.5,10.0,0,1,1,0,0,23,0
ISW-2020-00431,7.37,7.18,0.8658,2,2,6,47,8,1,62,5.7,8.9,0,0,1,0,0,21,0
ISW-2024-00432,8.25,8.59,0.9242,0,0,7,35,6,0,27,5.9,9.5,0,1,1,1,0,19,0
ISW-2025-00433,8.68,8.41,0.8988,2,2,7,26,5,1,23,6.0,9.9,0,0,2,0,0,22,0
ISW-2021-00434,8.16,7.84,0.8456,2,1,5,33,6,1,33,5.8,8.7,0,1,2,1,1,20,1
ISW-2023-00435,8.18,8.01,0.8148,0,0,5,0,1,0,0,5.1,8.5,1,0,0,0,1,20,0
ISW-2025-00436,7.39,7.5,0.859,0,0,7,0,1,0,0,6.2,8.3,0,3,0,0,1,19,0
ISW-2024-00437,8.74,8.69,0.8332,0,0,6,0,1,0,0,7.8,9.4,1,0,0,1,0,23,0
ISW-2025-00438,9.37,8.85,0.8693,1,1,5,13,3,0,6,7.1,10.0,0,3,0,1,0,27,0
ISW-2024-00439,9.16,8.49,0.9076,0,0,7,28,5,0,16,7.3,9.5,1,3,2,0,0,28,0
ISW-2025-00440,8.7,9.08,0.834,1,0,5,20,4,1,7,7.9,10.0,0,0,1,0,1,20,0
ISW-2025-00441,6.3,6.38,0.9047,3,2,5,39,7,0,77,5.4,7.8,0,0,0,1,0,20,1
ISW-2023-00442,8.16,7.99,0.9078,0,0,6,0,1,0,0,6.7,9.4,1,0,2,1,0,24,0
ISW-2025-00443,8.72,8.78,0.9715,0,0,6,28,5,0,15,6.6,9.1,1,3,1,0,1,23,0
ISW-2022-00444,6.59,6.66,0.6158,0,0,5,0,1,0,0,4.8,7.4,1,1,0,0,0,23,0
ISW-2025-00445,6.81,6.63,0.9232,7,5,7,0,2,2,11,5.3,8.4,1,1,2,0,0,25,1
ISW-2022-00446,8.23,8.03,0.8269,1,0,7,27,5,0,15,4.5,9.4,0,0,0,0,1,25,0
ISW-2024-00447,8.66,8.4,0.9183,1,0,1,62,10,1,22,6.3,9.5,1,2,0,0,1,22,0
ISW-2022-00448,8.38,8.15,0.9333,2,1,5,19,4,0,15,5.6,8.5,0,0,0,0,0,22,0
ISW-2021-00449,8.02,8.12,0.9148,0,0,5,0,1,0,0,6.1,9.3,0,0,2,1,0,21,0
ISW-2024-00450,6.81,7.07,0.8143,4,2,6,17,4,2,23,5.9,8.6,0,0,0,0,0,20,1
ISW-2024-00451,8.61,8.47,0.8706,0,0,5,0,1,0,0,5.7,9.6,0,1,0,1,0,27,0
ISW-2022-00452,7.1,7.23,0.7452,1,0,7,41,7,1,78,6.0,9.0,0,2,1,0,0,23,0
ISW-2022-00453,8.41,8.19,0.9207,0,0,6,28,5,1,19,7.1,8.7,1,2,2,0,0,21,0
ISW-2018-00454,6.98,6.89,0.8556,0,0,7,0,1,0,0,6.0,7.3,0,0,0,0,0,22,0
ISW-2023-00455,6.81,6.5,0.7964,0,0,7,0,1,0,0,4.3,8.2,1,0,0,0,0,23,0
ISW-2020-00456,5.0,5.0,0.8078,0,0,6,0,1,0,0,1.5,5.3,0,2,2,1,1,21,0
ISW-2025-00457,8.36,8.51,0.7977,4,3,1,59,10,2,88,6.0,10.0,0,1,1,1,1,20,0
ISW-2019-00458,10.0,9.92,0.9705,0,0,5,14,3,0,4,9.0,10.0,0,0,0,1,0,19,0
ISW-2022-00459,9.58,9.41,0.8474,0,0,5,35,6,1,22,6.2,9.8,0,0,0,1,1,21,0
ISW-2021-00460,7.74,7.65,0.8519,2,2,6,19,4,0,19,6.3,9.2,0,1,0,1,1,20,0
ISW-2021-00461,9.11,8.68,0.8482,0,0,7,21,4,1,10,5.7,10.0,0,3,1,1,0,24,0
ISW-2018-00462,7.62,7.65,0.9374,0,0,7,0,1,0,0,6.2,8.3,0,1,1,0,1,22,0
ISW-2025-00463,8.22,8.32,0.7505,1,1,6,48,8,0,60,5.2,9.0,0,0,1,1,0,28,0
ISW-2025-00464,7.99,8.15,0.8428,2,1,6,5,2,1,11,5.0,9.1,1,1,0,0,1,25,0
ISW-2019-00465,8.04,8.14,0.8092,3,1,6,18,4,1,14,5.7,9.5,0,0,2,0,0,20,1
ISW-2019-00466,9.29,8.92,0.953,2,1,7,26,5,1,12,6.5,10.0,1,2,0,1,0,24,0
ISW-2022-00467,9.01,9.21,0.8557,1,0,6,20,4,0,7,7.8,10.0,1,0,2,1,1,25,1
ISW-2019-00468,8.59,8.39,0.7712,4,3,5,45,8,2,64,5.8,9.1,0,0,0,0,1,22,0
ISW-2024-00469,10.0,10.0,0.922,0,0,7,0,1,0,0,7.5,10.0,0,1,0,1,0,23,0
ISW-2024-00470,8.36,8.61,0.8542,1,1,6,13,3,0,7,7.2,10.0,0,0,0,0,1,21,0
ISW-2019-00471,8.69,8.44,0.952,4,2,7,10,3,1,10,5.8,9.2,0,0,0,1,1,20,0
ISW-2022-00472,6.26,6.65,0.8184,2,1,6,12,3,0,31,4.3,7.3,0,1,0,1,0,19,1
ISW-2023-00473,8.0,7.88,0.9527,0,0,5,0,1,0,0,7.1,9.5,1,2,1,0,0,20,0
ISW-2024-00474,5.82,6.16,0.7591,0,0,5,0,1,0,0,3.3,6.6,0,2,2,1,0,19,0
ISW-2021-00475,7.53,7.51,0.8813,0,0,5,7,2,1,4,5.3,8.2,0,0,0,1,1,20,0
ISW-2019-00476,9.51,9.25,0.8986,0,0,6,7,2,0,2,6.8,10.0,0,0,0,1,0,20,0
ISW-2018-00477,7.49,7.76,0.9313,0,0,7,14,3,1,13,4.6,8.4,0,1,0,1,0,20,0
ISW-2022-00478,9.73,9.48,0.902,0,0,5,21,4,1,13,8.3,10.0,0,0,2,1,0,18,0
ISW-2019-00479,8.96,8.4,0.9066,2,2,6,19,4,1,22,5.5,9.5,0,0,0,0,0,21,1
ISW-2020-00480,8.74,9.11,0.9427,1,1,7,13,3,0,5,7.6,10.0,1,2,0,1,0,20,1
ISW-2024-00481,7.93,8.35,0.9106,3,2,6,11,3,0,6,4.9,10.0,0,3,0,0,0,20,0
ISW-2018-00482,7.75,8.15,0.7521,0,0,6,0,1,0,0,4.8,9.4,0,0,0,0,0,25,0
ISW-2019-00483,9.07,9.11,0.8476,0,0,5,21,4,1,8,6.0,10.0,0,2,1,0,0,21,0
ISW-2024-00484,7.63,7.39,0.8037,0,0,7,7,2,0,7,4.4,8.3,0,1,0,0,0,24,0
ISW-2025-00485,9.23,9.1,0.8993,0,0,7,0,1,0,0,6.5,10.0,1,0,0,1,0,19,0
ISW-2021-00486,8.17,8.75,0.8198,3,3,5,11,3,1,8,7.3,10.0,1,1,2,1,0,23,0
ISW-2023-00487,8.12,8.19,0.8541,0,0,7,14,3,1,10,7.3,8.5,1,0,0,1,1,26,0
ISW-2022-00488,6.47,6.69,0.8153,4,1,7,3,2,1,12,4.7,7.2,0,0,1,0,0,18,1
ISW-2018-00489,7.36,7.78,0.8543,3,2,7,18,4,1,26,4.8,9.0,0,3,0,0,0,24,0
ISW-2021-00490,7.47,7.68,0.8542,3,1,6,18,4,0,25,4.9,8.3,1,1,2,0,1,21,0
ISW-2023-00491,8.9,8.94,0.9221,0,0,7,28,5,1,17,7.2,9.7,0,0,1,0,1,25,0
ISW-2024-00492,7.34,7.51,0.8063,3,2,5,18,4,0,21,4.0,8.2,0,1,0,0,1,24,0
ISW-2024-00493,7.1,7.27,0.7237,3,1,5,18,4,0,34,4.9,9.0,0,3,2,0,1,25,1
ISW-2024-00494,8.79,9.05,0.9774,1,1,6,6,2,1,5,5.7,9.8,0,0,0,1,0,25,0
ISW-2021-00495,7.39,7.25,0.8029,2,1,5,33,6,1,37,6.4,8.3,1,3,0,0,0,21,0
ISW-2019-00496,6.48,6.67,0.8033,4,3,5,10,3,2,26,3.9,7.0,0,2,1,1,0,22,1
ISW-2023-00497,8.76,8.9,0.8601,0,0,6,14,3,1,8,5.9,9.9,1,0,1,1,0,19,0
ISW-2021-00498,8.48,8.17,0.8032,0,0,5,21,4,1,26,5.1,9.3,0,1,0,1,1,22,1
ISW-2021-00499,7.72,7.58,0.8917,1,1,7,6,2,1,7,6.5,9.0,0,1,0,0,1,26,0
ISW-2022-00500,8.69,9.28,0.8527,0,0,7,14,3,0,2,7.7,10.0,0,2,0,0,1,26,0
ISW-2020-00501,8.39,8.42,0.7293,4,3,5,24,5,1,30,6.0,10.0,0,0,1,1,1,22,1
ISW-2025-00502,6.86,6.64,0.8545,4,2,5,38,7,1,77,4.3,7.9,0,0,2,0,1,29,0
ISW-2022-00503,7.31,7.08,0.8439,1,1,5,48,8,0,65,4.1,8.2,0,0,0,0,0,24,0
ISW-2021-00504,7.36,7.59,0.7706,2,1,5,12,3,1,20,5.1,8.1,0,1,2,1,1,20,1
ISW-2022-00505,7.56,7.67,0.8214,0,0,7,14,3,0,20,5.2,8.1,1,2,0,1,0,20,0
ISW-2020-00506,9.21,9.05,0.8193,1,1,5,34,6,0,21,7.8,10.0,0,2,1,1,0,26,0
ISW-2022-00507,7.41,7.56,0.8363,0,0,7,7,2,0,9,5.9,8.1,0,1,2,0,0,18,0
ISW-2022-00508,8.13,8.26,0.935,1,0,6,34,6,0,22,7.3,9.0,0,0,1,0,1,25,0
ISW-2018-00509,9.33,9.25,0.8287,1,1,6,13,3,1,5,8.1,10.0,1,0,0,1,1,23,0
ISW-2024-00510,7.88,7.55,0.8306,0,0,7,0,1,0,0,4.7,9.0,0,2,0,0,0,20,0
ISW-2025-00511,6.85,6.7,0.8097,0,0,5,0,1,0,0,3.9,8.1,0,1,0,0,1,31,0
ISW-2020-00512,7.51,7.38,0.9489,0,0,5,35,6,0,50,4.5,8.2,0,2,1,0,0,22,0
ISW-2023-00513,8.53,8.5,0.8193,0,0,7,0,1,0,0,6.9,10.0,0,0,2,0,1,21,0
ISW-2018-00514,8.29,8.83,0.7929,2,2,7,5,2,0,6,6.7,9.3,0,0,0,0,0,22,0
ISW-2018-00515,7.98,8.13,0.9123,1,1,5,6,2,0,3,5.8,9.0,0,3,0,1,0,23,0
ISW-2020-00516,8.62,8.73,0.8481,0,0,5,0,1,0,0,7.3,9.1,1,0,0,0,0,27,0
ISW-2022-00517,6.95,7.4,0.9354,3,1,6,4,2,0,9,5.7,9.1,0,0,1,0,1,19,0
ISW-2019-00518,8.81,8.77,0.8545,0,0,6,28,5,1,17,5.6,10.0,0,1,1,1,1,22,0
ISW-2022-00519,7.82,7.98,0.8594,0,0,6,0,1,0,0,7.1,9.6,0,1,0,1,0,23,0
ISW-2018-00520,8.26,9.04,0.8445,0,0,5,35,6,0,14,7.6,10.0,0,3,1,1,0,20,0
ISW-2023-00521,9.24,9.24,0.8821,0,0,5,42,7,0,29,7.0,9.9,0,3,0,1,0,23,0
ISW-2023-00522,8.19,7.99,0.8423,0,0,7,7,2,1,8,6.5,8.5,0,1,1,0,1,21,0
ISW-2024-00523,9.74,9.5,0.9635,0,0,6,0,1,0,0,6.8,10.0,0,0,0,0,0,20,0
ISW-2020-00524,7.81,7.93,0.8845,2,1,5,19,4,0,11,5.3,8.7,0,1,0,0,1,26,0
ISW-2024-00525,6.17,6.17,0.7157,0,0,7,0,1,0,0,5.2,6.8,0,2,1,0,0,25,0
ISW-2018-00526,8.23,8.59,0.8589,1,1,6,6,2,0,4,7.2,10.0,1,0,1,1,0,22,0
ISW-2019-00527,8.25,8.67,0.8865,0,0,7,56,9,0,23,6.5,9.6,0,3,0,1,1,20,0
ISW-2024-00528,8.35,8.18,0.9469,1,1,1,62,10,0,70,6.7,9.3,0,1,1,0,1,22,0
ISW-2025-00529,8.46,8.58,0.9195,0,0,7,35,6,0,17,7.5,9.2,1,0,0,0,0,18,0
ISW-2024-00530,9.1,8.81,0.789,0,0,6,7,2,1,9,7.7,9.9,1,1,0,1,0,26,0
ISW-2023-00531,7.73,7.98,0.9194,0,0,7,28,5,0,27,4.6,9.7,0,1,2,0,0,19,0
ISW-2019-00532,8.1,7.75,0.9451,1,1,6,27,5,1,23,5.1,8.7,1,0,2,0,0,21,0
ISW-2019-00533,8.99,9.38,0.8965,0,0,7,7,2,1,5,5.9,10.0,0,0,0,0,0,23,0
ISW-2025-00534,7.79,7.85,0.8608,0,0,5,21,4,0,14,5.8,9.5,0,1,2,0,1,28,0
ISW-2022-00535,9.38,9.41,0.8767,0,0,6,0,1,0,0,6.7,10.0,1,0,1,0,0,24,0
ISW-2020-00536,7.27,7.21,0.85,0,0,6,0,1,0,0,4.1,8.8,1,0,0,0,0,24,0
ISW-2022-00537,8.4,8.26,0.9502,2,1,6,12,3,1,13,6.7,9.6,0,1,0,0,0,26,0
ISW-2021-00538,8.65,8.63,0.892,0,0,5,0,1,0,0,7.6,9.5,0,2,0,0,0,22,0
ISW-2022-00539,6.34,6.82,0.9132,0,0,7,0,1,0,0,3.4,7.8,0,1,1,0,0,23,0
ISW-2025-00540,8.6,8.24,0.8509,0,0,6,35,6,1,23,7.0,9.5,0,3,2,0,1,22,1
ISW-2021-00541,10.0,10.0,0.8929,0,0,1,63,10,0,20,7.2,10.0,1,3,0,0,0,29,0
ISW-2019-00542,6.94,7.11,0.7938,1,0,5,20,4,0,43,4.3,8.7,0,1,0,0,1,24,1
ISW-2019-00543,8.35,8.51,0.8729,0,0,7,35,6,0,17,5.2,9.2,0,0,0,1,0,20,0
ISW-2025-00544,9.81,9.76,0.8731,0,0,1,63,10,1,13,8.5,10.0,0,2,0,1,0,28,0
ISW-2022-00545,8.33,7.61,0.7415,0,0,7,0,1,0,0,5.7,8.6,0,0,2,0,0,20,0
ISW-2023-00546,8.88,9.37,0.8831,2,1,5,12,3,0,3,6.9,10.0,0,2,0,0,1,19,0
ISW-2022-00547,8.13,8.2,0.8057,0,0,5,7,2,1,4,6.8,9.1,1,1,1,0,0,26,0
ISW-2019-00548,9.62,9.59,0.8911,0,0,6,0,1,0,0,6.2,10.0,0,0,0,0,1,24,0
ISW-2022-00549,7.59,8.34,0.7061,4,2,7,24,5,1,43,6.0,8.8,0,1,1,1,0,24,1
ISW-2022-00550,7.39,7.61,0.8696,3,2,6,11,3,1,14,5.2,8.5,0,1,1,1,1,23,0
ISW-2020-00551,9.41,9.26,0.9199,0,0,5,14,3,0,7,6.9,10.0,0,3,1,0,0,25,0
ISW-2024-00552,7.56,7.41,0.9341,0,0,5,0,1,0,0,5.9,8.5,0,0,0,0,0,24,0
ISW-2018-00553,8.65,8.6,0.8669,0,0,6,0,1,0,0,6.7,9.8,0,3,1,0,1,21,0
ISW-2018-00554,7.0,7.0,0.9396,4,3,6,38,7,1,67,4.9,7.9,0,0,1,0,0,26,1
ISW-2019-00555,8.12,7.73,0.8594,0,0,5,0,1,0,0,4.3,9.2,0,2,1,0,0,26,0
ISW-2022-00556,8.97,8.66,0.8052,2,1,6,5,2,0,4,6.0,9.7,1,3,1,0,1,21,0
ISW-2023-00557,6.44,6.97,0.595,2,1,5,5,2,0,12,3.7,8.3,0,0,2,0,1,25,0
ISW-2025-00558,7.95,8.24,0.8226,3,2,7,11,3,1,13,7.4,9.5,0,0,0,1,1,22,0
ISW-2025-00559,9.02,8.81,0.7831,2,1,7,19,4,0,26,6.6,10.0,0,2,0,1,0,25,0
ISW-2024-00560,6.84,6.3,0.7979,1,1,5,13,3,1,26,4.7,7.2,0,2,2,0,0,18,0
ISW-2023-00561,9.44,9.06,0.885,0,0,6,0,1,0,0,7.1,10.0,1,0,0,1,0,26,0
ISW-2018-00562,8.57,8.58,0.8742,1,1,7,6,2,1,3,5.3,9.2,0,1,2,1,0,20,0
ISW-2022-00563,8.53,8.86,0.8304,0,0,5,35,6,1,27,6.7,10.0,0,2,1,0,0,21,0
ISW-2023-00564,6.75,6.33,0.833,2,1,6,19,4,1,44,3.8,7.9,0,0,2,1,0,23,1
ISW-2021-00565,7.9,8.08,0.8092,2,1,7,19,4,1,25,5.6,9.0,1,1,1,1,0,22,1
ISW-2025-00566,7.33,7.19,0.9562,1,1,5,27,5,0,40,3.9,8.7,0,0,2,0,0,24,0
ISW-2023-00567,7.26,7.41,0.8995,0,0,5,28,5,1,35,6.6,7.8,0,0,1,0,0,20,0
ISW-2019-00568,7.29,7.23,0.8601,0,0,6,0,1,0,0,3.9,8.3,0,2,0,0,0,23,0
ISW-2025-00569,8.41,8.21,0.8462,4,3,5,3,2,2,4,7.3,8.7,0,0,0,1,0,22,0
ISW-2021-00570,9.39,9.5,0.951,0,0,6,14,3,1,10,6.7,9.8,1,3,0,1,0,25,0
ISW-2024-00571,8.58,8.73,0.6359,3,2,5,4,2,0,8,7.3,10.0,0,1,0,0,1,18,0
ISW-2022-00572,7.65,7.6,0.8116,1,0,5,34,6,0,23,6.5,9.1,0,1,2,0,0,22,0
ISW-2019-00573,9.08,9.07,0.7496,2,1,6,12,3,1,14,7.0,10.0,0,0,0,0,0,22,0
ISW-2019-00574,7.94,7.92,0.7245,1,1,6,27,5,1,42,6.7,8.6,1,0,1,1,1,20,0
ISW-2021-00575,6.75,7.09,0.7837,1,1,5,41,7,0,82,5.0,8.5,0,2,0,0,0,19,0
ISW-2025-00576,7.43,7.73,0.6743,2,1,6,12,3,1,22,4.6,8.9,0,1,0,0,0,23,1
ISW-2024-00577,8.51,8.23,0.807,3,1,5,39,7,1,38,5.8,8.9,1,2,2,0,1,20,1
ISW-2024-00578,8.78,8.92,0.7701,5,5,6,16,4,2,16,6.4,10.0,0,0,0,1,1,22,1
ISW-2019-00579,9.09,8.99,0.9118,1,1,5,41,7,0,25,5.9,10.0,1,0,1,0,1,23,0
ISW-2021-00580,8.76,8.59,0.8868,3,1,6,4,2,1,3,7.1,10.0,1,0,0,0,1,18,0
ISW-2020-00581,9.39,9.67,0.9035,0,0,7,14,3,0,1,6.2,10.0,0,2,0,0,1,30,0
ISW-2025-00582,9.15,9.22,0.8935,2,2,7,12,3,0,3,6.7,10.0,0,0,0,0,0,23,0
ISW-2019-00583,8.25,8.14,0.935,0,0,5,0,1,0,0,6.7,9.3,0,1,1,0,0,21,0
ISW-2025-00584,7.76,8.29,0.9502,0,0,6,7,2,0,7,5.7,9.1,1,1,0,0,0,22,0
ISW-2019-00585,7.84,7.9,0.821,1,1,5,48,8,0,32,6.2,9.2,1,0,2,1,0,20,0
ISW-2021-00586,6.89,6.99,0.9854,3,2,6,18,4,0,32,4.7,7.8,1,1,1,0,1,18,0
ISW-2018-00587,9.38,9.38,0.7651,0,0,6,0,1,0,0,6.0,10.0,0,1,0,0,0,20,0
ISW-2018-00588,7.95,8.29,0.8348,0,0,5,7,2,0,5,5.1,9.2,0,3,0,0,1,20,0
ISW-2018-00589,9.65,9.32,0.8306,0,0,5,0,1,0,0,8.3,9.7,0,0,0,0,0,20,0
ISW-2023-00590,8.34,8.14,0.8822,0,0,5,0,1,0,0,5.0,9.5,0,1,1,0,0,26,0
ISW-2025-00591,9.6,9.26,0.8762,1,1,5,48,8,1,12,5.8,10.0,0,0,0,0,1,18,0
ISW-2024-00592,8.35,8.31,0.9055,2,2,5,12,3,1,9,5.9,8.8,1,2,0,0,0,22,0
ISW-2024-00593,8.63,8.66,0.9029,1,0,7,6,2,1,1,5.3,10.0,0,1,0,0,0,27,0
ISW-2024-00594,9.13,9.35,0.8413,1,1,5,20,4,0,12,6.4,10.0,0,0,0,1,0,19,0
ISW-2020-00595,6.73,6.87,0.8239,0,0,7,0,1,0,0,3.4,8.3,0,2,1,0,0,23,0
ISW-2024-00596,8.44,8.74,0.9547,0,0,7,7,2,1,3,6.8,9.5,0,1,0,0,0,20,0
ISW-2023-00597,9.41,9.34,0.8446,0,0,7,28,5,1,6,6.9,10.0,1,0,0,1,1,21,0
ISW-2023-00598,9.04,9.39,0.8513,2,1,6,19,4,1,9,8.0,10.0,0,1,0,0,1,18,0
ISW-2025-00599,7.74,7.83,0.7879,2,2,1,61,10,0,85,6.6,9.3,0,0,1,1,1,24,0
ISW-2019-00600,8.58,9.32,0.8641,1,0,5,20,4,0,6,6.2,10.0,0,2,1,0,1,23,0
ISW-2024-00601,7.73,8.62,0.8661,0,0,6,14,3,1,5,6.0,9.5,0,1,0,0,1,23,0
ISW-2019-00602,8.41,8.23,0.9234,3,1,7,25,5,1,24,7.1,8.8,0,2,0,1,0,21,1
ISW-2023-00603,7.3,7.79,0.8653,0,0,5,42,7,1,28,5.7,8.1,1,2,1,0,1,22,0
ISW-2023-00604,8.72,8.91,0.8239,1,0,6,27,5,1,20,6.4,10.0,1,2,0,1,1,26,0
ISW-2023-00605,9.47,9.47,0.8509,0,0,7,56,9,1,17,8.4,9.9,0,0,1,0,0,27,0
ISW-2023-00606,8.5,8.31,0.8827,0,0,6,35,6,1,30,5.5,9.9,0,0,0,0,0,22,0
ISW-2020-00607,9.37,9.23,0.8706,1,1,5,41,7,0,22,6.7,9.8,0,0,0,0,1,19,0
ISW-2025-00608,6.07,5.93,0.8397,0,0,6,0,1,0,0,3.3,7.7,0,3,0,0,1,18,0
ISW-2022-00609,8.3,8.44,0.8159,0,0,5,28,5,1,23,5.3,8.9,0,3,0,0,1,20,0
ISW-2022-00610,6.12,6.32,0.8653,3,2,7,11,3,0,29,3.9,6.7,1,2,1,1,0,25,0
ISW-2024-00611,6.15,6.15,0.8253,3,3,6,18,4,1,42,4.6,6.9,0,0,0,0,1,28,1
ISW-2018-00612,8.85,8.59,0.8816,0,0,6,21,4,0,16,5.9,10.0,1,0,0,1,0,22,0
ISW-2020-00613,8.55,8.75,0.93,1,1,7,55,9,0,29,6.6,9.9,0,2,0,0,1,24,0
ISW-2019-00614,7.53,8.21,0.8489,1,1,1,62,10,1,62,5.8,9.7,0,0,0,0,1,25,0
ISW-2024-00615,8.46,8.59,0.9295,2,1,7,5,2,1,6,6.4,9.3,0,1,1,0,1,23,0
ISW-2021-00616,8.55,8.03,0.7871,0,0,6,28,5,0,33,5.4,9.6,0,0,1,0,1,20,0
ISW-2018-00617,7.5,7.97,0.9337,3,3,7,25,5,1,24,6.2,8.4,0,0,2,0,0,26,0
ISW-2023-00618,9.11,8.74,0.8245,1,1,5,6,2,1,2,6.5,9.1,1,1,0,1,1,19,1
ISW-2023-00619,7.15,7.97,0.8198,0,0,7,0,1,0,0,5.0,8.6,0,3,0,1,1,23,0
ISW-2025-00620,6.87,7.21,0.8463,0,0,7,0,1,0,0,5.9,7.8,0,2,0,0,0,30,0
ISW-2024-00621,7.78,7.55,0.8223,5,4,6,30,6,2,23,5.2,7.9,0,1,2,0,0,21,1
ISW-2022-00622,8.0,8.22,0.8562,1,0,7,13,3,1,6,5.5,9.2,0,0,0,0,1,24,0
ISW-2022-00623,9.01,8.98,0.8305,0,0,1,63,10,0,28,5.6,9.6,0,3,0,0,0,23,0
ISW-2021-00624,7.93,7.94,0.7937,2,2,5,12,3,0,25,4.8,8.4,0,1,1,1,0,24,1
ISW-2023-00625,8.1,7.58,0.6736,0,0,5,56,9,1,92,6.0,9.1,0,1,0,0,1,23,0
ISW-2021-00626,6.91,7.15,0.8595,1,0,6,13,3,1,19,5.6,8.6,0,1,0,0,0,24,0
ISW-2022-00627,9.43,8.97,0.9615,0,0,5,35,6,1,20,6.8,9.6,1,0,0,0,0,22,0
ISW-2021-00628,9.48,9.66,0.7892,0,0,5,0,1,0,0,6.8,10.0,1,0,1,1,1,23,1
ISW-2020-00629,8.05,8.03,0.898,0,0,5,21,4,1,18,5.9,8.5,0,2,1,1,0,24,0
ISW-2021-00630,7.49,7.59,0.8064,2,1,6,33,6,1,37,6.5,9.2,0,1,0,1,1,27,0
ISW-2022-00631,9.36,9.25,0.8892,0,0,6,49,8,0,10,8.0,10.0,0,0,1,0,0,24,0
ISW-2023-00632,6.25,6.56,0.74,5,4,7,30,6,1,75,5.2,7.1,0,0,0,0,1,21,0
ISW-2025-00633,7.51,7.6,0.8399,0,0,7,0,1,0,0,5.2,8.8,0,3,0,0,0,22,0
ISW-2022-00634,8.79,8.87,0.8462,1,1,5,6,2,0,2,7.0,9.6,0,1,2,1,1,23,0
ISW-2022-00635,8.62,8.18,0.7667,0,0,6,0,1,0,0,6.1,9.8,0,1,1,0,1,21,0
ISW-2021-00636,7.92,8.38,0.9418,0,0,6,0,1,0,0,6.6,9.6,0,0,2,1,1,19,0
ISW-2024-00637,8.87,9.32,0.8385,0,0,6,28,5,1,9,6.9,9.9,0,3,1,0,0,21,0
ISW-2023-00638,9.75,10.0,0.9415,0,0,7,28,5,0,2,8.2,10.0,1,2,0,0,0,21,0
ISW-2021-00639,8.37,8.42,0.8141,1,1,7,34,6,1,30,7.2,9.5,0,1,0,0,0,20,0
ISW-2019-00640,7.71,7.75,0.8843,0,0,6,42,7,1,40,5.0,9.4,0,0,0,0,0,21,0
ISW-2020-00641,7.62,7.91,0.7865,2,2,5,26,5,1,45,4.7,9.0,0,1,0,1,0,18,1
ISW-2018-00642,8.89,9.14,0.8742,0,0,7,35,6,1,11,7.1,9.8,1,2,0,1,1,21,0
ISW-2025-00643,8.57,8.55,0.8182,0,0,6,0,1,0,0,6.6,10.0,1,2,0,0,0,23,0
ISW-2023-00644,6.34,6.47,0.9046,3,3,7,4,2,1,16,3.4,6.9,0,3,0,0,0,21,1
ISW-2022-00645,8.22,8.07,0.8151,1,1,6,20,4,0,13,6.2,9.3,0,1,2,1,0,21,1
ISW-2024-00646,7.58,7.63,0.8597,1,1,6,41,7,0,26,4.4,8.4,0,0,0,0,1,29,0
ISW-2020-00647,8.13,8.37,0.8861,0,0,6,0,1,0,0,7.1,9.9,0,1,0,1,1,23,0
ISW-2023-00648,7.71,8.42,0.8807,1,1,7,13,3,0,7,7.0,9.3,0,2,1,1,0,22,0
ISW-2024-00649,9.9,9.69,0.8848,1,1,6,27,5,1,18,8.1,10.0,0,0,1,0,0,23,0
ISW-2018-00650,6.75,6.84,0.653,0,0,6,0,1,0,0,5.1,7.7,0,0,0,0,0,22,0
ISW-2018-00651,9.46,9.11,0.739,1,1,5,13,3,0,8,7.0,10.0,1,1,1,0,1,21,0
ISW-2019-00652,8.87,9.19,0.8687,1,1,5,41,7,1,10,7.2,9.8,0,0,1,0,1,21,0
ISW-2020-00653,8.89,9.24,0.8307,1,1,7,27,5,1,17,5.8,10.0,0,2,2,1,0,20,0
ISW-2024-00654,8.19,8.07,0.6912,2,2,6,5,2,0,12,5.5,9.1,0,0,0,0,0,26,1
ISW-2024-00655,7.34,7.33,0.7492,2,1,5,40,7,0,66,5.9,7.9,0,0,0,0,1,20,1
ISW-2019-00656,8.34,8.51,0.8659,0,0,7,7,2,1,5,7.3,10.0,0,0,1,0,1,24,0
ISW-2023-00657,6.51,6.51,0.8187,3,2,5,39,7,1,88,5.0,7.2,1,1,0,1,0,18,1
ISW-2019-00658,5.96,6.02,0.8054,4,2,6,3,2,2,14,3.7,6.9,1,2,1,0,0,21,0
ISW-2023-00659,6.99,6.91,0.7546,1,1,6,20,4,0,30,3.5,8.6,0,1,1,0,0,23,0
ISW-2024-00660,8.43,8.17,0.8222,0,0,7,7,2,1,2,6.0,10.0,1,1,1,1,1,24,0
ISW-2022-00661,7.65,7.84,0.8659,1,1,5,6,2,0,5,4.6,8.9,0,0,2,0,0,19,0
ISW-2024-00662,8.31,8.33,0.7271,0,0,7,42,7,0,58,5.4,9.0,0,1,1,0,1,21,0
ISW-2018-00663,7.22,6.63,0.8827,0,0,7,0,1,0,0,4.0,7.2,0,3,2,0,1,25,0
ISW-2018-00664,9.57,9.31,0.9238,0,0,5,0,1,0,0,7.3,10.0,0,2,1,0,1,19,0
ISW-2021-00665,8.47,8.35,0.8348,1,1,5,6,2,0,7,5.9,8.7,0,0,0,1,1,20,0
ISW-2018-00666,6.95,6.94,0.7657,2,2,5,26,5,1,60,5.0,8.2,0,1,1,1,0,20,0
ISW-2022-00667,8.67,8.14,0.8261,2,1,6,33,6,0,13,7.2,9.6,0,0,1,1,1,24,0
ISW-2022-00668,8.11,8.31,0.9172,1,1,1,62,10,1,35,6.3,8.7,1,0,2,1,1,23,0
ISW-2018-00669,8.41,8.39,0.8551,0,0,5,7,2,1,5,7.3,10.0,0,0,0,0,1,23,0
ISW-2025-00670,9.65,9.52,0.9554,2,2,7,12,3,0,4,8.2,10.0,1,0,0,0,0,19,0
ISW-2021-00671,6.26,6.67,0.7631,0,0,7,0,1,0,0,4.6,8.2,0,0,2,1,0,19,0
ISW-2025-00672,9.41,9.57,0.8761,0,0,5,21,4,0,2,7.9,10.0,1,2,0,0,1,27,0
ISW-2020-00673,9.02,8.17,0.8065,0,0,1,63,10,0,45,4.8,9.1,0,0,1,1,0,20,0
ISW-2021-00674,8.58,8.55,0.8618,1,1,5,27,5,1,14,6.5,9.9,0,2,0,0,1,18,0
ISW-2021-00675,9.89,9.83,0.9783,1,1,7,20,4,1,9,8.6,10.0,0,3,0,0,0,21,0
ISW-2019-00676,9.12,9.12,0.9176,0,0,5,7,2,0,3,7.2,9.9,1,1,0,1,0,24,0
ISW-2025-00677,6.03,6.56,0.7722,4,3,7,45,8,2,96,5.6,7.5,0,1,2,1,1,24,1
ISW-2023-00678,9.41,9.53,0.9336,0,0,5,14,3,0,13,6.2,10.0,0,2,0,0,1,26,0
ISW-2019-00679,9.83,9.76,0.8623,0,0,7,0,1,0,0,8.7,10.0,1,0,1,0,1,20,0
ISW-2023-00680,7.73,7.9,0.8566,0,0,7,7,2,1,8,6.7,8.4,0,0,1,0,0,24,0
ISW-2020-00681,7.57,7.45,0.9336,0,0,5,0,1,0,0,4.2,8.2,1,1,1,0,0,19,0
ISW-2020-00682,7.77,8.16,0.9819,0,0,6,0,1,0,0,7.1,9.8,0,2,0,1,0,19,0
ISW-2022-00683,7.09,6.95,0.74,0,0,7,0,1,0,0,3.8,8.2,0,2,0,0,1,23,0
ISW-2024-00684,8.62,8.27,0.8973,2,1,7,12,3,0,9,6.5,10.0,0,2,2,1,0,22,0
ISW-2020-00685,7.92,7.96,0.719,3,2,7,18,4,0,35,4.9,8.5,0,1,0,0,0,26,0
ISW-2021-00686,9.14,9.43,0.9241,0,0,7,7,2,1,3,7.7,10.0,0,1,0,0,0,19,0
ISW-2018-00687,7.83,7.92,0.8088,3,2,7,11,3,1,12,4.6,9.3,0,2,2,1,1,27,1
ISW-2024-00688,7.08,7.33,0.9024,1,1,5,55,9,0,70,4.0,9.0,0,2,0,0,1,24,0
ISW-2023-00689,8.3,8.78,0.8116,0,0,7,28,5,1,14,6.3,9.8,1,1,0,0,0,24,0
ISW-2021-00690,9.53,9.06,0.8011,1,1,6,13,3,0,6,8.2,9.4,1,3,2,0,1,19,0
ISW-2024-00691,8.15,8.51,0.9404,2,1,7,5,2,0,6,7.4,9.7,0,2,0,1,0,24,0
ISW-2018-00692,8.18,7.68,0.8522,2,1,7,40,7,1,38,4.5,8.5,0,1,0,0,0,26,1
ISW-2022-00693,8.92,8.68,0.8982,0,0,5,7,2,1,4,6.3,9.3,0,0,0,0,0,21,0
ISW-2019-00694,9.28,8.84,0.8703,0,0,5,7,2,0,7,5.7,9.3,1,0,1,1,1,27,0
ISW-2018-00695,7.62,7.72,0.7189,2,1,6,40,7,0,66,5.8,8.2,1,2,2,1,0,19,0
ISW-2023-00696,7.11,7.36,0.8428,3,2,5,11,3,1,16,5.1,9.1,0,0,1,0,0,19,1
ISW-2020-00697,8.79,9.02,0.837,0,0,7,28,5,1,14,7.0,10.0,0,1,2,0,1,20,0
ISW-2024-00698,8.59,8.5,0.6505,2,1,5,19,4,1,24,6.2,10.0,1,1,0,0,1,19,1
ISW-2019-00699,8.24,8.36,0.8993,1,0,6,20,4,1,14,6.3,8.7,1,2,1,1,1,26,0
ISW-2025-00700,7.29,7.48,0.8778,2,1,5,5,2,0,7,4.5,8.9,0,2,0,1,1,19,0
ISW-2020-00701,8.9,8.54,0.859,0,0,6,7,2,1,5,6.7,9.0,1,2,2,1,1,20,0
ISW-2019-00702,6.48,6.41,0.9386,3,2,7,4,2,1,14,3.6,7.2,0,0,2,1,0,19,1
ISW-2020-00703,9.25,8.61,0.8322,0,0,6,0,1,0,0,5.6,10.0,0,0,0,0,1,26,0
ISW-2018-00704,8.36,8.57,0.9022,1,0,5,41,7,0,34,6.5,9.2,1,1,2,0,0,24,0
ISW-2024-00705,7.49,7.74,0.9572,2,2,6,5,2,1,5,4.6,9.4,0,0,1,1,0,20,0
ISW-2025-00706,8.51,8.87,0.9348,0,0,5,21,4,0,9,6.9,9.3,0,1,0,1,1,20,0
ISW-2020-00707,9.68,9.68,0.898,0,0,6,35,6,1,8,6.4,10.0,1,3,1,1,0,26,0
ISW-2024-00708,6.64,6.32,0.7072,3,1,6,32,6,1,71,5.5,7.0,1,1,2,0,0,22,0
ISW-2024-00709,9.35,9.07,0.9177,1,1,5,13,3,1,5,7.1,10.0,0,1,0,1,0,20,0
ISW-2019-00710,7.39,6.88,0.8313,4,3,7,10,3,2,21,3.8,7.4,0,1,0,1,1,27,1
ISW-2025-00711,7.78,7.44,0.7134,6,4,1,57,10,2,126,5.7,8.8,1,2,2,1,1,18,1
ISW-2022-00712,7.33,7.42,0.8276,2,2,5,26,5,1,28,5.3,8.0,0,0,0,0,0,19,1
ISW-2018-00713,9.35,9.23,0.9106,0,0,5,35,6,1,15,8.2,9.7,1,1,0,0,0,20,0
ISW-2023-00714,7.74,7.38,0.8105,0,0,5,42,7,1,60,5.9,8.8,0,0,1,1,1,20,0
ISW-2020-00715,6.35,6.55,0.7442,4,3,5,31,6,2,60,3.6,8.2,0,1,1,1,1,20,1
ISW-2024-00716,8.5,8.79,0.8701,0,0,7,0,1,0,0,8.0,10.0,0,0,0,0,0,21,0
ISW-2023-00717,8.79,8.7,0.9688,2,1,5,19,4,1,14,7.5,9.4,1,1,0,0,0,26,0
ISW-2021-00718,9.76,9.8,0.9258,0,0,7,0,1,0,0,8.4,10.0,1,2,2,1,1,22,0
ISW-2019-00719,9.15,8.98,0.8376,2,1,7,19,4,1,12,6.1,9.6,0,0,0,1,0,19,0
ISW-2020-00720,6.45,6.71,0.7318,3,1,5,53,9,0,102,4.4,7.3,0,1,1,0,1,22,1
ISW-2023-00721,6.68,6.64,0.6127,6,4,7,8,3,2,26,5.8,7.4,1,0,2,0,0,19,0
ISW-2025-00722,9.02,9.14,0.8364,2,2,6,12,3,0,5,6.2,10.0,0,0,0,0,1,20,0
ISW-2022-00723,8.08,8.18,0.87,0,0,6,0,1,0,0,5.8,9.2,0,0,2,0,1,27,0
ISW-2022-00724,8.63,8.62,0.7598,3,1,6,53,9,1,56,5.2,9.5,1,0,1,0,1,23,0
ISW-2025-00725,7.94,8.51,0.9156,0,0,6,0,1,0,0,7.2,9.4,1,3,2,0,1,26,0
ISW-2025-00726,7.67,7.83,0.9162,0,0,5,0,1,0,0,4.4,9.4,1,3,0,0,0,22,0
ISW-2024-00727,6.82,6.96,1.0,2,2,5,5,2,1,11,4.8,8.7,0,1,0,0,0,18,0
ISW-2024-00728,7.23,7.17,0.8398,0,0,6,0,1,0,0,5.1,7.9,0,1,1,0,0,19,0
ISW-2018-00729,7.93,8.21,0.7631,4,4,6,10,3,2,22,6.6,9.2,1,2,2,1,1,26,1
ISW-2025-00730,7.82,7.79,0.8674,4,2,6,10,3,1,10,5.2,9.1,0,2,2,0,1,25,1
ISW-2018-00731,9.19,9.56,0.8923,0,0,5,7,2,0,5,7.0,10.0,0,1,0,1,0,24,0
ISW-2021-00732,9.13,9.21,0.9132,0,0,5,0,1,0,0,6.6,10.0,1,0,0,0,1,25,0
ISW-2025-00733,7.88,8.58,0.828,0,0,5,0,1,0,0,7.3,10.0,0,1,0,1,0,23,0
ISW-2024-00734,9.19,9.02,0.8689,0,0,5,7,2,1,2,7.0,10.0,1,3,1,1,0,22,0
ISW-2018-00735,7.7,8.23,0.8626,0,0,6,0,1,0,0,5.6,8.7,0,0,2,0,0,22,0
ISW-2024-00736,7.79,7.98,0.8286,3,2,7,25,5,0,27,6.6,9.2,1,1,1,1,1,19,0
ISW-2024-00737,7.35,7.44,0.9541,0,0,5,0,1,0,0,4.6,8.5,0,0,0,1,0,23,0
ISW-2021-00738,8.78,8.63,0.9485,1,1,6,6,2,0,4,7.4,10.0,0,0,2,0,0,20,0
ISW-2020-00739,8.16,8.14,0.9379,0,0,6,7,2,1,9,6.6,9.7,1,1,0,1,1,18,0
ISW-2020-00740,7.54,7.55,0.859,1,1,5,13,3,1,16,6.6,8.0,0,0,0,0,0,21,0
ISW-2025-00741,8.85,8.59,0.8728,0,0,5,0,1,0,0,6.4,9.2,1,3,1,0,0,23,0
ISW-2024-00742,9.0,9.3,0.9397,0,0,5,0,1,0,0,8.2,10.0,0,2,0,1,0,22,0
ISW-2024-00743,8.81,8.78,0.8772,0,0,7,42,7,1,38,5.6,9.1,1,0,1,0,0,28,0
ISW-2022-00744,8.7,8.94,0.9439,0,0,7,0,1,0,0,6.8,9.5,1,2,1,0,0,24,0
ISW-2018-00745,6.58,7.51,0.7869,3,2,6,11,3,1,21,6.6,8.6,0,2,0,0,0,25,1
ISW-2022-00746,9.06,8.62,0.6993,2,1,5,12,3,0,15,5.4,9.3,0,1,0,1,1,27,0
ISW-2022-00747,7.28,7.56,0.8171,1,0,6,6,2,1,10,4.2,8.3,0,1,0,0,1,20,0
ISW-2021-00748,6.56,6.86,0.8003,2,1,7,12,3,0,23,5.3,7.6,1,2,1,0,1,26,0
ISW-2022-00749,9.04,9.12,0.9508,0,0,5,35,6,1,18,8.0,9.5,1,0,0,1,0,20,0
ISW-2020-00750,7.51,7.94,0.9246,1,1,7,34,6,1,30,5.7,8.8,1,0,0,1,0,20,0
ISW-2019-00751,8.01,8.47,0.7424,4,3,7,3,2,2,9,7.1,8.8,0,0,0,0,0,23,1
ISW-2020-00752,8.2,8.62,0.9242,0,0,7,7,2,1,6,5.3,10.0,0,0,1,1,0,22,0
ISW-2022-00753,8.2,8.35,0.829,2,1,5,5,2,0,9,7.3,9.2,1,1,0,0,1,27,0
ISW-2025-00754,6.98,7.43,0.8636,4,2,6,10,3,1,12,4.2,8.3,1,0,0,0,0,21,1
ISW-2024-00755,8.79,8.53,0.8457,2,1,6,26,5,0,21,5.1,9.1,0,1,0,0,1,20,0
ISW-2019-00756,6.81,7.12,0.854,2,1,5,5,2,0,14,4.3,8.9,0,1,0,0,1,21,0
ISW-2022-00757,8.61,8.6,0.888,1,1,6,6,2,0,4,6.2,10.0,0,2,0,1,0,18,0
ISW-2022-00758,6.7,6.62,0.8949,1,0,6,48,8,0,85,5.6,7.1,0,1,0,0,1,18,0
ISW-2018-00759,9.27,9.06,0.7676,0,0,7,0,1,0,0,6.5,10.0,0,3,1,0,0,22,0
ISW-2020-00760,7.7,7.73,0.9244,0,0,5,14,3,0,11,4.8,8.8,0,3,0,0,1,28,0
ISW-2021-00761,7.11,7.11,0.7161,2,2,7,26,5,0,52,4.6,7.8,0,0,0,0,1,19,1
ISW-2025-00762,8.58,8.99,0.7874,0,0,5,0,1,0,0,5.7,9.5,1,1,2,1,0,22,0
ISW-2018-00763,9.0,8.7,0.8892,0,0,5,0,1,0,0,5.6,10.0,1,0,0,0,0,27,0
ISW-2018-00764,9.55,9.59,0.7715,0,0,7,0,1,0,0,8.6,10.0,1,2,0,1,0,20,0
ISW-2018-00765,8.76,9.0,0.965,0,0,7,49,8,1,18,7.5,9.5,0,1,0,0,1,20,0
ISW-2025-00766,9.49,8.77,0.8389,0,0,5,0,1,0,0,6.7,10.0,0,0,0,1,0,24,0
ISW-2020-00767,8.12,7.92,0.8921,0,0,5,0,1,0,0,5.3,9.7,0,0,0,1,1,23,0
ISW-2021-00768,7.64,7.35,0.8848,0,0,5,0,1,0,0,4.6,8.7,0,0,2,0,0,20,0
ISW-2021-00769,8.88,9.16,0.7892,0,0,7,0,1,0,0,7.3,10.0,0,2,0,0,1,22,0
ISW-2024-00770,7.79,7.59,0.7788,2,1,6,19,4,1,30,5.5,8.2,1,2,1,1,0,24,0
ISW-2018-00771,5.46,5.5,0.8942,4,3,7,3,2,1,14,2.8,6.7,1,0,2,0,1,26,1
ISW-2019-00772,7.51,8.07,0.8446,1,1,7,20,4,0,15,5.4,9.0,1,0,0,0,1,20,0
ISW-2025-00773,6.92,7.05,0.9269,1,1,5,20,4,1,28,4.6,8.3,0,0,1,1,0,20,0
ISW-2022-00774,7.66,7.87,0.8855,1,1,6,34,6,0,34,6.5,9.4,0,1,0,1,0,24,0
ISW-2022-00775,7.45,7.53,0.8289,0,0,5,0,1,0,0,6.4,8.3,0,0,0,1,1,27,0
ISW-2019-00776,7.14,7.22,0.8714,2,1,6,40,7,0,47,5.0,8.6,0,0,2,1,1,24,1
ISW-2023-00777,7.96,8.12,0.8096,0,0,7,21,4,1,17,6.3,9.5,1,2,0,0,1,23,0
ISW-2023-00778,7.24,7.74,0.8692,0,0,6,0,1,0,0,5.1,8.4,0,1,2,1,0,18,0
ISW-2019-00779,9.05,8.93,0.9245,2,2,7,33,6,1,23,6.6,10.0,1,1,1,0,1,20,0
ISW-2020-00780,8.58,8.57,0.8703,0,0,6,42,7,1,21,7.1,9.1,0,1,0,1,1,20,0
ISW-2023-00781,9.06,8.82,0.6678,2,2,5,5,2,0,6,5.5,10.0,1,1,0,1,1,22,0
ISW-2024-00782,8.72,9.27,0.843,1,1,5,48,8,1,28,7.5,10.0,1,1,1,0,0,26,0
ISW-2020-00783,9.78,9.5,0.9837,0,0,6,14,3,0,9,6.7,10.0,0,0,0,1,0,24,0
ISW-2025-00784,8.35,8.09,0.8578,1,0,6,20,4,0,25,5.5,9.9,1,0,0,0,1,26,0
ISW-2020-00785,7.48,7.83,0.8838,2,2,1,61,10,0,60,5.0,8.3,0,3,0,0,1,26,0
ISW-2025-00786,8.32,8.24,0.7712,0,0,5,7,2,0,8,6.8,9.9,1,2,0,0,1,27,0
ISW-2021-00787,8.76,8.58,0.7453,2,1,7,33,6,1,51,5.7,9.2,1,1,2,0,1,19,0
ISW-2018-00788,8.85,8.89,0.8468,1,0,7,6,2,0,4,6.3,10.0,1,0,0,0,0,21,0
ISW-2021-00789,8.57,8.3,0.9446,2,1,6,33,6,1,25,7.2,9.1,1,0,0,1,1,22,0
ISW-2023-00790,8.32,7.77,0.8417,0,0,7,21,4,1,18,5.7,8.4,0,0,1,0,1,21,0
ISW-2022-00791,8.29,8.18,0.802,0,0,5,0,1,0,0,7.3,9.3,1,3,1,1,1,23,0
ISW-2023-00792,8.09,8.24,0.7559,2,2,6,12,3,0,17,7.4,9.6,0,2,2,0,1,23,1
ISW-2023-00793,6.0,6.03,0.741,4,2,7,3,2,2,16,5.1,6.5,0,1,2,1,0,22,0
ISW-2025-00794,7.66,7.35,0.8506,0,0,7,0,1,0,0,5.3,8.3,0,3,0,1,0,20,0
ISW-2018-00795,9.0,9.03,0.9035,0,0,5,0,1,0,0,7.4,10.0,1,0,0,0,1,19,1
ISW-2020-00796,6.22,6.24,0.7274,2,1,7,5,2,0,15,5.0,7.2,0,1,1,0,1,20,1
ISW-2024-00797,8.19,8.37,0.9266,0,0,6,0,1,0,0,5.0,9.1,0,0,0,1,0,20,0
ISW-2020-00798,8.8,8.76,0.9064,0,0,6,0,1,0,0,6.2,10.0,1,0,1,0,1,21,0
ISW-2025-00799,7.39,6.86,0.882,2,1,7,26,5,0,33,6.0,8.3,0,3,0,0,0,21,0
ISW-2023-00800,8.51,8.47,0.8597,0,0,7,28,5,1,22,6.5,10.0,0,2,2,0,0,22,0
ISW-2024-00801,7.43,7.16,0.9039,4,2,6,24,5,2,39,4.8,8.8,0,0,1,0,1,20,1
ISW-2019-00802,9.3,9.56,0.9328,1,0,7,6,2,1,1,7.3,10.0,0,0,1,1,1,22,0
ISW-2022-00803,7.55,6.98,0.8425,4,2,5,38,7,2,71,4.2,8.1,1,1,0,1,1,23,1
ISW-2019-00804,7.47,7.55,0.8224,1,1,7,20,4,1,22,6.6,7.9,0,0,2,1,1,21,1
ISW-2021-00805,7.28,7.16,0.7184,0,0,6,0,1,0,0,5.5,8.0,0,1,1,0,0,22,0
ISW-2025-00806,6.84,6.62,0.8598,0,0,6,0,1,0,0,5.3,8.0,1,1,2,1,0,25,0
ISW-2023-00807,9.33,9.47,0.8775,2,1,7,26,5,0,21,6.1,10.0,1,0,2,0,1,25,1
ISW-2022-00808,9.09,8.3,0.9223,0,0,7,0,1,0,0,5.8,9.1,1,0,0,1,0,23,0
ISW-2021-00809,6.59,6.7,0.8081,6,4,7,8,3,1,25,5.0,7.8,0,0,0,0,1,23,1
ISW-2024-00810,9.4,9.38,0.878,0,0,1,63,10,0,16,6.1,9.9,1,3,0,0,0,20,0
ISW-2018-00811,7.53,7.93,0.8404,0,0,5,0,1,0,0,5.0,9.3,0,0,1,1,0,23,0
ISW-2023-00812,8.77,8.62,0.9105,0,0,7,0,1,0,0,6.0,10.0,0,1,1,1,0,21,0
ISW-2025-00813,7.99,8.04,0.9063,1,1,1,62,10,0,43,5.5,9.5,0,0,0,0,1,22,0
ISW-2019-00814,8.81,8.98,0.8632,0,0,6,21,4,1,10,7.5,9.7,1,1,2,0,1,30,0
ISW-2020-00815,8.26,8.11,0.8334,0,0,7,0,1,0,0,5.9,9.7,0,0,0,0,0,25,0
ISW-2023-00816,9.95,9.6,0.861,1,1,7,41,7,0,24,6.5,10.0,1,0,1,1,0,27,0
ISW-2020-00817,8.2,8.54,0.9025,0,0,6,42,7,1,28,7.3,9.6,0,1,0,1,0,26,0
ISW-2021-00818,8.95,9.11,0.9294,0,0,5,14,3,0,6,6.4,9.9,0,1,0,1,1,23,0
ISW-2025-00819,8.14,8.42,0.7994,0,0,5,21,4,0,28,6.5,9.2,0,0,0,1,0,25,0
ISW-2022-00820,6.43,6.85,0.7907,6,4,6,1,2,2,12,4.9,7.4,0,0,1,1,1,20,1
ISW-2022-00821,8.79,8.13,0.7969,0,0,5,0,1,0,0,4.8,9.4,0,3,1,0,1,23,0
ISW-2025-00822,7.78,7.56,0.8533,0,0,6,21,4,1,24,5.6,8.3,1,0,0,0,0,22,0
ISW-2023-00823,8.17,8.72,0.8589,2,2,5,5,2,0,1,5.7,10.0,1,0,0,1,1,19,0
ISW-2018-00824,7.62,7.49,0.8676,1,1,6,20,4,1,35,4.8,8.3,0,0,1,0,1,25,0
ISW-2025-00825,8.87,9.39,0.7266,2,2,7,33,6,1,30,8.5,10.0,0,0,0,0,0,28,1
ISW-2022-00826,9.38,9.7,0.8235,0,0,5,0,1,0,0,7.7,10.0,0,1,1,0,0,21,0
ISW-2019-00827,8.79,8.75,0.7811,1,1,7,20,4,1,26,7.8,9.3,0,1,0,1,0,21,1
ISW-2024-00828,8.32,8.1,0.8975,2,1,7,5,2,0,7,5.4,9.8,0,1,2,1,1,24,0
ISW-2021-00829,9.73,9.48,0.8371,2,1,6,40,7,1,17,8.1,10.0,0,1,1,0,1,27,0
ISW-2024-00830,9.21,9.07,0.8894,1,1,6,6,2,1,1,6.3,9.9,1,0,0,1,1,19,0
ISW-2024-00831,8.96,8.79,0.9509,0,0,7,21,4,0,17,6.9,9.9,0,2,1,0,1,20,0
ISW-2020-00832,7.06,6.91,0.8709,1,1,7,20,4,0,30,5.6,8.5,0,0,0,0,1,24,0
ISW-2024-00833,8.68,8.4,0.8775,0,0,6,7,2,0,6,5.9,8.8,0,0,2,0,0,20,0
ISW-2020-00834,8.47,8.55,0.7911,4,2,6,24,5,1,29,7.2,10.0,0,1,1,0,0,21,1
ISW-2021-00835,9.65,9.88,0.9192,0,0,7,28,5,1,9,8.1,10.0,0,0,0,0,1,19,0
ISW-2020-00836,8.0,7.87,0.8334,1,0,5,20,4,1,29,5.2,9.5,0,0,1,1,1,24,1
ISW-2025-00837,9.09,8.58,0.8916,0,0,7,28,5,1,13,5.6,9.9,1,0,0,1,0,21,1
ISW-2020-00838,9.02,9.14,0.8982,1,1,1,62,10,0,29,8.3,10.0,0,1,2,0,0,22,0
ISW-2018-00839,7.47,7.46,0.8124,0,0,5,14,3,0,11,5.6,8.3,0,0,2,1,0,21,0
ISW-2021-00840,7.98,7.73,0.8278,4,2,6,10,3,2,15,6.4,9.2,0,1,1,1,0,21,1
ISW-2023-00841,8.04,7.73,0.6711,0,0,5,0,1,0,0,4.9,8.2,0,2,0,0,1,25,0
ISW-2018-00842,9.03,8.68,0.8659,0,0,6,35,6,0,23,6.1,9.7,0,1,1,0,1,24,0
ISW-2022-00843,7.94,8.02,0.6574,3,2,6,11,3,0,21,5.0,9.5,0,0,0,0,1,19,1
ISW-2021-00844,7.22,6.87,0.793,2,1,6,12,3,0,27,4.2,7.4,0,2,0,1,0,25,1
ISW-2025-00845,9.05,8.68,0.8729,0,0,5,0,1,0,0,5.9,10.0,0,0,2,0,1,18,0
ISW-2021-00846,7.54,7.74,0.8139,2,1,7,40,7,1,38,5.8,8.3,1,3,0,1,0,24,0
ISW-2019-00847,8.97,9.15,0.7864,0,0,6,7,2,0,6,8.1,9.6,1,1,0,1,0,21,0
ISW-2020-00848,9.09,8.48,0.7305,1,1,6,27,5,1,32,7.0,9.8,0,0,0,0,1,19,1
ISW-2019-00849,9.97,9.58,0.823,0,0,5,0,1,0,0,7.7,10.0,0,2,2,0,1,21,0
ISW-2024-00850,8.64,8.85,0.819,0,0,7,56,9,0,26,5.6,10.0,1,1,2,0,1,21,0
ISW-2022-00851,9.9,10.0,0.8454,0,0,7,0,1,0,0,6.7,10.0,1,1,0,0,0,21,0
ISW-2020-00852,8.36,8.66,0.8738,0,0,5,0,1,0,0,6.5,9.6,1,0,0,1,0,23,0
ISW-2021-00853,6.29,6.78,0.8637,2,1,5,40,7,0,57,5.4,7.4,0,1,2,1,1,20,0
ISW-2020-00854,7.81,8.04,0.7513,0,0,6,49,8,0,65,5.9,8.4,0,1,0,0,1,22,0
ISW-2022-00855,7.98,7.9,0.7118,0,0,6,0,1,0,0,5.5,9.2,0,2,2,1,0,23,0
ISW-2023-00856,9.32,8.93,0.9003,0,0,5,14,3,0,7,6.2,9.2,1,0,2,0,0,19,0
ISW-2019-00857,6.47,7.25,0.7048,8,6,5,20,5,1,53,4.0,8.0,0,1,1,0,0,27,1
ISW-2019-00858,8.17,8.26,0.8976,0,0,7,42,7,0,35,5.0,8.8,0,1,0,0,0,24,0
ISW-2023-00859,9.05,8.99,0.8861,0,0,6,7,2,1,3,6.5,9.4,0,1,1,0,0,24,0
ISW-2020-00860,8.59,8.52,0.7633,1,0,5,13,3,0,17,7.4,9.2,0,1,2,0,1,18,0
ISW-2022-00861,8.83,8.59,0.8412,0,0,6,28,5,0,25,6.9,10.0,0,0,0,0,0,18,0
ISW-2025-00862,8.41,8.16,0.7272,3,1,7,25,5,1,37,4.9,9.0,0,2,2,1,1,28,1
ISW-2021-00863,6.08,6.43,0.839,0,0,7,35,6,0,66,3.8,7.5,0,0,0,0,1,19,1
ISW-2022-00864,8.65,8.21,0.8417,0,0,5,21,4,1,12,6.2,9.2,1,0,2,0,0,23,0
ISW-2025-00865,8.73,8.32,0.9136,0,0,5,0,1,0,0,6.6,9.6,0,1,1,0,0,21,0
ISW-2019-00866,8.64,8.58,0.9381,1,1,5,41,7,1,33,6.8,10.0,0,0,0,0,1,26,0
ISW-2021-00867,9.35,9.56,0.955,1,0,6,41,7,1,22,6.3,10.0,1,0,0,0,1,26,0
ISW-2021-00868,7.43,8.06,0.7387,2,1,6,33,6,1,56,5.8,8.5,1,0,0,0,1,23,0
ISW-2024-00869,8.51,8.43,0.9626,0,0,6,0,1,0,0,7.1,9.6,0,1,0,0,0,26,0
ISW-2018-00870,6.86,7.14,0.9166,0,0,6,0,1,0,0,5.8,7.6,0,3,2,1,1,26,0
ISW-2019-00871,5.07,5.22,0.7328,3,2,6,25,5,1,50,3.6,6.8,0,1,0,0,1,19,1
ISW-2025-00872,7.81,7.92,0.817,0,0,5,0,1,0,0,6.1,8.5,0,0,2,0,0,23,0
ISW-2021-00873,7.2,7.42,0.9083,2,1,6,54,9,0,69,4.6,9.2,0,2,0,0,0,20,0
ISW-2025-00874,8.48,8.7,0.8895,0,0,6,7,2,1,6,7.2,10.0,0,0,1,0,1,19,0
ISW-2022-00875,6.97,7.46,0.8673,0,0,5,28,5,1,33,4.7,8.2,0,3,2,0,0,24,1
ISW-2023-00876,8.08,7.89,0.9123,0,0,6,42,7,0,23,6.8,8.2,0,1,1,0,0,22,0
ISW-2019-00877,8.0,8.12,0.7138,1,0,5,6,2,1,7,5.4,9.6,0,0,2,1,1,25,0
ISW-2025-00878,7.1,7.15,0.8103,2,1,5,5,2,0,6,3.7,8.0,0,1,2,1,0,18,0
ISW-2019-00879,7.4,6.9,0.778,2,1,7,19,4,0,38,4.3,8.5,1,0,1,1,1,22,1
ISW-2018-00880,8.1,8.46,0.909,1,1,6,20,4,0,18,7.4,9.4,0,2,1,0,1,27,0
ISW-2024-00881,8.86,9.01,0.8139,1,1,6,13,3,1,5,6.3,9.7,0,0,0,0,1,22,0
ISW-2019-00882,8.6,8.48,0.8947,1,0,5,20,4,1,10,5.1,9.7,0,2,0,0,0,23,0
ISW-2023-00883,7.85,7.68,0.8586,2,1,5,47,8,1,56,6.5,8.9,1,2,0,1,0,19,0
ISW-2023-00884,6.11,6.24,0.9042,1,1,6,13,3,1,26,4.1,6.9,1,2,2,0,1,22,0
ISW-2025-00885,8.14,8.12,0.8247,0,0,5,0,1,0,0,4.9,8.9,0,2,1,1,1,19,0
ISW-2022-00886,8.45,9.19,0.7041,2,1,5,5,2,1,6,8.2,10.0,0,0,1,0,0,25,0
ISW-2019-00887,6.92,7.26,0.8048,2,1,7,5,2,1,7,5.2,9.0,0,1,2,0,0,22,1
ISW-2020-00888,8.22,8.06,0.7617,0,0,7,0,1,0,0,5.2,8.9,0,2,0,0,0,20,0
ISW-2021-00889,8.54,8.68,0.854,0,0,6,0,1,0,0,7.3,9.7,1,0,2,0,0,28,0
ISW-2019-00890,6.29,6.35,0.8384,4,2,7,24,5,1,60,3.9,8.0,0,0,0,1,1,25,1
ISW-2025-00891,7.48,7.38,0.9002,1,1,5,6,2,1,8,4.5,8.8,1,0,0,0,1,23,0
ISW-2018-00892,7.98,7.82,0.7938,2,1,7,54,9,1,94,5.5,8.2,0,0,1,0,0,23,0
ISW-2023-00893,8.88,9.12,0.8378,0,0,7,7,2,0,2,6.7,9.7,0,2,0,0,1,20,0
ISW-2021-00894,8.12,8.22,0.8993,0,0,6,0,1,0,0,5.9,9.6,1,1,1,1,1,28,0
ISW-2025-00895,7.22,7.5,0.8461,0,0,6,28,5,0,26,6.2,8.1,0,1,1,0,1,20,0
ISW-2025-00896,8.34,8.29,0.7984,2,2,5,40,7,0,53,6.0,8.8,1,3,2,0,1,20,1
ISW-2022-00897,8.53,8.99,0.956,2,2,5,5,2,1,1,6.5,9.5,0,0,0,0,0,22,0
ISW-2024-00898,6.47,6.31,0.7832,0,0,5,0,1,0,0,3.1,7.7,1,2,0,0,1,22,0
ISW-2022-00899,6.99,7.16,0.8763,0,0,6,0,1,0,0,3.8,7.5,0,0,0,0,0,22,0
ISW-2019-00900,8.94,8.94,0.8972,2,1,6,12,3,1,9,6.7,9.6,0,0,0,0,0,25,0
ISW-2023-00901,8.53,8.54,0.8755,0,0,6,14,3,1,8,5.2,8.9,1,0,0,0,1,21,1
ISW-2024-00902,8.87,8.56,0.8695,2,1,7,5,2,1,3,5.5,9.9,0,0,0,0,0,18,0
ISW-2025-00903,8.07,7.9,0.7877,0,0,7,0,1,0,0,4.6,9.1,0,0,2,0,1,26,0
ISW-2024-00904,6.36,6.49,0.839,2,1,5,12,3,1,19,5.7,8.1,1,1,2,1,0,24,0
ISW-2025-00905,7.43,7.38,0.4926,3,1,6,53,9,0,110,6.3,8.4,0,0,2,0,0,24,1
ISW-2022-00906,8.95,9.26,0.9528,1,1,7,20,4,1,11,7.6,10.0,1,0,0,0,1,29,0
ISW-2021-00907,7.99,8.39,0.8491,0,0,7,14,3,0,11,5.6,9.0,0,1,1,1,0,21,0
ISW-2023-00908,9.39,8.94,0.8515,0,0,5,0,1,0,0,6.9,9.8,0,0,0,1,0,23,0
ISW-2021-00909,6.11,6.29,0.7195,1,0,5,6,2,1,16,4.8,7.4,0,2,0,0,0,19,0
ISW-2019-00910,8.45,8.47,0.8399,1,1,5,6,2,0,3,7.0,9.8,0,3,0,1,1,26,0
ISW-2019-00911,6.85,6.83,0.9056,2,1,5,26,5,0,44,4.0,7.6,1,1,2,0,1,22,1
ISW-2019-00912,8.96,8.55,0.793,0,0,7,42,7,0,47,5.5,9.0,0,1,1,1,0,19,0
ISW-2022-00913,7.34,6.84,0.8084,5,3,6,37,7,2,66,5.0,8.2,0,1,0,0,1,22,1
ISW-2022-00914,8.99,9.04,0.8383,0,0,1,63,10,1,29,7.6,9.6,0,1,1,1,1,24,0
ISW-2023-00915,8.05,8.21,0.8482,0,0,1,63,10,0,40,6.7,9.7,0,3,2,0,0,23,0
ISW-2021-00916,7.9,8.28,0.8936,1,1,6,55,9,1,37,5.3,8.8,0,3,0,0,0,21,0
ISW-2025-00917,8.92,9.16,0.8576,0,0,6,0,1,0,0,6.0,9.6,1,0,2,1,1,25,0
ISW-2022-00918,9.02,9.0,0.8607,0,0,6,0,1,0,0,5.7,9.7,1,1,0,0,0,23,0
ISW-2021-00919,6.2,6.58,0.8872,0,0,7,7,2,1,16,4.2,7.5,1,2,0,0,1,21,0
ISW-2022-00920,9.6,9.38,0.8432,0,0,5,21,4,0,3,6.5,10.0,0,0,2,0,0,23,0
ISW-2019-00921,8.83,8.69,0.9132,0,0,5,0,1,0,0,6.8,10.0,0,1,0,0,1,26,0
ISW-2022-00922,7.99,8.31,0.807,0,0,6,35,6,0,29,7.1,9.1,0,1,1,0,0,22,0
ISW-2025-00923,7.79,7.82,0.8289,2,1,5,19,4,0,23,6.5,8.6,1,1,0,0,1,24,1
ISW-2021-00924,8.79,8.83,0.9278,2,1,6,12,3,1,8,6.3,10.0,0,0,1,0,1,20,0
ISW-2024-00925,7.88,8.1,0.9787,0,0,5,0,1,0,0,7.1,9.1,0,0,1,0,0,19,0
ISW-2025-00926,8.59,8.34,0.8,0,0,7,7,2,1,3,7.4,9.0,0,0,2,1,0,26,0
ISW-2025-00927,8.57,8.15,0.6184,0,0,7,0,1,0,0,7.3,9.9,1,1,2,0,1,26,0
ISW-2021-00928,8.62,8.62,0.7754,0,0,6,42,7,1,48,6.9,9.7,1,3,1,0,0,24,0
ISW-2019-00929,7.18,7.04,0.7996,2,1,5,19,4,1,35,4.6,7.9,1,2,0,0,0,18,1
ISW-2025-00930,6.99,7.19,0.7956,2,2,5,26,5,0,51,4.0,8.4,0,0,0,0,1,20,1
ISW-2020-00931,9.71,9.21,0.9522,2,1,7,5,2,0,5,7.6,9.9,1,0,1,1,0,26,0
ISW-2022-00932,7.18,7.18,0.8861,4,2,7,3,2,1,10,4.5,8.0,0,2,0,1,0,20,0
ISW-2022-00933,9.51,8.82,0.8741,1,1,6,13,3,1,6,5.9,10.0,0,1,0,1,0,24,0
ISW-2018-00934,9.07,9.24,0.8555,0,0,7,28,5,1,14,6.4,10.0,0,1,2,1,0,27,0
ISW-2023-00935,7.92,7.79,0.8783,0,0,5,35,6,0,35,4.3,8.7,0,0,0,0,1,18,0
ISW-2019-00936,6.95,7.07,0.8722,0,0,7,0,1,0,0,5.1,7.4,0,0,0,1,0,20,0
ISW-2021-00937,6.7,6.78,0.8533,2,1,5,47,8,0,74,3.5,7.9,0,2,2,0,0,21,1
ISW-2025-00938,9.76,9.54,0.8421,0,0,5,0,1,0,0,6.9,10.0,0,1,1,1,1,21,0
ISW-2025-00939,9.15,9.19,0.8851,2,2,6,40,7,1,21,7.3,9.8,0,0,1,0,1,20,1
ISW-2022-00940,9.0,8.66,0.8235,0,0,5,0,1,0,0,6.6,9.5,1,3,0,0,0,21,0
ISW-2018-00941,6.93,6.79,0.7472,4,2,5,3,2,1,17,4.9,7.9,0,1,0,1,1,25,0
ISW-2021-00942,6.56,6.61,0.9112,2,2,5,33,6,0,67,4.4,8.2,0,3,1,0,1,25,0
ISW-2024-00943,9.73,9.43,0.8954,0,0,6,0,1,0,0,7.1,10.0,0,1,0,1,0,24,0
ISW-2024-00944,7.53,7.64,0.7006,1,1,6,13,3,1,22,5.9,8.4,1,1,1,1,0,23,0
ISW-2023-00945,6.79,6.71,0.8819,4,3,5,10,3,1,33,4.4,8.2,0,3,0,1,1,24,1
ISW-2022-00946,8.63,8.85,0.8578,4,3,6,3,2,2,5,7.4,9.9,0,3,0,0,0,28,0
ISW-2020-00947,8.92,8.55,0.8752,0,0,6,28,5,0,19,6.3,9.5,0,3,0,0,0,26,0
ISW-2020-00948,10.0,9.97,0.8518,0,0,7,42,7,0,21,7.0,10.0,0,2,0,1,1,26,0
ISW-2021-00949,9.53,9.51,0.8752,0,0,6,42,7,1,14,6.3,10.0,0,1,0,0,0,29,0
ISW-2020-00950,7.33,7.45,0.9437,1,1,6,6,2,1,11,4.1,8.1,0,0,1,0,0,26,0
ISW-2024-00951,9.31,9.07,0.8335,0,0,7,14,3,1,2,7.2,9.6,0,0,1,1,0,25,0
ISW-2022-00952,7.9,8.14,0.7651,1,0,5,6,2,0,12,6.9,8.5,0,3,0,1,1,20,0
ISW-2021-00953,6.83,6.89,0.8314,2,2,7,5,2,1,10,5.3,7.9,0,0,1,1,1,19,1
ISW-2025-00954,8.66,8.78,0.83,0,0,7,0,1,0,0,5.5,10.0,0,2,0,0,0,21,0
ISW-2019-00955,8.32,8.55,0.7409,0,0,7,49,8,1,66,7.7,10.0,0,3,0,0,0,25,0
ISW-2020-00956,7.4,7.27,0.7919,1,1,5,41,7,1,74,5.3,7.8,0,3,2,1,1,24,0
ISW-2025-00957,9.85,9.81,0.9053,0,0,6,35,6,0,1,6.9,10.0,0,3,1,0,1,21,0
ISW-2025-00958,8.75,8.36,0.8761,0,0,6,14,3,0,11,5.7,9.3,0,1,1,0,1,20,0
ISW-2021-00959,8.75,8.67,0.9905,1,1,6,13,3,0,4,7.1,10.0,0,1,0,0,0,20,0
ISW-2018-00960,7.22,7.33,0.9605,0,0,5,14,3,0,18,4.4,7.9,0,3,0,1,0,26,0
ISW-2025-00961,8.61,8.62,0.8876,0,0,6,14,3,1,6,7.1,9.4,0,0,1,0,0,21,0
ISW-2019-00962,7.58,7.57,0.8702,2,2,5,12,3,1,15,5.7,9.2,0,0,1,0,1,23,0
ISW-2022-00963,7.51,7.56,0.8808,0,0,5,0,1,0,0,6.7,8.9,0,3,1,0,1,20,0
ISW-2024-00964,8.98,8.56,0.8939,0,0,7,0,1,0,0,7.3,9.0,0,1,2,0,0,22,0
ISW-2025-00965,7.73,8.03,0.9009,1,1,5,55,9,0,45,5.2,9.4,0,1,0,1,1,20,0
ISW-2024-00966,7.49,7.06,0.8804,3,1,5,11,3,0,14,3.6,8.2,0,0,2,0,1,24,1
ISW-2019-00967,7.02,7.39,0.7812,1,1,5,55,9,0,109,5.7,7.9,1,1,1,0,1,23,0
ISW-2024-00968,8.81,8.5,0.8965,0,0,5,0,1,0,0,7.2,8.9,0,3,0,0,0,20,0
ISW-2023-00969,6.72,7.07,0.7326,1,1,6,20,4,0,41,4.0,8.6,0,1,0,0,0,25,0
ISW-2020-00970,7.13,6.99,0.8563,0,0,7,0,1,0,0,4.1,8.1,1,0,1,0,1,19,0
ISW-2025-00971,9.04,8.93,0.9728,1,1,7,6,2,1,3,7.3,10.0,0,1,0,1,0,25,0
ISW-2020-00972,6.94,7.04,0.8644,0,0,6,0,1,0,0,4.5,8.5,0,2,1,0,0,23,0
ISW-2021-00973,7.65,7.47,0.7484,0,0,7,0,1,0,0,5.1,9.3,0,3,1,0,0,23,0
ISW-2022-00974,7.48,7.61,0.8916,0,0,7,49,8,1,42,5.6,9.1,1,0,0,0,0,23,0
ISW-2024-00975,7.02,6.77,0.8167,0,0,7,7,2,0,14,5.1,7.3,1,1,0,1,0,20,0
ISW-2025-00976,8.23,8.33,0.8588,1,1,7,20,4,0,13,6.5,10.0,0,0,1,1,1,21,0
ISW-2021-00977,7.4,7.48,0.8603,0,0,7,14,3,1,12,5.7,8.6,1,1,0,0,1,21,0
ISW-2023-00978,8.28,8.14,0.8688,3,2,5,11,3,1,8,4.7,9.6,0,0,2,0,0,19,0
ISW-2023-00979,6.96,7.02,0.7893,3,3,7,11,3,1,26,5.5,8.3,0,1,0,0,1,19,1
ISW-2018-00980,6.95,7.43,0.8751,0,0,5,0,1,0,0,5.7,9.2,0,1,2,1,1,19,0
ISW-2022-00981,6.69,7.31,0.8036,3,2,1,60,10,0,81,6.1,8.8,0,0,0,1,1,21,0
ISW-2025-00982,6.43,6.33,0.8131,4,3,5,31,6,2,71,5.1,7.2,0,0,0,1,1,23,1
ISW-2025-00983,8.88,8.48,0.682,0,0,7,28,5,1,34,6.8,9.1,1,0,1,1,1,22,1
ISW-2025-00984,7.27,7.0,0.8049,3,3,5,11,3,1,24,5.5,7.4,0,0,0,0,1,25,1
ISW-2018-00985,8.83,9.04,0.9201,0,0,6,0,1,0,0,6.8,10.0,0,1,0,0,0,24,0
ISW-2022-00986,7.98,8.13,0.8821,2,2,7,47,8,1,40,5.4,9.5,0,0,0,0,1,24,0
ISW-2023-00987,8.95,9.07,0.8462,0,0,6,7,2,0,5,5.8,9.8,0,0,1,1,0,20,0
ISW-2019-00988,8.56,8.47,0.9136,0,0,7,0,1,0,0,5.9,10.0,0,3,1,0,1,27,0
ISW-2024-00989,7.69,7.15,0.8622,0,0,5,7,2,1,8,5.6,8.7,1,0,0,0,0,24,0
ISW-2020-00990,8.71,8.64,0.9143,3,2,5,32,6,1,16,7.2,10.0,0,2,0,0,0,19,0
ISW-2025-00991,9.43,9.73,0.9471,0,0,7,21,4,1,7,6.7,10.0,0,1,0,0,1,21,0
ISW-2018-00992,8.79,8.58,0.8767,0,0,7,28,5,1,17,5.3,9.2,0,1,2,1,1,25,0
ISW-2023-00993,10.0,9.76,0.9199,0,0,7,35,6,1,6,6.6,10.0,1,1,0,0,0,18,0
ISW-2020-00994,7.05,7.17,0.8302,0,0,7,0,1,0,0,4.2,9.0,1,0,1,1,1,24,0
ISW-2021-00995,9.48,9.16,0.8455,0,0,6,49,8,0,29,5.8,10.0,0,2,0,0,0,22,0
ISW-2021-00996,8.24,8.87,0.8696,1,1,5,13,3,0,8,7.4,10.0,0,2,1,1,0,24,0
ISW-2020-00997,6.1,5.84,0.796,3,2,7,18,4,0,43,4.8,6.7,0,0,2,1,1,24,1
ISW-2018-00998,8.69,9.18,0.8447,0,0,5,0,1,0,0,6.6,10.0,1,2,0,1,0,19,0
ISW-2021-00999,8.95,9.04,0.8435,1,1,1,62,10,1,34,7.8,10.0,1,1,1,1,0,26,0
ISW-2019-01000,8.64,8.61,0.7865,1,1,7,6,2,0,7,5.4,9.4,1,3,0,0,0,23,0
ISW-2018-01001,8.77,8.34,0.9154,0,0,6,0,1,0,0,7.1,9.1,0,2,1,0,0,25,0
ISW-2019-01002,9.06,9.18,0.7787,0,0,5,14,3,0,20,6.7,10.0,0,0,0,1,1,19,0
ISW-2025-01003,7.15,7.25,0.8686,0,0,7,0,1,0,0,4.1,8.8,0,2,0,1,0,21,0
ISW-2019-01004,8.41,8.39,0.8177,0,0,6,0,1,0,0,6.1,9.1,0,3,0,1,1,20,0
ISW-2025-01005,8.26,8.81,0.8477,1,0,6,20,4,1,18,5.3,9.7,0,1,0,1,1,27,0
ISW-2019-01006,6.75,6.45,0.8615,3,3,7,4,2,1,12,3.4,7.7,0,0,2,0,0,26,1
ISW-2022-01007,8.65,8.41,0.8137,4,3,5,45,8,2,45,5.4,9.5,0,2,1,0,1,20,1
ISW-2022-01008,5.77,5.77,0.8036,4,4,7,3,2,2,14,4.1,7.1,1,1,0,1,0,24,1
ISW-2024-01009,7.94,7.79,0.7764,3,1,5,25,5,1,49,6.8,9.1,1,0,0,0,0,19,0
ISW-2025-01010,8.44,8.39,0.8376,1,1,6,13,3,0,7,5.3,9.9,1,2,1,1,1,20,0
ISW-2023-01011,8.29,8.04,0.7879,1,1,5,20,4,1,32,4.7,9.6,1,1,0,0,1,25,0
ISW-2022-01012,9.24,9.3,0.8169,1,1,7,20,4,1,2,8.4,10.0,1,2,0,1,0,18,0
ISW-2023-01013,7.95,7.89,0.8935,1,1,6,13,3,1,7,4.8,8.6,0,1,1,1,1,22,0
ISW-2020-01014,8.44,8.34,0.8992,1,1,5,55,9,0,33,6.7,8.7,0,0,0,0,1,22,1
ISW-2021-01015,8.23,8.03,0.8897,1,1,6,6,2,0,5,5.1,9.6,0,3,0,1,0,26,0
ISW-2022-01016,7.93,8.48,0.9065,0,0,6,0,1,0,0,7.1,9.5,0,1,0,0,1,20,0
ISW-2019-01017,8.27,8.41,0.9675,0,0,6,28,5,1,18,6.3,8.9,0,1,0,0,0,29,0
ISW-2024-01018,9.06,8.84,0.7881,1,1,7,34,6,0,44,7.9,9.4,1,0,1,1,0,22,0
ISW-2020-01019,9.71,9.71,0.9308,0,0,5,0,1,0,0,7.2,10.0,1,0,1,0,0,19,1
ISW-2025-01020,7.5,7.47,0.892,1,1,7,13,3,1,15,6.5,8.1,1,1,2,0,0,17,0
ISW-2025-01021,8.4,8.43,0.8529,0,0,6,42,7,0,34,6.5,9.4,1,0,0,1,1,24,0
ISW-2022-01022,8.57,8.42,0.7116,0,0,6,28,5,1,27,5.9,9.9,1,3,1,1,0,22,0
ISW-2025-01023,9.24,9.48,0.7982,1,0,1,62,10,0,75,8.0,10.0,0,3,2,0,0,18,0
ISW-2020-01024,9.65,9.38,0.8625,0,0,6,14,3,0,7,6.9,10.0,1,2,1,1,0,23,0
ISW-2023-01025,7.95,8.11,0.958,0,0,5,21,4,1,11,6.5,8.9,1,0,2,0,0,21,0
ISW-2022-01026,9.24,9.19,0.888,0,0,6,7,2,1,3,8.0,10.0,1,1,2,0,1,23,0
ISW-2019-01027,6.83,7.16,0.8581,3,2,5,46,8,0,68,4.1,7.6,0,0,2,1,0,20,1
ISW-2021-01028,7.79,7.89,0.8627,1,1,7,6,2,0,3,6.7,9.6,0,2,2,0,0,22,0
ISW-2023-01029,7.08,6.68,0.914,3,2,7,25,5,0,46,4.5,8.3,1,1,1,1,0,22,1
ISW-2021-01030,8.06,7.96,0.8619,3,2,6,11,3,0,9,5.0,8.7,0,3,0,1,0,22,0
ISW-2025-01031,8.53,8.55,0.8021,0,0,5,21,4,0,6,6.3,9.1,0,0,2,1,1,23,0
ISW-2023-01032,9.58,9.01,0.9172,2,1,5,26,5,1,12,6.2,9.8,0,0,2,1,0,22,0
ISW-2022-01033,7.88,7.98,0.7574,4,1,6,10,3,2,23,6.8,8.5,0,3,0,0,1,23,1
ISW-2023-01034,9.77,9.66,0.8688,1,1,7,41,7,0,12,6.5,10.0,0,1,0,1,1,21,0
ISW-2024-01035,8.78,8.5,0.8977,1,1,6,13,3,1,10,6.6,9.3,1,2,0,0,0,19,0
ISW-2021-01036,8.13,8.41,0.7532,2,1,7,19,4,1,25,5.5,8.8,1,3,2,0,0,19,1
ISW-2018-01037,6.32,6.57,0.9015,2,1,5,5,2,1,11,4.7,7.7,1,1,0,0,0,25,0
ISW-2021-01038,9.53,9.43,0.9777,1,1,7,13,3,0,8,7.6,10.0,0,1,0,1,0,20,0
ISW-2020-01039,8.39,8.26,0.7935,0,0,7,14,3,0,18,5.8,9.0,0,1,0,0,0,19,0
ISW-2018-01040,7.12,6.83,0.9018,0,0,7,0,1,0,0,3.5,7.9,0,2,0,0,1,32,0
ISW-2020-01041,8.48,8.56,0.8445,0,0,5,0,1,0,0,7.7,9.5,0,3,2,0,0,23,0
ISW-2019-01042,9.32,9.65,0.9884,0,0,5,21,4,0,4,6.4,10.0,0,0,0,0,0,27,0
ISW-2024-01043,7.98,8.26,0.8632,1,1,5,20,4,1,10,4.9,8.9,1,1,0,1,1,22,0
ISW-2024-01044,9.06,8.92,0.9201,1,1,5,20,4,1,13,7.6,9.4,1,0,0,0,1,18,0
ISW-2020-01045,8.3,7.8,0.7919,0,0,5,0,1,0,0,6.0,8.6,0,1,1,1,0,18,0
ISW-2018-01046,7.88,7.74,0.8765,2,1,7,5,2,0,6,5.7,8.9,0,2,1,1,0,26,0
ISW-2021-01047,8.71,8.54,0.891,0,0,7,0,1,0,0,7.2,9.6,0,2,0,0,0,19,0
ISW-2024-01048,8.92,8.96,0.916,0,0,7,35,6,0,10,7.7,9.6,0,0,0,0,1,21,0
ISW-2019-01049,6.23,6.48,0.6649,4,2,5,38,7,1,81,3.2,8.0,0,0,2,0,1,21,1
ISW-2022-01050,8.38,8.38,0.7686,2,1,6,5,2,1,6,6.8,9.1,0,0,1,0,0,25,0
ISW-2021-01051,5.04,5.01,0.8477,6,4,5,15,4,2,41,3.4,6.4,0,0,1,0,0,22,0
ISW-2019-01052,7.92,8.06,0.8765,0,0,5,0,1,0,0,5.7,9.6,0,0,0,0,0,20,0
ISW-2021-01053,7.08,6.95,0.8546,5,4,6,2,2,1,11,3.6,7.9,1,2,2,1,1,20,0
ISW-2021-01054,9.51,9.17,0.8423,0,0,5,0,1,0,0,7.4,9.8,0,0,1,0,0,18,0
ISW-2024-01055,9.31,9.24,0.9428,0,0,6,7,2,1,1,7.6,10.0,0,0,0,0,0,27,0
ISW-2018-01056,6.46,6.08,0.9458,3,2,7,25,5,1,49,3.9,6.9,0,1,2,0,0,22,0
ISW-2020-01057,7.21,7.4,0.841,0,0,7,49,8,0,52,4.6,7.7,0,0,2,1,1,18,0
ISW-2022-01058,7.91,8.1,0.8377,0,0,7,0,1,0,0,5.1,8.8,0,0,1,0,0,24,0
ISW-2018-01059,8.31,7.79,0.8857,1,1,6,13,3,1,16,6.9,8.1,1,3,1,1,1,21,0
ISW-2024-01060,9.05,8.66,0.9012,0,0,7,28,5,0,13,7.8,9.6,1,0,0,0,0,29,0
ISW-2025-01061,9.6,9.08,0.8424,1,0,7,55,9,1,31,7.7,10.0,0,0,0,1,0,24,0
ISW-2022-01062,8.38,8.94,0.9403,1,1,6,20,4,0,7,7.8,10.0,0,1,0,0,0,20,0
ISW-2025-01063,8.11,8.12,0.7586,3,3,6,4,2,0,9,5.1,8.8,0,0,1,0,0,23,0
ISW-2022-01064,9.08,8.94,0.9146,0,0,7,21,4,0,5,6.1,10.0,0,0,0,0,0,20,0
ISW-2018-01065,7.75,8.0,0.8304,4,1,7,3,2,1,5,5.2,8.5,0,0,0,0,0,24,0
ISW-2020-01066,8.91,9.37,0.8693,0,0,6,56,9,0,24,6.5,10.0,1,0,2,1,0,23,0
ISW-2024-01067,7.81,7.29,0.8041,3,3,6,4,2,1,9,5.2,8.7,0,2,0,0,0,20,0
ISW-2020-01068,5.59,5.86,0.6935,2,2,5,26,5,1,53,4.8,7.1,0,0,2,0,1,26,1
ISW-2024-01069,8.26,8.3,0.9162,0,0,5,0,1,0,0,6.2,9.7,0,0,0,0,0,22,0
ISW-2023-01070,7.49,7.95,0.7846,5,2,5,9,3,1,20,6.4,9.1,0,0,0,0,1,19,1
ISW-2018-01071,7.48,7.7,0.7594,3,2,6,39,7,0,60,6.8,9.0,1,3,0,1,1,21,0
ISW-2022-01072,7.84,8.62,0.8637,1,1,7,20,4,0,9,6.2,9.7,0,0,0,0,1,18,0
ISW-2019-01073,9.33,8.87,0.9155,1,1,7,13,3,0,9,7.9,9.2,0,2,0,1,0,23,0
ISW-2019-01074,8.7,8.45,0.707,0,0,7,49,8,1,49,6.5,10.0,0,0,0,1,1,20,1
ISW-2020-01075,9.5,9.1,0.961,1,1,6,41,7,0,23,6.5,10.0,1,3,1,0,1,21,0
ISW-2023-01076,9.77,9.5,0.8802,1,1,6,6,2,1,1,7.4,10.0,0,0,0,0,0,20,0
ISW-2022-01077,8.69,8.38,0.6898,1,1,6,13,3,1,20,5.8,9.0,0,0,0,0,0,23,0
ISW-2019-01078,9.94,9.87,0.9369,0,0,7,14,3,1,0,6.6,10.0,0,1,0,0,0,19,0
ISW-2020-01079,8.7,9.11,0.9463,1,0,5,20,4,1,10,7.3,9.9,0,0,0,1,0,22,1
ISW-2022-01080,9.19,8.39,0.6858,6,2,7,1,2,1,5,6.1,8.8,1,2,0,0,0,29,1
ISW-2021-01081,6.21,6.34,0.8313,2,2,6,5,2,0,12,5.3,8.1,0,1,0,0,0,23,0
ISW-2022-01082,7.94,8.4,0.7789,0,0,5,49,8,0,44,6.5,9.0,0,1,1,1,1,20,0
ISW-2022-01083,7.81,7.42,0.9179,3,2,6,46,8,1,54,4.6,8.4,0,0,1,0,0,20,0
ISW-2019-01084,7.55,6.97,0.9147,1,1,6,34,6,1,58,5.0,8.7,0,1,2,1,0,21,1
ISW-2020-01085,8.99,9.03,0.8466,0,0,7,56,9,1,35,6.2,10.0,0,0,1,1,1,25,0
ISW-2019-01086,7.87,7.84,0.8494,0,0,6,28,5,1,23,4.7,8.9,1,3,0,0,0,25,0
ISW-2025-01087,8.72,8.29,0.9328,0,0,7,28,5,1,17,5.7,9.8,0,1,0,0,0,30,0
ISW-2023-01088,9.35,9.48,0.9344,0,0,5,28,5,0,13,8.6,10.0,0,1,0,0,0,20,0
ISW-2020-01089,8.65,8.99,0.7878,1,0,6,13,3,0,9,7.3,10.0,0,2,1,1,0,19,0
ISW-2021-01090,8.03,7.69,0.9621,2,1,5,12,3,0,16,5.2,9.1,1,1,0,0,0,23,0
ISW-2022-01091,8.68,8.65,0.8867,0,0,7,7,2,0,8,5.9,10.0,0,1,0,1,0,19,0
ISW-2024-01092,8.71,8.26,0.8505,2,2,7,19,4,1,10,5.4,9.7,0,0,2,1,1,25,1
ISW-2021-01093,9.05,8.86,0.8074,0,0,7,7,2,0,4,6.9,10.0,0,1,0,0,1,26,0
ISW-2022-01094,9.17,9.27,0.8043,0,0,5,7,2,1,2,7.1,10.0,0,0,0,1,0,21,0
ISW-2025-01095,7.68,7.69,0.8628,3,2,7,18,4,0,15,6.9,9.5,1,0,2,0,1,21,0
ISW-2022-01096,7.09,7.29,0.7804,0,0,5,14,3,1,29,6.0,8.7,0,2,0,0,1,22,0
ISW-2018-01097,9.07,9.3,0.976,0,0,6,0,1,0,0,8.1,10.0,0,0,0,1,1,22,0
ISW-2022-01098,9.15,8.95,0.8774,0,0,7,35,6,0,25,6.1,9.9,0,1,0,0,0,24,0
ISW-2023-01099,8.46,8.3,0.7923,2,1,5,40,7,0,59,4.8,9.8,0,0,0,1,1,20,1
ISW-2025-01100,7.93,7.7,0.7896,0,0,5,0,1,0,0,6.7,9.1,0,0,2,1,0,25,0
ISW-2018-01101,8.22,8.47,0.8785,0,0,7,0,1,0,0,6.7,10.0,0,2,1,0,0,26,0
ISW-2025-01102,7.86,7.7,0.8972,4,2,5,3,2,1,8,4.7,8.5,0,0,0,0,1,21,1
ISW-2022-01103,8.87,8.8,0.9223,4,3,7,31,6,1,20,7.8,10.0,1,1,0,0,0,23,0
ISW-2023-01104,6.95,7.38,0.8963,3,1,7,32,6,0,56,5.9,8.1,1,1,0,0,0,23,0
ISW-2023-01105,8.0,7.71,0.83,0,0,6,0,1,0,0,6.3,8.1,0,2,1,1,0,27,0
ISW-2018-01106,9.57,9.53,0.8242,0,0,7,35,6,0,9,7.1,10.0,1,0,0,0,1,23,0
ISW-2019-01107,7.43,7.04,0.8018,0,0,5,0,1,0,0,4.4,8.6,1,2,0,1,0,19,0
ISW-2019-01108,8.4,8.53,0.9512,0,0,6,7,2,1,4,5.9,9.2,0,1,1,0,0,29,0
ISW-2024-01109,7.28,7.46,0.7513,4,2,1,59,10,1,96,6.2,7.9,0,0,2,0,1,21,1
ISW-2020-01110,9.39,9.61,0.9108,0,0,7,0,1,0,0,7.9,10.0,0,0,2,0,0,20,0
ISW-2021-01111,8.31,8.32,0.8495,0,0,6,0,1,0,0,6.2,8.7,0,0,2,0,0,23,0
ISW-2020-01112,7.57,7.26,0.8216,0,0,5,14,3,0,20,5.2,8.8,0,1,0,0,1,22,0
ISW-2018-01113,8.38,7.87,0.829,0,0,6,21,4,0,8,6.5,9.4,0,0,1,0,1,19,0
ISW-2023-01114,6.72,6.96,0.7968,3,2,6,46,8,0,94,4.8,7.8,1,0,2,0,1,20,1
ISW-2020-01115,9.08,9.44,0.9425,1,1,1,62,10,1,28,8.4,10.0,0,1,0,0,0,25,0
ISW-2019-01116,10.0,10.0,0.9824,0,0,5,0,1,0,0,7.1,10.0,1,1,0,0,0,25,0
ISW-2021-01117,8.6,8.39,0.9029,0,0,6,0,1,0,0,7.0,9.8,0,0,0,0,1,19,0
ISW-2023-01118,7.15,7.24,0.7855,5,2,7,30,6,1,64,5.5,8.7,0,0,2,0,0,19,1
ISW-2021-01119,7.03,7.02,0.8274,0,0,5,7,2,0,9,5.9,7.7,1,0,2,0,1,24,0
ISW-2022-01120,7.48,7.14,0.7637,2,1,7,40,7,0,89,5.7,8.5,0,1,2,1,0,20,1
ISW-2021-01121,7.42,7.28,0.9343,2,1,5,19,4,1,26,5.6,7.9,0,3,0,0,1,19,0
ISW-2020-01122,8.35,8.5,0.9234,0,0,7,0,1,0,0,5.1,10.0,0,1,2,0,0,23,0
ISW-2019-01123,8.92,9.04,0.8849,2,2,6,33,6,0,18,7.1,10.0,0,1,0,0,1,21,0
ISW-2024-01124,8.54,8.73,0.7929,0,0,7,0,1,0,0,7.6,9.6,0,0,0,0,0,20,0
ISW-2018-01125,7.92,7.89,0.8085,4,2,6,10,3,2,13,7.0,9.0,0,3,1,1,1,21,1
ISW-2022-01126,8.15,8.65,0.8748,0,0,7,21,4,0,11,6.7,9.8,0,0,1,1,0,22,0
ISW-2025-01127,8.12,8.24,0.8468,1,0,6,13,3,1,6,5.1,9.6,0,0,2,1,0,21,0
ISW-2025-01128,9.19,9.12,0.8327,3,2,7,25,5,0,12,6.6,9.9,0,0,0,0,0,22,1
ISW-2018-01129,7.68,7.63,0.8017,1,1,6,20,4,1,23,4.3,8.3,0,0,0,0,0,25,1
ISW-2020-01130,8.68,8.65,0.9115,1,0,1,62,10,1,42,6.4,9.8,0,2,0,0,0,28,0
ISW-2019-01131,8.09,7.88,0.9514,0,0,1,63,10,1,56,4.5,8.8,0,0,0,1,0,24,0
ISW-2025-01132,7.59,7.28,0.8259,1,1,7,13,3,0,22,6.4,8.1,0,0,2,0,1,23,1
ISW-2021-01133,6.81,7.52,0.7486,0,0,5,0,1,0,0,4.4,8.1,1,0,0,0,1,23,0
ISW-2018-01134,8.4,8.81,0.7368,1,1,6,27,5,1,27,5.5,10.0,0,3,0,0,1,25,0
ISW-2018-01135,8.9,8.97,0.8957,1,1,5,55,9,1,44,5.5,9.5,0,2,0,1,0,23,0
ISW-2023-01136,9.05,8.77,0.9176,3,2,6,4,2,1,7,5.7,9.3,0,3,1,0,0,20,0
ISW-2025-01137,7.54,7.54,0.7694,5,3,7,9,3,2,26,6.5,7.9,1,2,2,0,0,26,1
ISW-2018-01138,6.2,6.74,0.7698,4,2,7,10,3,1,26,4.9,7.2,0,3,0,1,0,20,1
ISW-2025-01139,8.91,8.88,0.7754,0,0,7,0,1,0,0,7.6,10.0,0,1,0,0,1,21,0
ISW-2022-01140,6.23,6.21,0.8181,3,1,5,25,5,1,47,5.1,6.7,0,0,2,1,1,25,1
ISW-2023-01141,9.02,9.01,0.9745,1,1,7,6,2,1,2,5.6,10.0,0,0,1,0,0,26,0
ISW-2025-01142,6.9,6.8,0.9145,0,0,6,35,6,1,60,3.3,7.3,0,0,0,1,0,22,0
ISW-2024-01143,9.41,9.65,0.9171,0,0,5,35,6,0,4,7.9,10.0,0,1,0,1,0,22,0
ISW-2023-01144,9.3,9.35,0.8423,1,1,6,34,6,0,7,8.3,10.0,0,0,2,0,0,22,0
ISW-2021-01145,9.92,9.61,0.8692,1,1,7,13,3,0,9,7.0,10.0,0,0,1,1,0,20,0
ISW-2021-01146,8.04,8.2,0.8236,1,1,5,6,2,1,7,4.9,8.8,0,1,0,0,0,20,0
ISW-2020-01147,7.35,7.3,0.931,0,0,6,28,5,1,40,5.2,8.4,1,0,0,0,0,23,0
ISW-2019-01148,9.98,9.72,0.9326,0,0,5,35,6,1,1,7.4,10.0,0,0,0,0,0,19,0
ISW-2018-01149,9.86,9.75,0.9128,0,0,5,14,3,0,7,7.0,10.0,1,0,0,0,1,20,0
ISW-2022-01150,7.67,7.79,0.9332,2,2,5,40,7,0,30,4.6,9.1,1,1,0,0,1,20,0
ISW-2023-01151,9.19,9.07,0.8986,0,0,6,0,1,0,0,6.9,10.0,1,0,0,0,0,20,0
ISW-2024-01152,7.83,8.0,0.8877,3,3,7,39,7,0,31,5.8,9.2,1,0,0,1,0,26,0
ISW-2019-01153,8.87,8.71,0.8492,0,0,6,0,1,0,0,6.7,9.6,0,0,0,1,0,23,0
ISW-2018-01154,8.35,7.84,0.7649,0,0,5,0,1,0,0,6.0,9.1,0,2,0,0,1,19,0
ISW-2023-01155,7.96,7.62,0.9179,4,2,5,10,3,1,14,5.7,8.3,0,0,0,0,0,21,0
ISW-2021-01156,7.59,7.5,0.5567,0,0,7,0,1,0,0,5.5,8.7,0,0,2,0,1,21,0
ISW-2019-01157,9.43,9.74,0.8785,0,0,5,0,1,0,0,8.7,10.0,0,3,0,0,0,18,0
ISW-2024-01158,8.66,8.31,0.8924,0,0,7,0,1,0,0,6.2,9.5,0,2,2,1,1,23,0
ISW-2023-01159,7.23,6.82,0.8567,4,4,7,10,3,2,23,3.5,7.4,0,0,2,1,0,25,1
ISW-2023-01160,8.36,8.38,0.9049,2,1,6,33,6,1,32,6.9,9.5,1,0,2,0,0,24,0
ISW-2024-01161,8.12,8.02,0.7958,0,0,6,0,1,0,0,4.6,9.7,0,0,0,0,0,26,0
ISW-2022-01162,7.66,7.53,0.9798,2,1,5,19,4,0,20,5.3,8.3,0,1,0,0,0,22,0
ISW-2018-01163,8.63,8.47,0.8957,0,0,6,35,6,0,21,6.4,8.9,0,0,1,0,0,19,0
ISW-2018-01164,7.88,7.74,0.9209,0,0,7,0,1,0,0,5.4,8.1,0,3,0,0,1,21,0
ISW-2018-01165,8.65,8.43,0.9629,0,0,5,0,1,0,0,5.8,9.3,1,2,0,0,1,21,0
ISW-2025-01166,9.29,9.38,0.8627,1,1,6,41,7,1,17,6.0,10.0,0,1,0,0,1,21,0
ISW-2022-01167,7.58,8.25,0.7616,2,2,5,33,6,1,36,7.1,8.9,0,0,1,0,1,20,1
ISW-2019-01168,9.39,9.51,0.9227,0,0,5,14,3,0,4,7.5,10.0,0,2,2,1,0,22,0
ISW-2020-01169,7.19,7.17,0.9007,3,2,6,32,6,1,37,4.3,7.6,0,1,0,1,1,24,0
ISW-2019-01170,7.58,7.46,0.6923,0,0,6,0,1,0,0,4.3,9.2,0,2,2,0,1,25,0
ISW-2022-01171,8.11,7.99,0.9226,0,0,5,7,2,0,4,5.2,8.6,1,0,1,0,0,21,0
ISW-2019-01172,7.4,7.48,0.8354,2,2,7,26,5,0,41,4.9,9.1,0,1,0,1,1,19,0
ISW-2020-01173,6.72,7.14,0.8241,1,1,6,6,2,0,7,6.1,8.5,0,2,0,0,1,28,0
ISW-2018-01174,9.39,9.61,0.8242,1,0,7,27,5,0,12,7.4,10.0,0,3,0,1,1,19,0
ISW-2020-01175,7.42,7.63,0.8861,1,1,7,13,3,1,14,5.3,8.1,0,1,2,0,1,22,0
ISW-2023-01176,8.76,8.91,0.8881,0,0,7,28,5,1,10,6.7,10.0,1,1,1,1,0,21,1
ISW-2024-01177,7.97,8.24,0.7692,3,2,5,11,3,0,19,7.3,9.1,1,0,1,0,1,19,0
ISW-2025-01178,7.74,7.84,0.8509,2,2,5,5,2,1,6,5.2,8.4,0,1,1,1,0,28,0
ISW-2018-01179,8.65,9.07,0.8377,0,0,6,0,1,0,0,5.8,10.0,0,3,0,0,1,19,0
ISW-2020-01180,8.34,8.34,0.8085,0,0,5,0,1,0,0,6.8,9.5,0,1,2,1,1,22,0
ISW-2022-01181,8.93,9.17,0.8363,2,1,6,26,5,0,13,6.4,10.0,0,0,2,0,0,21,0
ISW-2021-01182,8.47,8.73,0.8689,0,0,6,0,1,0,0,5.6,9.6,0,0,1,0,0,22,0
ISW-2019-01183,5.81,5.52,0.8407,0,0,5,0,1,0,0,2.1,6.6,1,1,0,1,1,24,0
ISW-2018-01184,7.48,7.34,0.9518,0,0,6,0,1,0,0,5.5,8.1,0,2,0,0,0,25,0
ISW-2023-01185,6.97,7.24,0.8142,0,0,5,0,1,0,0,4.8,8.8,0,0,0,0,0,21,0
ISW-2020-01186,8.82,8.62,0.8849,1,1,5,34,6,1,21,6.2,10.0,1,0,0,0,0,18,0
ISW-2025-01187,6.21,6.5,0.754,3,2,6,4,2,0,15,3.8,7.7,1,3,1,1,1,26,0
ISW-2022-01188,8.12,8.03,0.7665,0,0,1,63,10,1,89,6.1,8.6,0,1,1,1,0,27,0
ISW-2022-01189,8.3,8.46,0.8408,0,0,5,0,1,0,0,5.9,10.0,0,0,2,0,0,22,0
ISW-2019-01190,7.68,8.03,0.7886,1,1,6,20,4,0,27,5.9,9.6,0,0,0,1,1,23,0
ISW-2019-01191,7.96,8.15,0.722,0,0,6,14,3,0,24,6.0,9.3,1,0,0,1,0,22,0
ISW-2018-01192,7.13,7.03,0.7541,0,0,6,7,2,1,7,5.5,7.7,0,0,0,1,1,23,0
ISW-2019-01193,7.04,6.71,0.726,3,1,5,39,7,1,86,5.6,7.1,0,1,2,0,0,22,1
ISW-2019-01194,9.06,9.07,0.8413,1,1,6,55,9,0,32,5.7,10.0,0,1,1,0,0,27,0
ISW-2021-01195,7.98,7.82,0.7488,1,0,6,41,7,1,74,4.6,8.3,0,1,0,0,1,22,0
ISW-2025-01196,8.03,8.26,0.9581,0,0,6,0,1,0,0,7.0,9.2,0,1,1,0,0,24,0
ISW-2025-01197,8.95,8.68,0.9455,3,1,6,4,2,0,4,5.2,10.0,1,0,1,0,1,25,0
ISW-2024-01198,8.03,7.61,0.8437,2,1,7,19,4,1,31,6.0,8.5,0,0,0,1,0,20,1
ISW-2022-01199,8.35,8.15,0.9028,1,1,5,6,2,0,5,5.8,9.5,0,0,0,0,1,18,0
ISW-2020-01200,8.35,8.88,0.8926,0,0,6,28,5,0,11,6.7,9.4,1,0,0,0,0,20,0
ISW-2020-01201,7.23,7.37,0.7795,2,1,5,19,4,0,44,4.7,8.6,0,1,0,0,1,19,1
ISW-2020-01202,5.77,5.94,0.828,4,4,7,17,4,1,43,2.7,6.6,0,0,1,0,0,27,1
ISW-2022-01203,9.38,9.0,0.8734,0,0,6,35,6,0,3,7.5,10.0,0,1,0,1,1,21,0
ISW-2022-01204,8.66,8.58,0.947,2,1,6,26,5,1,20,6.5,9.5,0,0,1,0,0,24,1
ISW-2021-01205,8.97,8.61,0.89,0,0,5,0,1,0,0,6.1,9.4,0,0,1,1,1,21,0
ISW-2023-01206,9.15,9.65,0.9309,0,0,7,0,1,0,0,6.3,10.0,0,0,0,0,0,22,0
ISW-2020-01207,8.28,8.05,0.903,1,1,7,20,4,0,11,6.6,8.8,0,1,2,0,0,26,0
ISW-2018-01208,8.04,7.74,0.8271,3,2,6,11,3,0,15,5.6,9.4,0,1,0,1,1,29,0
ISW-2019-01209,10.0,9.65,0.9247,0,0,7,7,2,1,0,8.2,10.0,0,2,1,1,0,19,0
ISW-2018-01210,8.96,9.03,0.8268,0,0,7,14,3,0,8,6.3,9.4,1,0,0,0,1,24,0
ISW-2019-01211,5.55,5.67,0.869,5,2,5,23,5,2,59,4.1,7.4,0,1,1,1,1,18,0
ISW-2018-01212,6.19,6.03,0.45,2,0,7,33,6,1,71,3.6,7.5,1,2,0,0,0,22,0
ISW-2025-01213,8.41,8.17,0.8672,0,0,5,21,4,1,18,6.6,9.1,0,0,0,0,1,23,0
ISW-2022-01214,8.16,8.41,0.8477,0,0,6,7,2,1,0,5.5,9.0,0,0,0,0,0,19,0
ISW-2021-01215,7.89,7.72,0.842,1,1,7,6,2,1,8,5.1,8.5,0,0,1,0,1,22,0
ISW-2020-01216,9.38,9.54,0.8377,0,0,6,14,3,0,4,8.1,10.0,0,0,1,1,0,19,0
ISW-2019-01217,8.37,8.57,0.9347,2,1,5,5,2,1,6,5.2,10.0,0,2,1,0,0,20,0
ISW-2019-01218,9.32,9.27,0.8443,0,0,6,21,4,0,0,6.2,10.0,0,0,0,1,1,26,0
ISW-2019-01219,7.92,8.15,0.8123,2,1,6,26,5,1,15,4.8,8.9,0,1,1,1,1,27,1
ISW-2025-01220,7.64,8.0,0.8551,0,0,6,0,1,0,0,5.6,8.9,0,2,1,0,1,28,0
ISW-2019-01221,7.11,7.08,0.8345,0,0,7,0,1,0,0,3.6,7.9,0,0,0,0,1,23,0
ISW-2019-01222,9.01,9.18,0.9447,0,0,7,0,1,0,0,7.9,9.9,0,1,0,0,0,22,0
ISW-2022-01223,7.93,8.54,0.903,2,1,7,40,7,1,33,7.6,10.0,0,0,0,0,0,20,0
ISW-2023-01224,8.83,8.77,0.8772,0,0,5,21,4,0,15,5.9,10.0,0,1,2,1,0,19,0
ISW-2024-01225,7.74,8.28,0.9043,0,0,5,0,1,0,0,5.9,9.2,0,0,0,1,1,28,0
ISW-2018-01226,8.65,8.72,0.7932,3,1,6,39,7,0,42,7.1,10.0,0,0,0,0,0,20,1
ISW-2021-01227,6.42,6.38,0.7899,6,4,6,8,3,1,30,5.5,6.8,0,0,2,0,1,24,1
ISW-2021-01228,5.44,5.86,0.6872,6,4,6,8,3,2,28,4.6,7.4,0,1,2,0,0,23,1
ISW-2021-01229,9.89,9.25,0.8405,0,0,5,49,8,1,25,8.2,9.6,0,1,0,0,0,25,0
ISW-2024-01230,7.14,7.2,0.8754,0,0,7,0,1,0,0,4.1,9.0,0,1,2,0,1,24,0
ISW-2025-01231,8.92,8.88,0.8281,0,0,5,0,1,0,0,7.6,10.0,1,0,0,0,0,20,0
ISW-2024-01232,7.33,7.67,0.8178,2,1,5,19,4,0,24,4.9,8.3,0,3,2,0,0,20,0
ISW-2024-01233,6.28,6.58,0.9671,0,0,6,0,1,0,0,5.5,7.5,1,0,0,0,0,18,0
ISW-2022-01234,6.53,6.32,0.6302,3,3,6,25,5,1,61,2.9,7.0,0,2,0,0,1,19,1
ISW-2025-01235,7.47,6.9,0.6462,0,0,6,0,1,0,0,3.6,7.8,0,1,2,0,0,19,0
ISW-2023-01236,9.53,9.15,0.9228,0,0,5,0,1,0,0,8.0,10.0,0,1,0,0,0,20,0
ISW-2024-01237,8.03,8.05,0.7975,0,0,5,0,1,0,0,5.0,9.4,0,0,2,0,0,25,0
ISW-2020-01238,8.44,8.6,0.8275,1,0,6,13,3,1,8,6.0,9.9,0,2,0,0,1,22,0
ISW-2020-01239,8.49,8.54,0.951,0,0,6,0,1,0,0,5.3,9.9,1,1,0,0,0,26,0
ISW-2020-01240,7.91,7.82,0.7873,0,0,6,0,1,0,0,5.7,8.6,0,0,2,1,1,23,0
ISW-2022-01241,10.0,10.0,0.9332,1,1,6,41,7,1,8,8.9,10.0,0,2,0,0,0,21,0
ISW-2021-01242,7.46,7.69,0.8428,0,0,6,7,2,1,5,6.8,8.2,0,0,2,0,1,22,0
ISW-2022-01243,8.58,8.45,0.9078,3,1,7,4,2,0,7,7.3,10.0,0,1,2,0,1,21,0
ISW-2019-01244,8.24,8.15,0.7707,0,0,6,0,1,0,0,6.1,9.1,1,1,0,0,1,23,0
ISW-2025-01245,7.59,8.05,0.7847,1,0,5,6,2,0,9,5.1,9.4,0,2,0,0,0,20,0
ISW-2021-01246,9.6,9.79,0.8617,1,1,6,6,2,1,3,8.1,10.0,0,1,0,1,0,20,0
ISW-2019-01247,7.17,7.9,0.9007,2,2,7,19,4,0,17,5.4,9.0,1,0,0,1,0,21,0
ISW-2023-01248,10.0,10.0,0.9345,0,0,5,0,1,0,0,7.2,10.0,1,1,0,0,0,19,0
ISW-2020-01249,8.02,8.53,0.8363,2,2,6,40,7,1,30,5.6,9.8,0,0,0,0,0,27,0
ISW-2023-01250,7.28,7.58,0.8355,0,0,7,49,8,0,46,4.5,9.2,0,1,2,1,0,23,0
ISW-2019-01251,8.5,8.75,0.9739,0,0,5,0,1,0,0,5.8,10.0,1,1,0,0,0,26,0
ISW-2018-01252,5.95,6.85,0.905,0,0,5,0,1,0,0,3.6,7.2,0,2,1,0,0,23,0
ISW-2019-01253,10.0,9.7,0.9103,0,0,5,0,1,0,0,6.4,10.0,0,0,0,1,0,23,0
ISW-2023-01254,8.91,9.0,0.9009,1,0,5,20,4,1,3,7.0,10.0,0,0,0,0,0,23,0
ISW-2023-01255,9.43,9.81,0.9276,0,0,7,0,1,0,0,6.6,10.0,1,1,0,0,1,19,0
ISW-2018-01256,9.68,9.8,0.9432,1,0,7,41,7,0,18,7.2,10.0,1,0,0,0,0,22,0
ISW-2020-01257,7.59,7.08,0.9686,1,1,5,27,5,0,31,5.4,8.6,0,0,1,0,1,20,0
ISW-2021-01258,8.5,8.43,0.9472,2,1,6,33,6,1,23,7.6,9.9,0,0,0,1,0,26,0
ISW-2019-01259,7.37,7.75,0.8541,2,2,7,12,3,0,17,6.2,9.5,0,1,2,0,1,21,0
ISW-2022-01260,9.19,8.97,0.9721,1,1,1,62,10,1,33,5.8,10.0,0,0,2,0,0,20,0
ISW-2023-01261,8.79,8.38,0.8518,0,0,5,0,1,0,0,5.5,9.2,1,1,0,0,0,21,0
ISW-2018-01262,7.01,6.49,0.7604,2,2,5,12,3,1,29,4.5,6.8,0,2,2,0,1,19,1
ISW-2024-01263,7.58,7.92,0.8899,0,0,7,7,2,0,8,5.0,8.8,0,1,2,0,0,19,0
ISW-2023-01264,9.04,9.44,0.9473,0,0,6,49,8,1,17,6.2,10.0,1,0,0,0,0,26,0
ISW-2025-01265,7.17,7.62,0.9194,4,1,6,17,4,1,22,4.3,8.6,0,0,2,0,0,21,1
ISW-2023-01266,9.66,9.23,0.9507,0,0,5,35,6,0,11,6.5,10.0,1,0,0,0,1,19,0
ISW-2024-01267,8.85,8.77,0.7287,0,0,5,0,1,0,0,6.5,9.4,0,1,1,1,1,21,0
ISW-2021-01268,9.77,9.78,0.9776,3,1,7,53,9,1,35,6.8,10.0,1,1,0,0,0,26,0
ISW-2021-01269,9.03,8.34,0.8569,1,1,5,13,3,0,9,6.3,9.4,0,0,2,1,1,20,0
ISW-2019-01270,7.67,8.29,0.7476,0,0,7,14,3,1,16,5.8,9.7,0,0,2,0,0,26,0
ISW-2020-01271,9.15,9.68,0.8785,0,0,5,56,9,0,15,7.3,10.0,0,0,2,0,0,20,0
ISW-2021-01272,7.39,8.14,0.8166,4,2,7,3,2,2,4,4.8,8.5,0,0,2,1,0,20,1
ISW-2018-01273,9.39,9.24,0.8161,1,1,7,6,2,1,2,6.4,10.0,0,3,0,1,0,23,0
ISW-2021-01274,8.58,8.74,0.8956,1,1,5,20,4,0,17,5.3,10.0,0,0,1,0,1,27,0
ISW-2018-01275,9.14,8.65,0.8785,0,0,7,0,1,0,0,5.7,9.6,0,0,0,0,1,20,0
ISW-2023-01276,8.73,8.89,0.7831,2,1,6,5,2,0,6,7.6,10.0,1,0,0,1,1,21,0
ISW-2024-01277,8.86,8.81,0.7735,0,0,7,0,1,0,0,5.9,9.3,0,0,0,0,1,21,0
ISW-2019-01278,7.37,7.08,0.7296,0,0,6,0,1,0,0,4.0,8.5,0,0,2,0,0,21,0
ISW-2025-01279,9.38,9.46,0.8284,0,0,6,42,7,1,7,6.4,10.0,1,0,1,0,1,29,0
ISW-2020-01280,8.2,7.96,0.8951,3,2,7,18,4,1,18,4.8,8.8,0,0,0,1,0,22,0
ISW-2021-01281,8.64,8.66,0.9198,1,1,5,6,2,1,0,5.7,10.0,1,0,2,0,1,19,0
ISW-2023-01282,6.32,6.75,0.857,1,1,7,13,3,1,22,3.5,7.7,0,1,2,0,0,23,0
ISW-2021-01283,7.14,7.26,0.749,2,1,7,12,3,0,29,4.4,8.3,0,1,0,1,1,25,1
ISW-2022-01284,8.18,8.32,0.8685,0,0,7,21,4,1,19,5.4,9.5,0,0,0,0,1,23,0
ISW-2022-01285,9.39,8.98,0.9143,0,0,7,49,8,0,23,6.6,10.0,1,2,1,1,0,23,0
ISW-2025-01286,9.05,9.28,0.9009,0,0,5,49,8,0,15,7.1,10.0,0,0,1,0,0,21,0
ISW-2021-01287,8.01,7.75,0.8379,1,1,6,6,2,1,9,4.9,8.2,0,3,0,1,0,24,0
ISW-2022-01288,9.98,9.52,0.9578,1,1,6,6,2,0,4,8.3,10.0,1,3,0,0,0,22,0
ISW-2018-01289,6.39,6.65,0.8915,0,0,7,14,3,0,28,5.3,7.5,0,0,0,0,1,20,0
ISW-2024-01290,9.93,9.22,0.9445,0,0,5,21,4,1,7,6.3,10.0,1,0,0,0,0,23,0
ISW-2021-01291,7.64,7.98,0.921,2,1,6,12,3,0,10,6.6,8.4,1,2,0,1,0,18,0
ISW-2018-01292,8.5,8.18,0.8234,1,1,5,20,4,0,18,5.1,9.3,1,0,0,0,0,25,0
ISW-2025-01293,8.75,8.41,0.9313,0,0,6,21,4,0,5,6.5,9.5,1,0,0,0,0,21,0
ISW-2018-01294,6.08,6.45,0.76,0,0,6,7,2,1,16,3.5,8.1,1,1,1,0,0,21,0
ISW-2025-01295,8.03,8.4,0.8275,2,1,5,5,2,0,3,5.7,9.5,0,1,0,0,1,24,0
ISW-2019-01296,8.21,8.25,0.7822,2,1,6,5,2,0,10,7.3,9.1,1,2,0,1,1,23,0
ISW-2025-01297,8.77,9.32,0.9602,0,0,5,0,1,0,0,8.2,10.0,1,1,0,0,1,19,0
ISW-2019-01298,6.47,6.29,0.8748,0,0,5,0,1,0,0,5.2,7.7,0,2,2,0,0,22,0
ISW-2018-01299,9.19,9.19,0.8579,0,0,6,28,5,0,5,6.4,10.0,0,1,0,1,0,21,1
ISW-2019-01300,8.45,8.52,0.8054,0,0,5,7,2,0,5,7.4,10.0,1,1,0,0,0,21,0
ISW-2024-01301,8.19,7.5,0.8889,0,0,6,0,1,0,0,6.2,7.8,0,1,0,0,0,20,0
ISW-2023-01302,7.53,7.84,0.8458,2,1,7,19,4,0,17,5.4,9.2,0,3,1,0,0,24,0
ISW-2021-01303,7.42,7.27,0.8737,1,1,7,27,5,1,46,6.0,8.6,0,3,0,0,0,28,0
ISW-2024-01304,9.04,8.91,0.9265,0,0,5,7,2,1,8,6.4,9.9,0,2,0,1,1,25,0
ISW-2019-01305,7.5,7.46,0.9423,0,0,7,35,6,1,39,4.8,8.3,1,2,2,0,0,25,0
ISW-2022-01306,7.51,7.67,0.9603,1,1,7,48,8,0,49,4.4,8.6,0,1,1,0,1,19,0
ISW-2024-01307,8.97,9.65,0.8734,0,0,5,21,4,0,11,7.6,10.0,0,0,0,1,1,18,0
ISW-2018-01308,8.02,8.28,0.9039,1,1,5,20,4,0,12,5.6,10.0,1,2,0,0,1,21,0
ISW-2023-01309,8.38,8.38,0.7109,0,0,7,0,1,0,0,6.9,9.3,0,0,2,1,0,22,0
ISW-2018-01310,9.5,9.28,0.7732,3,2,7,46,8,0,53,7.7,10.0,1,0,2,0,1,27,0
ISW-2018-01311,9.34,9.6,0.9294,0,0,5,7,2,0,2,6.4,10.0,0,0,1,1,0,19,0
ISW-2021-01312,9.11,8.81,0.8769,2,1,6,47,8,0,44,6.4,10.0,1,1,1,1,0,21,0
ISW-2025-01313,7.48,7.62,0.8367,3,2,6,18,4,1,21,4.8,8.6,1,1,2,1,0,24,0
ISW-2019-01314,9.55,9.59,0.8505,0,0,6,0,1,0,0,8.4,9.9,0,0,2,0,0,19,0
ISW-2024-01315,7.56,7.59,0.8611,0,0,6,0,1,0,0,6.8,9.2,0,0,0,1,0,20,0
ISW-2024-01316,8.54,8.65,0.8164,1,1,7,27,5,1,12,7.4,9.4,0,0,2,1,1,21,1
ISW-2025-01317,6.68,6.97,0.692,3,2,5,18,4,1,41,6.1,7.3,0,0,1,0,1,21,1
ISW-2020-01318,8.78,8.31,0.7988,0,0,6,0,1,0,0,5.3,9.8,1,0,1,0,0,25,0
ISW-2019-01319,9.08,8.68,0.9109,0,0,5,28,5,1,7,6.6,10.0,0,1,0,0,0,20,0
ISW-2018-01320,9.71,9.69,0.8306,0,0,6,42,7,0,12,6.4,10.0,0,0,0,1,0,24,0
ISW-2020-01321,7.52,7.13,0.8299,1,1,7,13,3,0,17,5.2,7.7,0,0,2,1,1,23,0
ISW-2024-01322,9.14,9.29,0.8958,0,0,7,14,3,0,7,6.7,10.0,0,0,1,0,0,20,0
ISW-2020-01323,9.85,10.0,0.9063,0,0,6,0,1,0,0,9.2,10.0,1,1,0,0,0,20,0
ISW-2019-01324,8.56,8.45,0.8203,1,0,5,34,6,0,21,5.0,8.8,0,2,1,0,0,19,0
ISW-2024-01325,6.47,6.4,0.6838,4,3,5,3,2,1,16,3.4,7.2,0,0,0,0,1,18,1
ISW-2019-01326,8.02,7.89,0.7973,0,0,7,42,7,0,69,4.5,8.5,0,0,0,1,0,23,0
ISW-2019-01327,7.95,8.22,0.9069,0,0,7,7,2,1,3,7.2,9.0,1,1,1,0,0,22,0
ISW-2021-01328,8.14,8.29,0.8569,0,0,6,21,4,0,16,5.1,8.9,0,0,1,1,0,27,0
ISW-2018-01329,8.01,8.45,0.9105,1,1,6,6,2,1,4,5.9,9.5,0,2,0,0,1,19,0
ISW-2020-01330,8.93,8.37,0.7969,0,0,5,0,1,0,0,5.6,9.5,0,3,0,0,0,21,0
ISW-2023-01331,9.27,9.31,0.9117,4,4,6,31,6,1,9,6.2,10.0,0,1,0,1,1,22,1
ISW-2019-01332,7.58,7.53,0.9297,1,1,5,13,3,0,14,5.1,8.8,1,3,1,0,1,23,0
ISW-2024-01333,8.15,7.91,0.8555,0,0,6,14,3,1,8,6.8,9.6,0,0,2,1,0,25,0
ISW-2025-01334,9.01,9.16,0.8677,0,0,6,56,9,0,18,7.8,10.0,0,0,1,1,1,25,0
ISW-2021-01335,8.24,8.52,0.8933,1,1,5,55,9,0,40,7.0,10.0,1,0,1,1,1,25,0
ISW-2024-01336,6.44,7.1,0.9369,3,2,5,39,7,0,50,4.1,7.8,0,0,0,1,0,20,0
ISW-2021-01337,9.18,8.94,0.9032,0,0,7,0,1,0,0,7.1,10.0,0,0,0,0,1,27,0
ISW-2021-01338,8.31,8.42,0.8325,0,0,6,21,4,0,7,5.6,9.2,0,1,2,0,0,28,0
ISW-2024-01339,8.72,8.58,0.9046,0,0,6,42,7,1,30,6.5,9.3,0,1,0,1,0,21,0
ISW-2021-01340,8.23,8.75,0.9274,0,0,7,7,2,1,2,5.6,9.5,1,0,0,0,0,22,0
ISW-2018-01341,7.72,7.76,0.9197,0,0,7,0,1,0,0,4.3,9.5,1,1,0,1,1,26,0
ISW-2025-01342,7.21,7.66,0.8426,3,1,7,32,6,0,29,4.2,9.1,1,0,1,0,1,23,0
ISW-2024-01343,7.75,8.29,0.9086,3,3,7,11,3,0,11,6.6,9.6,1,0,0,1,0,23,0
ISW-2025-01344,8.86,9.07,0.9293,0,0,6,21,4,1,4,8.0,10.0,0,0,0,0,1,21,0
ISW-2020-01345,8.61,8.81,0.7886,3,2,1,60,10,0,77,6.1,10.0,0,1,1,1,1,31,1
ISW-2021-01346,9.77,9.39,0.9799,0,0,6,21,4,1,3,7.7,10.0,0,1,0,0,1,22,0
ISW-2019-01347,9.38,9.17,0.8088,1,1,6,13,3,1,4,7.0,10.0,1,1,0,0,0,25,0
ISW-2019-01348,8.69,8.53,0.9021,2,2,7,5,2,1,6,5.1,10.0,1,0,2,1,0,20,0
ISW-2021-01349,8.11,8.24,0.9017,1,0,6,13,3,1,10,7.1,8.7,0,0,2,0,0,26,0
ISW-2023-01350,6.93,7.0,0.9151,0,0,5,0,1,0,0,5.9,8.2,0,3,0,0,0,26,0
ISW-2025-01351,9.65,9.75,0.9997,0,0,5,35,6,1,3,8.9,10.0,1,0,0,0,0,27,0
ISW-2021-01352,7.98,8.04,0.9316,1,1,6,34,6,1,29,5.6,8.7,1,0,0,0,0,24,0
ISW-2024-01353,8.56,8.61,0.7815,1,1,6,6,2,0,12,7.1,10.0,1,0,0,0,0,22,0
ISW-2023-01354,9.3,8.73,0.9027,0,0,6,7,2,0,5,6.4,9.9,0,0,2,0,1,29,0
ISW-2019-01355,9.53,9.47,0.9107,1,1,7,41,7,0,13,8.5,10.0,0,1,1,0,0,23,0
ISW-2018-01356,8.92,9.02,0.9712,0,0,6,0,1,0,0,6.7,10.0,0,0,0,0,0,19,0
ISW-2023-01357,9.22,9.3,0.9009,1,0,6,13,3,0,6,7.9,9.7,0,1,1,1,1,26,0
ISW-2023-01358,8.8,8.82,0.9614,0,0,7,14,3,0,8,5.5,9.8,1,3,0,1,0,21,0
ISW-2023-01359,7.46,7.26,0.7727,2,1,7,26,5,0,42,3.9,8.8,0,0,0,0,1,23,1
ISW-2023-01360,7.6,8.01,0.9085,0,0,6,0,1,0,0,5.1,8.9,0,0,2,0,1,18,0
ISW-2020-01361,8.51,8.71,0.9784,1,0,5,20,4,0,4,7.7,9.5,0,2,0,0,0,23,0
ISW-2021-01362,8.64,8.7,0.8211,1,1,7,6,2,0,4,5.7,9.3,0,1,0,1,0,22,0
ISW-2023-01363,9.27,9.01,0.7474,4,2,6,17,4,2,23,6.5,10.0,0,2,2,1,0,22,1
ISW-2022-01364,8.68,8.86,0.856,0,0,7,0,1,0,0,7.0,10.0,0,0,0,0,0,20,0
ISW-2024-01365,8.83,9.04,0.9614,0,0,6,14,3,1,2,6.4,9.5,1,1,0,0,1,24,0
ISW-2020-01366,8.12,8.22,0.9158,0,0,5,14,3,1,9,5.2,9.2,0,3,0,1,0,19,0
ISW-2018-01367,7.57,7.32,0.9215,0,0,5,0,1,0,0,4.0,8.0,0,0,0,0,0,22,0
ISW-2024-01368,9.29,8.69,0.8068,0,0,7,0,1,0,0,7.0,9.5,0,2,0,0,0,22,0
ISW-2023-01369,8.95,9.42,0.8802,0,0,6,0,1,0,0,8.2,10.0,0,1,0,0,0,24,0
ISW-2020-01370,8.67,8.59,0.8536,1,1,7,6,2,1,4,5.8,9.2,1,2,0,1,0,22,0
ISW-2020-01371,7.8,7.69,0.8675,0,0,6,0,1,0,0,6.5,8.7,1,0,0,0,0,22,0
ISW-2021-01372,6.2,6.42,0.7888,2,1,6,47,8,0,101,4.5,6.9,0,0,1,0,0,22,1
ISW-2020-01373,8.34,8.75,0.8952,0,0,7,14,3,0,8,6.1,9.4,1,0,2,1,1,23,0
ISW-2022-01374,7.16,7.58,0.734,3,3,5,32,6,1,66,5.8,9.3,1,3,1,0,1,25,1
ISW-2020-01375,7.55,7.71,0.8755,4,3,5,52,9,2,66,6.3,8.5,0,0,1,0,1,23,1
ISW-2021-01376,6.81,6.79,0.8053,0,0,7,0,1,0,0,5.8,7.8,0,0,2,0,0,26,0
ISW-2025-01377,8.44,8.6,0.688,2,1,5,19,4,0,20,5.6,9.2,0,2,0,1,0,22,0
ISW-2022-01378,8.05,8.04,0.7832,4,3,6,38,7,2,59,6.4,9.4,1,0,0,0,1,20,1
ISW-2020-01379,9.16,8.99,0.8169,0,0,5,21,4,1,7,5.8,10.0,0,1,0,0,1,28,0
ISW-2020-01380,7.82,7.96,0.7961,3,3,5,11,3,1,15,6.1,8.6,0,0,0,1,1,24,1
ISW-2024-01381,7.85,8.14,0.8833,0,0,6,14,3,0,9,5.9,9.0,1,1,2,1,0,23,0
ISW-2018-01382,9.45,8.94,0.9355,0,0,5,0,1,0,0,7.3,9.4,1,0,0,0,0,23,0
ISW-2022-01383,8.23,8.24,0.8967,1,1,6,13,3,1,14,5.2,9.5,0,1,2,0,0,21,0
ISW-2024-01384,8.73,8.87,0.8929,1,1,1,62,10,1,33,7.5,10.0,1,1,0,0,1,19,0
ISW-2019-01385,7.76,7.55,0.6725,2,1,5,54,9,0,92,4.8,8.2,0,0,0,0,1,27,1
ISW-2020-01386,8.61,8.21,0.8218,0,0,5,0,1,0,0,5.7,9.3,1,0,0,0,1,27,0
ISW-2025-01387,7.11,7.12,0.6115,4,4,5,24,5,1,52,5.9,7.9,0,0,0,1,1,19,1
ISW-2025-01388,7.93,7.91,0.8369,0,0,7,7,2,0,4,6.7,9.3,0,1,0,1,1,26,0
ISW-2025-01389,8.05,8.21,0.942,0,0,6,42,7,0,40,6.7,9.0,1,0,1,1,0,24,0
ISW-2025-01390,5.79,6.09,0.7272,0,0,5,0,1,0,0,3.4,7.8,0,0,0,0,1,20,0
ISW-2023-01391,8.57,8.45,0.8654,0,0,7,49,8,1,28,6.9,8.9,0,0,2,0,1,22,0
ISW-2018-01392,7.13,7.24,0.7469,5,5,5,30,6,2,61,5.6,8.3,0,1,2,1,1,21,1
ISW-2022-01393,8.06,8.31,0.8654,0,0,7,0,1,0,0,5.2,9.8,0,1,0,0,1,22,0
ISW-2019-01394,6.51,6.26,0.6278,0,0,6,0,1,0,0,3.3,7.6,0,0,2,0,0,21,0
ISW-2019-01395,8.15,8.04,0.8646,3,3,7,32,6,1,22,5.1,9.7,0,2,0,0,1,20,0
ISW-2020-01396,6.95,7.52,0.8025,0,0,6,0,1,0,0,5.9,9.1,1,1,0,0,1,22,0
ISW-2024-01397,7.61,7.33,0.7792,0,0,5,14,3,0,31,6.3,8.2,1,2,0,0,1,23,0
ISW-2024-01398,9.02,8.69,0.9031,0,0,6,49,8,1,19,7.2,10.0,0,1,1,0,1,21,0
ISW-2023-01399,8.97,9.28,0.8877,0,0,6,21,4,1,7,7.5,10.0,0,0,0,1,1,28,0
ISW-2021-01400,10.0,9.91,0.9832,1,1,5,6,2,0,1,6.5,10.0,1,3,1,0,0,23,0
ISW-2022-01401,8.46,8.33,0.7844,2,1,5,12,3,1,28,7.3,9.9,0,2,2,0,1,27,1
ISW-2025-01402,8.3,8.39,0.746,0,0,6,0,1,0,0,6.4,10.0,0,1,0,0,1,19,0
ISW-2019-01403,7.32,7.36,0.9153,2,1,5,54,9,1,67,4.6,8.7,0,0,2,0,1,20,1
ISW-2018-01404,7.61,7.98,0.8814,0,0,7,7,2,0,0,7.0,9.7,0,0,1,0,0,21,0
ISW-2025-01405,8.21,8.36,0.7979,0,0,6,0,1,0,0,6.2,9.0,0,1,0,0,1,26,0
ISW-2023-01406,9.01,9.46,0.8375,0,0,6,7,2,0,1,6.4,10.0,1,0,0,0,1,23,0
ISW-2020-01407,9.31,9.39,0.9136,0,0,6,56,9,1,21,6.0,10.0,1,1,0,0,0,26,0
ISW-2024-01408,7.8,7.9,0.8411,0,0,6,0,1,0,0,5.4,8.8,0,0,0,1,1,18,0
ISW-2025-01409,6.99,7.04,0.9339,4,2,6,38,7,1,69,3.7,8.5,0,1,1,0,1,23,1
ISW-2025-01410,8.51,8.57,0.8318,2,1,7,26,5,1,21,5.5,10.0,0,0,0,0,1,17,0
ISW-2020-01411,6.54,6.8,0.8254,2,1,7,33,6,1,63,5.5,7.8,0,0,0,1,0,18,1
ISW-2020-01412,8.78,8.81,0.8557,1,1,5,55,9,0,40,6.0,10.0,1,0,1,1,0,19,0
ISW-2022-01413,9.02,8.43,0.8153,0,0,7,35,6,1,16,7.4,10.0,0,2,1,1,1,25,0
ISW-2025-01414,8.06,8.73,0.7626,0,0,7,49,8,1,43,7.8,9.1,1,1,2,0,1,25,0
ISW-2025-01415,6.85,6.9,0.7563,0,0,7,0,1,0,0,5.0,7.8,0,3,0,1,0,22,0
ISW-2018-01416,7.38,7.4,0.7774,2,2,5,33,6,1,60,5.0,9.0,0,1,1,0,1,22,1
ISW-2018-01417,8.49,8.46,0.8912,1,1,7,13,3,0,6,6.8,9.2,0,2,0,1,0,20,0
ISW-2019-01418,6.36,6.7,0.9213,2,2,6,12,3,0,25,4.9,7.6,0,1,1,1,0,23,0
ISW-2020-01419,8.73,8.24,0.7623,0,0,7,42,7,0,62,7.3,9.8,1,2,0,0,1,23,0
ISW-2023-01420,6.05,6.84,0.6504,4,3,7,52,9,2,117,4.6,7.3,0,3,0,1,0,27,1
ISW-2019-01421,7.81,7.53,0.653,1,1,6,27,5,0,39,5.1,8.8,0,1,2,1,0,27,0
ISW-2022-01422,8.3,8.24,0.8391,2,1,5,12,3,1,13,6.8,8.9,0,0,1,0,1,20,0
ISW-2024-01423,8.59,8.27,0.9389,2,1,5,12,3,1,4,5.0,9.4,0,1,1,0,0,21,0
ISW-2023-01424,7.73,7.98,0.8233,0,0,5,7,2,0,8,5.2,9.0,1,0,0,1,0,22,0
ISW-2022-01425,9.95,10.0,0.8835,1,1,5,6,2,0,2,7.7,10.0,0,0,1,0,0,21,0
ISW-2018-01426,8.71,8.56,0.8396,1,1,6,6,2,1,1,6.5,9.9,0,1,0,0,1,21,0
ISW-2022-01427,8.98,9.15,0.8946,0,0,7,0,1,0,0,7.1,10.0,0,2,0,0,1,21,0
ISW-2019-01428,8.71,8.53,0.9611,0,0,5,0,1,0,0,5.2,9.5,0,0,0,1,0,25,0
ISW-2024-01429,7.89,7.9,0.8895,2,2,6,33,6,1,41,4.6,9.2,0,0,0,1,0,26,1
ISW-2020-01430,7.7,8.04,0.9078,0,0,7,14,3,1,10,5.0,8.5,0,2,0,0,0,26,0
ISW-2022-01431,8.55,8.97,0.8676,1,1,7,48,8,1,25,7.1,9.4,0,0,1,1,1,26,1
ISW-2019-01432,9.38,9.35,0.8372,1,0,5,20,4,0,12,6.2,10.0,0,0,0,1,1,22,0
ISW-2021-01433,7.92,7.8,0.8427,0,0,6,0,1,0,0,4.5,8.5,0,1,2,0,0,19,0
ISW-2019-01434,5.71,6.07,0.832,0,0,6,0,1,0,0,3.6,7.0,1,2,2,0,1,20,0
ISW-2024-01435,7.97,8.52,0.9208,0,0,7,0,1,0,0,6.0,9.6,0,1,0,0,1,18,0
ISW-2021-01436,9.84,9.23,0.8079,0,0,5,56,9,0,27,5.7,10.0,0,1,1,1,0,23,0
ISW-2022-01437,8.15,7.94,0.8723,0,0,6,0,1,0,0,5.3,8.4,0,0,0,0,0,23,0
ISW-2020-01438,5.0,5.0,0.7866,3,2,6,11,3,0,31,2.4,6.4,0,0,2,0,1,19,1
ISW-2025-01439,7.71,7.38,0.9114,2,2,6,47,8,1,49,4.7,9.0,1,2,0,0,1,18,0
ISW-2021-01440,10.0,9.38,0.9324,1,1,6,55,9,1,15,7.4,10.0,0,2,0,0,0,22,0
ISW-2021-01441,7.34,7.17,0.7227,3,2,6,4,2,1,12,5.0,8.3,0,0,0,0,0,22,1
ISW-2024-01442,9.66,9.68,0.9512,0,0,5,0,1,0,0,8.6,10.0,1,0,2,0,1,21,0
ISW-2023-01443,10.0,9.98,0.9048,0,0,5,0,1,0,0,8.5,10.0,1,0,0,0,1,25,0
ISW-2025-01444,6.45,6.17,0.7903,0,0,5,0,1,0,0,4.4,7.0,1,0,2,1,0,20,0
ISW-2021-01445,8.52,8.42,0.8023,0,0,6,0,1,0,0,5.5,9.3,0,0,0,1,0,20,0
ISW-2025-01446,7.25,7.31,0.4952,2,1,5,19,4,0,41,5.0,8.7,0,0,1,1,0,22,1
ISW-2022-01447,8.42,8.84,0.9027,0,0,5,49,8,0,21,6.1,10.0,0,2,0,0,1,18,0
ISW-2021-01448,8.65,8.43,0.8862,0,0,6,14,3,1,5,6.8,9.8,0,0,0,0,1,18,0
ISW-2020-01449,8.02,8.03,0.9006,2,1,5,19,4,1,19,4.6,9.3,0,1,0,1,0,29,0
ISW-2024-01450,8.33,8.42,0.969,0,0,6,0,1,0,0,7.0,9.8,1,1,0,0,1,18,0
ISW-2019-01451,8.59,8.48,0.91,3,2,7,32,6,1,31,6.5,9.9,0,2,1,0,0,23,1
ISW-2019-01452,5.69,5.83,0.9228,2,1,7,19,4,1,36,4.9,7.2,0,3,1,0,1,18,0
ISW-2025-01453,9.54,9.21,0.9218,0,0,5,42,7,0,15,7.0,10.0,0,0,0,0,0,18,0
ISW-2019-01454,7.28,7.41,0.7696,4,3,6,45,8,1,85,6.3,9.1,0,0,0,0,0,21,1
ISW-2019-01455,9.05,9.31,0.8388,0,0,5,7,2,1,4,8.2,9.7,0,1,0,1,0,18,0
ISW-2025-01456,8.69,8.62,0.7773,0,0,6,0,1,0,0,5.5,9.5,1,0,1,1,0,20,0
ISW-2020-01457,8.7,8.65,0.7958,3,2,6,4,2,0,6,6.2,9.5,0,0,1,1,1,24,0
ISW-2018-01458,8.36,8.51,0.8366,2,2,5,12,3,0,6,6.1,9.8,1,0,2,1,0,21,0
ISW-2023-01459,8.51,8.29,0.8665,1,1,7,48,8,1,34,6.3,9.2,0,2,2,1,0,22,1
ISW-2023-01460,8.99,8.6,0.8155,1,1,6,6,2,0,8,6.4,9.3,1,0,0,0,1,20,0
ISW-2024-01461,9.22,8.97,0.7488,1,0,6,34,6,0,41,6.7,10.0,0,1,0,0,0,26,0
ISW-2019-01462,8.93,8.59,0.885,2,1,6,12,3,1,9,6.1,9.0,1,0,2,1,0,23,0
ISW-2018-01463,7.35,7.9,0.8231,0,0,5,0,1,0,0,5.8,9.3,1,1,0,0,0,19,0
ISW-2024-01464,8.22,8.71,0.9195,0,0,5,7,2,1,4,7.7,10.0,0,0,0,1,1,21,0
ISW-2024-01465,8.18,8.06,0.7943,1,1,6,20,4,0,34,4.8,8.9,0,2,0,0,1,23,0
ISW-2023-01466,7.08,7.23,0.9474,3,3,5,25,5,0,33,6.1,8.9,1,1,1,0,1,18,1
ISW-2021-01467,8.62,8.47,0.8339,1,1,6,13,3,0,12,7.2,10.0,0,0,1,1,1,29,0
ISW-2023-01468,8.31,7.8,0.817,3,2,7,4,2,0,11,6.3,8.5,1,0,2,1,0,21,1
ISW-2022-01469,7.11,7.16,0.6301,3,2,6,25,5,1,46,4.2,7.8,1,2,0,1,0,22,1
ISW-2022-01470,7.68,7.43,0.8888,0,0,5,0,1,0,0,6.5,9.2,1,2,0,0,1,19,0
ISW-2018-01471,7.09,7.56,0.9145,5,3,7,44,8,2,74,4.3,8.9,0,0,0,0,0,26,1
ISW-2024-01472,8.83,8.68,0.8871,0,0,6,0,1,0,0,6.2,9.9,0,0,1,0,1,24,0
ISW-2022-01473,7.91,8.16,0.843,0,0,6,0,1,0,0,4.7,8.5,1,0,0,1,0,28,0
ISW-2019-01474,9.14,8.87,0.6797,1,1,7,13,3,1,20,6.5,9.2,0,0,2,0,0,25,1
ISW-2023-01475,9.31,8.97,0.923,1,1,6,13,3,0,4,5.9,9.5,0,0,0,0,1,25,0
ISW-2022-01476,8.47,8.2,0.9215,1,0,7,13,3,1,10,5.1,9.2,0,0,1,0,0,22,0
ISW-2020-01477,9.12,9.0,0.8577,0,0,6,14,3,0,5,6.6,9.6,1,0,2,1,1,19,0
ISW-2024-01478,8.52,8.16,0.8598,2,1,1,61,10,1,28,6.2,9.2,0,2,0,0,1,25,0
ISW-2023-01479,6.98,7.02,0.5316,2,2,5,12,3,1,28,5.7,8.3,0,2,1,1,1,24,1
ISW-2021-01480,8.29,8.04,0.7684,0,0,5,14,3,0,20,5.7,8.8,0,2,0,0,1,28,1
ISW-2019-01481,9.05,9.0,0.8298,0,0,6,14,3,0,7,6.8,10.0,1,1,2,1,0,23,0
ISW-2021-01482,8.79,8.39,0.8458,0,0,7,0,1,0,0,6.0,9.7,0,1,2,1,0,21,0
ISW-2023-01483,7.89,8.31,0.8636,4,1,7,17,4,2,14,7.2,9.3,1,0,1,0,1,19,0
ISW-2024-01484,7.83,7.74,0.9169,0,0,5,7,2,0,8,4.4,8.9,1,1,0,0,0,23,0
ISW-2021-01485,7.58,7.56,0.8914,2,1,5,19,4,1,25,6.0,8.1,1,0,2,0,0,21,0
ISW-2020-01486,7.61,7.49,0.7521,0,0,6,0,1,0,0,5.2,8.3,1,1,2,0,0,22,0
ISW-2023-01487,7.49,7.36,0.836,2,1,1,61,10,1,92,5.6,8.1,0,3,1,1,1,20,1
ISW-2019-01488,7.91,8.16,0.776,1,1,7,13,3,1,19,5.6,9.6,0,2,2,0,1,25,0
ISW-2020-01489,8.03,8.23,0.7435,0,0,7,42,7,0,58,6.7,9.0,0,0,0,0,0,23,0
ISW-2020-01490,9.68,9.39,0.9624,1,1,7,13,3,0,6,8.2,9.9,1,1,0,1,0,27,0
ISW-2020-01491,8.96,8.52,0.8209,0,0,6,0,1,0,0,7.5,9.5,0,0,0,0,0,21,0
ISW-2021-01492,8.5,8.76,0.8917,2,1,5,33,6,0,13,5.9,9.7,0,0,0,0,0,26,0
ISW-2025-01493,8.65,8.96,0.7398,0,0,6,21,4,1,20,7.5,10.0,1,0,0,1,0,29,1
ISW-2025-01494,9.15,8.38,0.8581,3,2,7,32,6,0,22,6.3,9.8,0,0,1,1,1,25,1
ISW-2018-01495,8.48,8.39,0.8081,0,0,7,14,3,1,11,6.8,8.9,1,1,0,0,1,23,0
ISW-2023-01496,8.75,8.86,0.9512,1,0,7,20,4,1,6,7.8,10.0,0,0,0,0,1,22,0
ISW-2020-01497,8.48,8.68,0.8244,0,0,7,42,7,0,12,6.3,9.5,0,0,1,0,1,23,0
ISW-2019-01498,8.13,7.91,0.7488,0,0,5,21,4,0,35,5.1,8.9,0,3,1,0,1,21,0
ISW-2021-01499,7.77,7.9,0.7926,1,1,5,6,2,1,11,6.7,9.4,0,1,2,1,1,21,0
ISW-2025-01500,7.73,7.73,0.9049,3,2,7,18,4,1,23,6.8,8.9,0,0,0,0,1,23,1
ISW-2025-01501,8.84,7.97,0.8374,1,1,5,27,5,0,30,6.8,8.7,1,1,2,0,1,19,1
ISW-2025-01502,8.57,8.47,0.7903,2,2,5,54,9,0,46,5.5,8.9,0,1,0,0,1,22,0
ISW-2024-01503,7.56,8.02,0.8636,1,0,6,6,2,0,5,6.9,9.4,0,1,0,1,0,22,0
ISW-2020-01504,6.86,6.84,0.8553,1,1,5,13,3,0,21,5.0,7.8,1,1,1,1,0,23,0
ISW-2021-01505,9.38,9.03,0.7553,2,2,5,33,6,0,34,8.0,10.0,1,2,0,0,1,25,0
ISW-2025-01506,7.57,7.69,0.8609,2,2,5,12,3,1,11,4.5,9.2,0,0,1,0,1,28,0
ISW-2020-01507,9.01,8.55,0.9628,0,0,7,28,5,1,19,7.2,9.1,1,1,0,0,1,27,0
ISW-2025-01508,8.72,9.08,0.9385,1,1,7,13,3,0,11,7.9,9.4,0,0,0,0,0,22,0
ISW-2022-01509,9.49,8.74,0.7994,0,0,6,0,1,0,0,5.9,9.4,0,2,0,1,1,25,0
ISW-2019-01510,8.82,8.58,0.912,0,0,6,28,5,1,18,6.4,10.0,0,0,0,1,1,23,0
ISW-2022-01511,8.07,7.53,0.7039,0,0,7,0,1,0,0,4.2,8.0,1,0,0,1,1,22,0
ISW-2025-01512,8.42,8.34,0.8777,0,0,7,0,1,0,0,6.5,9.0,0,3,0,0,0,26,0
ISW-2020-01513,8.09,8.29,0.8591,0,0,5,21,4,0,10,6.7,10.0,0,1,0,1,0,20,0
ISW-2024-01514,8.03,8.58,0.9474,0,0,7,28,5,1,13,7.3,8.9,1,0,1,0,0,22,0
ISW-2022-01515,9.14,9.44,0.9517,0,0,6,42,7,0,8,6.9,10.0,0,0,0,0,1,25,0
ISW-2018-01516,7.62,8.2,0.877,2,1,6,5,2,0,4,7.1,9.9,0,0,1,0,0,20,0
ISW-2023-01517,7.85,7.81,0.7871,0,0,5,0,1,0,0,5.4,8.4,1,3,1,1,1,24,0
ISW-2018-01518,8.42,8.4,0.7782,3,1,7,53,9,0,74,5.4,8.9,0,0,0,1,0,23,1
ISW-2022-01519,9.43,8.86,0.8783,0,0,7,0,1,0,0,6.4,10.0,0,0,0,0,1,20,0
ISW-2024-01520,7.99,7.9,0.883,0,0,5,0,1,0,0,5.7,9.0,0,1,1,1,0,20,0
ISW-2022-01521,7.66,7.42,0.5563,3,2,6,4,2,1,14,4.2,8.3,1,0,2,1,1,21,1
ISW-2023-01522,6.84,7.09,0.8843,3,2,7,11,3,0,21,5.1,7.6,0,0,0,1,1,20,1
ISW-2024-01523,7.53,7.12,0.6166,1,1,7,41,7,0,75,5.9,8.2,0,2,2,0,1,23,1
ISW-2020-01524,7.41,7.44,0.8658,0,0,7,28,5,0,31,5.4,9.2,0,0,0,1,1,19,0
ISW-2025-01525,8.01,8.14,0.7949,3,1,5,25,5,0,38,5.0,8.8,0,2,0,1,0,21,0
ISW-2023-01526,6.02,6.43,0.7701,0,0,5,0,1,0,0,4.5,7.7,1,2,0,1,0,19,0
ISW-2018-01527,8.5,8.63,0.7818,1,1,6,6,2,0,10,6.1,9.0,0,0,0,0,0,18,0
ISW-2022-01528,8.44,8.94,0.8338,1,0,6,13,3,0,11,7.7,10.0,0,1,0,1,1,23,0
ISW-2021-01529,8.08,8.41,0.7866,0,0,7,0,1,0,0,7.3,9.4,0,2,0,1,1,18,0
ISW-2020-01530,8.56,8.39,0.9592,1,1,5,6,2,0,2,6.3,8.8,0,1,0,0,0,29,0
ISW-2022-01531,6.97,6.98,0.8995,4,2,5,3,2,2,11,4.0,8.5,0,1,1,1,1,22,1
ISW-2021-01532,9.36,9.3,0.9071,0,0,6,0,1,0,0,8.2,10.0,1,0,0,0,0,24,0
ISW-2018-01533,7.83,7.98,0.7936,4,3,6,17,4,1,37,5.9,8.4,1,0,2,0,0,24,1
ISW-2022-01534,7.09,6.82,0.8787,3,2,5,25,5,0,48,4.7,8.5,0,1,2,0,0,22,0
ISW-2023-01535,8.44,8.7,0.8261,0,0,5,0,1,0,0,6.6,9.6,0,0,0,0,1,18,0
ISW-2025-01536,7.25,7.33,0.9477,2,1,6,12,3,0,15,5.4,8.7,0,0,0,0,0,20,0
ISW-2022-01537,8.13,8.33,0.8727,0,0,6,35,6,1,30,6.0,10.0,0,1,0,0,1,24,0
ISW-2021-01538,7.72,7.89,0.8503,1,1,6,27,5,1,22,5.8,8.8,0,0,2,0,1,23,1
ISW-2022-01539,8.1,8.21,0.9347,1,1,5,34,6,1,23,7.2,9.7,0,2,0,0,1,27,0
ISW-2025-01540,9.22,9.24,0.8813,0,0,7,14,3,0,9,6.8,9.7,1,2,0,0,0,22,0
ISW-2024-01541,7.29,7.11,0.6928,2,1,6,33,6,0,67,3.9,7.5,1,2,2,1,1,25,1
ISW-2020-01542,7.53,7.72,0.832,1,1,6,6,2,0,5,5.8,8.7,0,0,0,0,1,21,0
ISW-2025-01543,8.32,8.21,0.9432,1,1,5,6,2,1,4,6.9,9.5,1,0,0,0,0,21,0
ISW-2020-01544,6.69,6.66,0.8061,0,0,5,0,1,0,0,4.3,7.3,0,2,2,0,0,26,0
ISW-2018-01545,8.08,8.4,0.8927,2,1,6,12,3,0,10,7.2,8.9,0,0,2,0,0,18,0
ISW-2022-01546,10.0,9.93,0.8852,1,1,7,6,2,1,1,7.9,10.0,1,1,0,0,0,23,0
ISW-2025-01547,6.84,6.7,0.9346,2,1,7,5,2,1,13,4.7,7.5,0,1,0,1,0,23,0
ISW-2023-01548,5.16,5.0,0.7932,6,2,6,22,5,1,51,3.6,5.5,0,0,0,0,1,21,1
ISW-2022-01549,8.46,8.54,0.9614,0,0,6,7,2,1,3,6.8,9.5,1,0,0,0,0,21,0
ISW-2018-01550,9.55,9.27,0.9558,2,1,7,5,2,0,3,6.4,10.0,0,1,0,0,1,20,0
ISW-2021-01551,9.73,9.44,0.968,0,0,7,0,1,0,0,7.9,10.0,1,0,0,0,0,29,0
ISW-2022-01552,7.42,8.0,0.8709,1,1,7,13,3,1,19,6.1,9.2,0,2,1,1,1,20,0
ISW-2019-01553,9.53,9.2,0.8866,0,0,6,7,2,0,6,8.0,10.0,1,1,1,1,1,25,0
ISW-2019-01554,8.08,8.24,0.8129,0,0,7,7,2,0,3,7.1,9.8,0,0,2,0,0,24,0
ISW-2025-01555,8.23,8.78,0.8422,2,1,6,5,2,1,2,7.6,10.0,0,1,2,0,0,21,0
ISW-2019-01556,8.32,7.92,0.8615,0,0,7,28,5,1,27,5.0,8.7,0,0,0,0,0,19,0
ISW-2021-01557,8.83,9.24,0.8654,2,1,6,47,8,1,20,6.2,9.8,1,0,0,0,0,21,0
ISW-2024-01558,7.82,7.92,0.7729,6,3,5,8,3,1,23,4.6,9.2,0,3,0,0,1,21,1
ISW-2024-01559,7.91,7.89,0.8251,1,1,6,20,4,1,17,6.8,8.4,1,1,0,1,1,24,0
ISW-2019-01560,7.03,7.39,0.7411,3,1,5,39,7,0,67,5.5,8.4,0,1,0,0,1,21,1
ISW-2020-01561,9.26,8.95,0.8215,0,0,1,63,10,0,28,7.4,10.0,0,2,1,0,1,24,0
ISW-2025-01562,8.85,8.82,0.9103,0,0,6,21,4,0,13,7.8,10.0,0,1,0,1,0,24,0
ISW-2024-01563,8.98,8.62,0.9026,0,0,7,42,7,0,39,6.7,9.4,0,0,0,0,0,25,0
ISW-2019-01564,7.04,7.33,0.8799,1,1,5,41,7,0,39,5.0,8.7,1,0,0,0,0,27,0
ISW-2025-01565,8.41,8.4,0.8104,2,1,6,33,6,0,17,6.0,10.0,0,0,2,1,1,23,1
ISW-2021-01566,9.31,9.59,0.9508,0,0,6,14,3,0,6,6.8,9.9,0,0,1,0,0,28,0
ISW-2021-01567,7.85,8.08,0.7728,0,0,6,0,1,0,0,4.7,8.6,0,1,0,0,0,24,0
ISW-2023-01568,7.71,8.06,0.9488,0,0,7,0,1,0,0,5.4,9.7,0,1,0,1,1,22,0
ISW-2025-01569,7.84,7.53,0.7136,1,1,5,13,3,1,17,5.6,9.1,0,0,2,0,0,21,1
ISW-2024-01570,7.57,7.63,0.9187,0,0,5,14,3,0,12,6.0,9.0,1,1,0,1,0,29,0
ISW-2018-01571,7.92,8.2,0.8107,0,0,5,14,3,1,8,5.9,9.0,0,2,1,0,0,24,0
ISW-2021-01572,8.84,8.89,0.8455,1,0,7,20,4,1,14,7.0,9.2,0,3,1,0,0,23,0
ISW-2019-01573,6.92,6.49,0.7613,1,1,5,20,4,1,50,5.5,7.4,0,0,1,1,0,22,1
ISW-2020-01574,9.32,9.35,0.9185,0,0,5,35,6,0,2,6.9,10.0,0,3,0,0,0,24,0
ISW-2018-01575,8.64,8.33,0.8483,0,0,5,0,1,0,0,6.2,8.9,0,2,2,1,0,24,0
ISW-2018-01576,8.32,8.41,0.7545,0,0,6,7,2,1,6,6.2,9.6,0,0,0,0,1,22,0
ISW-2018-01577,10.0,10.0,0.9327,1,1,7,34,6,1,7,8.7,10.0,0,0,0,0,0,25,0
ISW-2023-01578,9.47,9.57,0.8092,1,0,5,34,6,0,7,7.0,10.0,1,0,0,1,1,23,0
ISW-2023-01579,6.25,6.4,0.9421,2,1,1,61,10,0,131,3.2,6.9,1,1,0,0,1,26,0
ISW-2019-01580,8.03,8.27,0.8386,1,1,5,41,7,0,28,5.8,9.3,1,1,0,0,1,24,0
ISW-2018-01581,8.68,8.43,0.7748,3,2,7,39,7,0,46,7.6,10.0,1,1,1,0,1,25,1
ISW-2022-01582,6.73,6.4,0.5681,5,5,5,2,2,1,17,4.5,7.9,0,2,2,1,0,22,0
ISW-2025-01583,7.73,8.03,0.9546,2,1,5,12,3,0,15,7.0,9.5,1,0,0,1,0,23,0
ISW-2019-01584,7.97,7.74,0.7113,3,2,5,4,2,1,12,4.9,8.1,0,0,2,0,0,21,1
ISW-2022-01585,8.56,8.99,0.8364,1,1,7,20,4,0,11,8.0,9.9,0,2,2,0,0,18,0
ISW-2019-01586,8.24,8.3,0.8412,1,1,7,48,8,1,41,6.0,9.9,0,3,0,0,1,25,0
ISW-2019-01587,9.15,9.05,0.817,1,1,5,6,2,0,5,6.9,9.8,0,2,1,0,1,21,0
ISW-2021-01588,6.62,6.92,0.8612,1,0,6,20,4,1,29,4.3,7.3,1,0,2,0,0,22,1
ISW-2022-01589,8.73,8.54,0.8352,2,1,5,5,2,1,4,7.2,10.0,1,0,1,1,0,24,0
ISW-2019-01590,9.34,9.33,0.9155,0,0,7,0,1,0,0,5.8,10.0,0,0,0,0,1,22,0
ISW-2025-01591,8.96,9.02,0.8248,0,0,7,0,1,0,0,7.4,10.0,0,0,2,0,0,19,0
ISW-2023-01592,8.18,8.51,0.9609,0,0,5,0,1,0,0,7.6,9.2,0,0,1,0,0,21,1
ISW-2018-01593,7.46,7.9,0.937,2,1,7,47,8,0,35,6.3,8.4,0,3,0,0,1,20,0
ISW-2023-01594,8.56,8.44,0.8113,1,1,5,13,3,0,11,5.8,8.8,1,1,0,0,1,19,0
ISW-2023-01595,8.43,8.51,0.8617,2,1,6,33,6,1,35,6.3,9.3,1,0,0,0,0,25,0
ISW-2021-01596,8.52,8.88,0.9083,1,1,7,27,5,0,14,6.6,10.0,0,0,0,0,0,23,0
ISW-2024-01597,8.54,8.67,0.8632,0,0,6,0,1,0,0,7.1,9.6,0,0,0,1,1,27,0
ISW-2025-01598,9.75,9.56,0.783,0,0,6,0,1,0,0,6.8,10.0,0,1,0,0,0,24,0
ISW-2024-01599,7.42,7.5,0.8354,1,1,6,34,6,0,31,4.7,7.9,0,1,2,0,1,23,1
ISW-2018-01600,8.94,8.95,0.9194,0,0,7,7,2,0,5,7.1,10.0,0,0,1,1,1,21,0
ISW-2020-01601,7.34,7.57,0.918,0,0,5,49,8,0,60,4.9,8.3,0,2,0,0,1,26,0
ISW-2020-01602,8.09,7.86,0.8496,0,0,6,0,1,0,0,4.8,8.8,0,0,0,0,1,23,0
ISW-2018-01603,8.66,9.03,0.8177,1,1,6,27,5,1,17,7.3,10.0,0,0,0,1,1,19,1
ISW-2025-01604,8.6,8.57,0.8295,1,1,5,34,6,0,19,5.4,9.2,0,3,0,0,0,20,0
ISW-2022-01605,9.52,9.67,0.9449,2,1,7,5,2,0,1,7.7,10.0,1,0,1,0,0,20,0
ISW-2022-01606,9.24,9.13,0.8807,2,1,7,5,2,1,4,6.7,9.7,0,0,0,1,1,21,0
ISW-2025-01607,6.56,6.65,0.7767,6,4,7,50,9,1,105,5.6,8.1,1,1,2,0,0,28,0
ISW-2024-01608,9.2,9.23,0.8887,0,0,7,7,2,1,3,6.8,10.0,0,0,0,1,1,24,0
ISW-2019-01609,8.44,8.45,0.9241,2,2,7,12,3,0,10,7.4,9.1,0,0,0,0,0,21,0
ISW-2020-01610,5.89,6.6,0.7656,2,1,5,12,3,0,27,3.3,7.2,0,0,2,0,0,20,1
ISW-2022-01611,9.56,9.59,0.9526,0,0,5,7,2,0,3,7.9,10.0,1,0,0,0,0,20,0
ISW-2025-01612,7.3,7.32,0.897,2,1,5,33,6,0,36,5.0,8.1,0,1,0,0,1,22,0
ISW-2019-01613,8.55,8.34,0.8843,0,0,7,35,6,0,19,7.2,9.0,0,0,0,0,0,26,0
ISW-2022-01614,7.53,8.05,0.8321,0,0,6,7,2,1,0,5.8,9.5,0,2,1,0,0,26,0
ISW-2025-01615,7.66,7.72,0.8437,1,1,6,34,6,1,34,5.6,8.8,1,2,0,0,0,24,0
ISW-2022-01616,9.4,9.63,0.7456,0,0,7,0,1,0,0,7.7,10.0,0,0,2,0,0,23,0
ISW-2023-01617,8.48,7.88,0.8736,0,0,7,0,1,0,0,6.9,9.2,0,0,1,0,1,18,0
ISW-2020-01618,6.17,6.38,0.8548,3,1,7,18,4,0,42,5.5,8.0,1,0,2,0,1,20,1
ISW-2019-01619,9.33,9.66,0.9222,0,0,1,63,10,1,27,6.6,10.0,0,0,1,0,1,23,0
ISW-2021-01620,6.8,6.7,0.8621,0,0,5,0,1,0,0,3.4,8.2,0,0,1,0,1,27,0
ISW-2019-01621,8.84,8.95,0.9284,0,0,6,0,1,0,0,7.1,10.0,1,2,1,1,0,30,0
ISW-2023-01622,7.46,7.92,0.909,2,2,6,12,3,0,14,4.7,9.1,0,0,0,0,1,26,0
ISW-2025-01623,8.67,8.86,0.8702,0,0,5,35,6,0,23,5.5,10.0,0,1,1,0,1,19,0
ISW-2025-01624,7.7,7.58,0.8966,0,0,5,0,1,0,0,6.1,8.6,0,1,1,1,1,19,0
ISW-2023-01625,8.95,8.98,0.882,1,1,5,6,2,0,2,7.4,9.8,0,2,0,1,0,21,0
ISW-2023-01626,7.11,7.02,0.7953,1,1,7,27,5,1,42,5.8,8.5,1,0,1,0,0,26,0
ISW-2023-01627,6.47,6.4,0.8537,4,2,7,3,2,2,14,4.6,6.9,0,0,0,0,0,21,1
ISW-2022-01628,8.06,7.99,0.8982,0,0,5,0,1,0,0,6.4,8.9,0,3,0,1,0,23,0
ISW-2024-01629,6.61,6.71,0.8,0,0,7,0,1,0,0,5.0,7.5,0,0,0,0,0,28,0
ISW-2020-01630,8.19,7.85,0.7985,0,0,7,14,3,1,19,5.7,9.4,0,1,0,0,1,26,0
ISW-2024-01631,7.87,8.13,0.8337,3,1,6,11,3,1,11,7.0,9.0,0,1,0,0,0,25,1
ISW-2021-01632,9.94,9.93,0.9594,1,0,6,41,7,1,15,9.0,10.0,0,1,0,0,0,22,0
ISW-2020-01633,9.65,9.59,0.8847,2,2,6,19,4,1,7,6.5,10.0,1,0,0,1,1,21,0
ISW-2018-01634,9.14,8.76,0.8276,0,0,5,28,5,1,13,7.6,9.4,0,0,0,0,1,23,0
ISW-2018-01635,6.86,7.4,0.7909,0,0,1,63,10,1,96,6.2,8.5,1,1,1,0,0,20,0
ISW-2024-01636,9.21,8.91,0.9484,1,1,5,13,3,1,5,8.0,10.0,0,1,0,0,0,24,0
ISW-2025-01637,8.42,9.0,0.7858,2,1,6,12,3,1,14,6.3,9.5,0,2,2,0,1,27,1
ISW-2019-01638,8.29,8.43,0.7362,1,1,7,48,8,0,52,6.3,9.6,1,1,2,1,1,18,0
ISW-2024-01639,9.13,9.28,0.8395,1,1,7,6,2,1,2,5.9,10.0,1,3,0,1,1,18,0
ISW-2018-01640,8.65,7.97,0.9241,2,1,5,26,5,0,25,4.6,9.1,0,3,0,0,0,23,0
ISW-2025-01641,8.29,7.88,0.758,1,1,6,27,5,0,44,6.4,9.5,0,1,0,1,1,19,1
ISW-2024-01642,9.22,9.23,0.9152,0,0,6,0,1,0,0,7.5,10.0,1,0,0,0,1,21,0
ISW-2024-01643,7.62,7.39,0.8752,4,2,6,10,3,2,18,5.2,7.9,0,0,0,0,0,28,0
ISW-2018-01644,6.48,7.1,0.7871,0,0,6,0,1,0,0,6.3,7.6,0,1,1,0,0,21,0
ISW-2018-01645,7.9,7.96,0.8637,0,0,6,0,1,0,0,4.8,9.4,0,1,1,0,1,25,0
ISW-2024-01646,8.72,8.93,0.9205,0,0,5,14,3,0,5,8.0,9.6,0,0,0,0,1,21,0
ISW-2023-01647,8.54,8.79,0.8511,0,0,7,7,2,1,2,6.3,9.6,0,1,1,1,0,23,0
ISW-2021-01648,9.27,9.04,0.7703,0,0,5,35,6,1,44,7.6,9.9,0,0,0,0,1,22,0
ISW-2022-01649,7.99,8.63,0.8437,0,0,6,42,7,1,21,7.4,10.0,1,0,2,0,1,25,0
ISW-2022-01650,6.23,6.05,0.8424,4,2,6,31,6,1,70,3.0,7.2,0,2,2,1,0,19,0
ISW-2021-01651,8.22,8.06,0.8468,3,1,5,4,2,1,8,5.5,9.7,0,0,0,1,0,24,0
ISW-2024-01652,7.64,7.2,0.861,1,0,6,6,2,0,13,4.0,7.9,1,1,1,0,0,18,0
ISW-2024-01653,6.66,6.48,0.8725,2,1,7,5,2,0,14,5.4,7.3,0,1,2,0,1,22,1
ISW-2025-01654,7.92,8.47,0.9278,0,0,6,0,1,0,0,6.6,10.0,0,1,0,1,0,20,0
ISW-2019-01655,8.77,8.62,0.8267,1,1,6,48,8,0,26,5.8,9.8,0,0,0,0,1,30,0
ISW-2018-01656,8.08,8.24,0.8436,0,0,7,14,3,1,7,5.1,9.8,0,1,1,0,0,24,0
ISW-2021-01657,7.93,7.99,0.853,3,2,5,4,2,1,7,5.9,8.8,0,0,0,0,1,19,0
ISW-2024-01658,8.32,8.28,1.0,0,0,7,35,6,1,28,5.3,9.8,1,1,0,0,1,24,0
ISW-2025-01659,8.41,8.12,0.868,0,0,7,7,2,0,9,5.2,8.7,1,0,1,0,1,24,0
ISW-2024-01660,8.95,8.5,0.7911,0,0,6,0,1,0,0,5.4,9.6,0,3,0,1,1,21,0
ISW-2024-01661,8.72,8.24,0.8993,0,0,7,0,1,0,0,5.1,9.8,0,2,0,0,0,25,0
ISW-2022-01662,9.67,9.47,0.7552,2,1,7,19,4,0,28,8.2,10.0,1,0,2,1,0,21,0
ISW-2019-01663,7.92,7.88,0.7614,1,1,5,34,6,0,50,6.3,8.7,0,0,0,0,0,24,0
ISW-2020-01664,7.81,7.94,0.9041,0,0,7,0,1,0,0,6.4,8.9,1,0,0,0,1,22,0
ISW-2025-01665,8.9,8.33,0.8658,2,1,5,47,8,0,39,6.1,9.4,0,1,1,0,0,30,1
ISW-2018-01666,7.85,7.75,0.8561,2,1,7,40,7,0,49,6.0,9.2,1,1,0,0,0,22,0
ISW-2018-01667,8.27,8.35,0.9286,2,1,7,33,6,1,30,5.3,9.1,1,1,1,0,0,28,0
ISW-2019-01668,9.57,9.09,0.8052,0,0,6,7,2,1,1,7.7,10.0,0,2,1,1,1,19,0
ISW-2020-01669,7.44,6.77,0.8774,0,0,7,0,1,0,0,3.3,8.6,0,1,0,0,0,22,0
ISW-2020-01670,8.18,8.64,0.9012,1,0,7,41,7,0,19,6.0,9.1,1,1,0,0,0,18,0
ISW-2024-01671,8.46,7.76,0.9206,0,0,7,7,2,1,6,5.2,8.2,0,0,2,0,1,25,0
ISW-2021-01672,7.02,6.67,0.851,3,3,5,18,4,0,25,5.8,7.4,0,1,2,0,0,25,1
ISW-2021-01673,6.74,7.16,0.7461,3,1,6,25,5,1,51,5.0,7.9,0,1,0,0,1,24,1
ISW-2019-01674,10.0,9.84,0.8998,0,0,6,0,1,0,0,7.1,10.0,0,2,0,0,1,21,0
ISW-2019-01675,7.33,7.51,0.9283,0,0,5,35,6,0,32,6.6,8.1,0,0,0,0,1,19,0
ISW-2019-01676,8.57,8.57,0.8088,1,0,5,48,8,0,36,7.7,9.8,0,0,2,1,0,28,0
ISW-2021-01677,7.38,7.71,0.8721,0,0,6,28,5,1,28,6.8,8.5,0,0,2,1,0,19,0
ISW-2020-01678,8.7,8.1,0.8805,1,1,5,13,3,1,7,6.0,8.7,1,3,0,0,1,22,0
ISW-2021-01679,7.31,7.81,0.9328,0,0,6,42,7,1,36,6.9,8.8,0,1,2,0,0,26,1
ISW-2023-01680,7.21,7.74,0.932,0,0,6,14,3,1,17,6.8,8.9,0,0,0,0,1,21,0
ISW-2021-01681,8.21,8.19,0.8805,1,1,6,27,5,1,20,6.3,8.6,0,0,0,0,1,20,0
ISW-2018-01682,8.04,7.95,0.901,1,1,6,34,6,0,46,5.8,8.3,1,1,1,1,0,23,0
ISW-2018-01683,6.61,6.34,0.7437,4,2,7,24,5,1,48,5.1,7.8,0,2,0,0,1,22,1
ISW-2023-01684,8.29,8.8,0.8518,1,1,5,6,2,0,3,7.1,10.0,1,3,1,1,0,20,0
ISW-2018-01685,5.92,6.31,0.8251,0,0,6,0,1,0,0,3.6,6.8,0,2,0,0,0,27,0
ISW-2021-01686,8.9,8.67,0.9026,0,0,6,7,2,1,6,7.0,9.5,0,2,1,1,0,22,0
ISW-2023-01687,8.02,8.5,0.7264,2,2,5,12,3,0,17,5.8,9.4,1,0,2,1,1,23,0
ISW-2019-01688,7.54,7.8,0.8081,1,0,7,13,3,1,11,5.3,9.2,1,0,0,1,1,20,0
ISW-2018-01689,6.66,6.59,0.7836,1,1,5,20,4,0,39,3.1,7.8,0,1,0,1,0,22,0
ISW-2024-01690,8.38,8.41,0.8979,0,0,7,7,2,1,7,6.2,10.0,0,1,1,0,1,21,0
ISW-2025-01691,7.62,7.13,0.7027,3,2,5,32,6,1,75,4.1,8.9,0,0,0,0,0,21,1
ISW-2018-01692,8.35,8.68,0.8472,1,1,7,48,8,0,37,7.3,9.1,0,1,1,0,0,25,0
ISW-2021-01693,7.48,7.01,0.8819,2,1,6,5,2,1,9,4.2,7.4,1,0,1,1,1,27,0
ISW-2024-01694,8.89,8.66,0.8427,0,0,6,28,5,1,13,6.0,9.9,1,0,0,1,1,20,0
ISW-2025-01695,8.24,8.03,0.7668,3,3,5,25,5,1,31,4.6,9.5,0,0,2,0,1,23,1
ISW-2022-01696,7.84,7.96,0.9066,2,1,5,12,3,1,11,6.2,9.7,0,2,0,1,1,24,0
ISW-2022-01697,9.19,8.86,0.8042,0,0,6,0,1,0,0,7.3,10.0,0,1,0,0,0,23,0
ISW-2018-01698,10.0,10.0,0.9138,0,0,5,35,6,1,2,7.2,10.0,0,1,0,0,0,20,0
ISW-2023-01699,6.89,6.64,0.8365,0,0,5,56,9,0,89,5.5,6.9,1,2,1,0,0,19,0
ISW-2022-01700,7.56,7.43,0.7659,2,2,7,26,5,1,43,6.5,9.1,0,2,2,0,1,21,1
ISW-2022-01701,9.78,9.54,0.9187,0,0,7,49,8,1,1,8.3,10.0,0,0,0,0,0,24,0
ISW-2019-01702,6.77,7.04,0.8969,2,2,1,61,10,1,101,3.6,8.5,0,2,0,1,0,27,1
ISW-2021-01703,9.32,9.3,0.8352,1,1,7,6,2,0,0,7.8,10.0,1,0,0,0,1,19,0
ISW-2023-01704,7.16,7.54,0.8014,0,0,7,21,4,1,22,4.8,8.9,0,1,1,0,0,24,0
ISW-2024-01705,9.35,9.38,0.9154,0,0,7,14,3,1,9,6.1,10.0,0,0,0,0,1,19,0
ISW-2024-01706,7.15,7.19,0.8614,1,1,1,62,10,1,65,4.7,8.7,0,0,0,0,1,29,1
ISW-2025-01707,8.65,8.88,0.9058,0,0,6,0,1,0,0,6.6,10.0,0,1,0,1,0,21,0
ISW-2022-01708,10.0,9.87,0.8631,0,0,5,14,3,0,2,9.0,10.0,0,0,0,1,0,25,0
ISW-2024-01709,9.06,8.99,0.9255,0,0,5,42,7,1,15,6.4,10.0,0,1,1,0,1,21,0
ISW-2024-01710,8.38,8.36,0.9019,1,0,6,6,2,0,8,6.7,10.0,0,1,0,1,1,27,0
ISW-2020-01711,8.84,8.46,0.8111,1,0,6,34,6,0,26,7.1,8.8,0,1,0,1,0,23,0
ISW-2025-01712,8.46,7.87,0.8466,2,1,6,5,2,1,6,4.4,9.3,1,0,0,1,1,21,0
ISW-2021-01713,9.15,9.51,0.8784,0,0,7,56,9,1,6,6.1,10.0,0,0,0,0,0,18,0
ISW-2025-01714,7.12,7.67,0.8722,1,0,6,41,7,1,41,4.5,8.8,0,0,0,0,1,22,0
ISW-2021-01715,7.55,7.34,0.858,2,0,6,5,2,0,10,4.5,7.8,0,2,0,1,1,27,1
ISW-2023-01716,8.82,9.14,0.9367,0,0,7,35,6,0,10,7.6,9.9,1,2,0,0,0,20,0
ISW-2018-01717,6.56,7.18,0.8154,3,3,6,4,2,0,10,5.0,8.4,1,0,0,0,1,24,1
ISW-2025-01718,9.81,9.33,0.9709,0,0,6,21,4,1,13,7.2,10.0,1,1,0,0,0,21,0
ISW-2023-01719,7.45,7.03,0.9653,1,1,5,20,4,0,23,4.3,8.4,0,1,1,0,1,20,1
ISW-2021-01720,6.44,6.42,0.7839,4,2,7,31,6,2,65,3.4,7.6,0,3,0,0,1,19,1
ISW-2024-01721,7.84,8.11,0.8232,0,0,6,0,1,0,0,5.9,8.8,0,0,0,1,1,22,0
ISW-2020-01722,7.87,8.0,0.867,1,0,5,6,2,1,7,6.8,8.9,0,1,1,0,0,22,0
ISW-2023-01723,8.77,8.79,0.8832,1,1,7,27,5,1,14,6.0,9.8,0,1,0,0,0,26,1
ISW-2022-01724,7.84,7.8,0.8325,1,1,5,20,4,0,22,6.1,9.4,0,0,0,1,0,20,0
ISW-2018-01725,8.09,7.39,0.8457,1,1,5,13,3,1,23,5.2,8.3,0,0,2,0,0,26,0
ISW-2019-01726,8.6,8.71,0.874,0,0,5,0,1,0,0,5.5,9.5,0,0,0,0,0,18,0
ISW-2023-01727,6.59,6.21,0.6691,2,2,6,5,2,1,13,4.9,7.1,0,1,2,1,1,19,1
ISW-2024-01728,8.9,8.86,0.9192,0,0,5,42,7,0,28,7.9,10.0,0,1,0,1,0,21,0
ISW-2021-01729,8.76,9.08,0.8494,0,0,7,0,1,0,0,6.9,10.0,1,1,2,1,1,18,0
ISW-2023-01730,8.02,7.68,0.8574,2,1,7,5,2,0,8,4.4,9.4,0,0,2,0,0,20,0
ISW-2018-01731,7.52,7.77,0.8478,1,1,6,48,8,1,55,6.8,9.3,1,2,0,0,0,24,0
ISW-2021-01732,8.06,8.23,0.8934,0,0,5,0,1,0,0,5.9,8.9,0,0,0,1,1,20,0
ISW-2022-01733,9.23,9.37,0.8106,3,1,5,25,5,0,9,6.5,10.0,1,3,1,1,0,25,0
ISW-2024-01734,9.42,9.13,0.8111,2,1,6,5,2,0,5,5.7,10.0,1,0,0,0,1,22,0
ISW-2018-01735,7.83,8.31,0.8392,0,0,7,42,7,0,24,7.2,9.5,0,2,0,1,1,22,0
ISW-2020-01736,9.28,9.11,0.9239,0,0,6,28,5,0,10,7.7,9.9,1,3,2,0,1,18,0
ISW-2023-01737,8.48,9.36,0.7926,1,1,6,41,7,1,36,8.5,9.8,0,2,1,0,1,21,0
ISW-2024-01738,8.75,8.21,0.8376,0,0,5,0,1,0,0,5.0,9.7,0,2,2,0,1,21,0
ISW-2022-01739,7.8,7.33,0.7457,3,2,6,11,3,1,30,4.2,7.8,1,0,2,0,1,22,1
ISW-2025-01740,8.14,8.46,0.8392,0,0,7,35,6,0,17,5.7,9.4,0,1,2,1,0,29,0
ISW-2018-01741,8.62,8.54,0.8434,1,1,7,6,2,1,8,7.4,9.8,0,1,1,0,0,24,0
ISW-2019-01742,8.39,8.08,0.8357,0,0,7,7,2,1,2,6.4,8.5,0,0,1,1,1,20,0
ISW-2021-01743,8.35,8.59,0.8299,0,0,6,0,1,0,0,7.2,9.3,0,3,2,0,0,24,0
ISW-2021-01744,7.1,7.8,0.6864,0,0,5,56,9,0,89,5.9,8.9,0,0,1,1,0,21,0
ISW-2020-01745,9.0,8.64,0.8522,0,0,5,28,5,0,15,6.2,10.0,0,0,0,0,1,23,0
ISW-2018-01746,7.82,7.72,0.7842,3,2,6,18,4,1,34,6.0,8.0,0,3,1,1,0,20,1
ISW-2022-01747,9.11,9.15,0.8505,1,0,6,27,5,1,17,8.0,9.6,0,0,0,0,0,22,0
ISW-2018-01748,5.91,5.71,0.8418,2,1,5,12,3,1,25,3.7,7.3,0,0,2,1,1,24,1
ISW-2022-01749,9.55,9.19,0.8938,0,0,7,14,3,0,3,5.9,9.7,0,0,1,0,0,20,0
ISW-2023-01750,8.63,8.66,0.9331,0,0,6,14,3,1,6,6.2,9.4,0,2,1,0,0,18,0
ISW-2020-01751,9.96,9.87,0.9264,0,0,6,21,4,1,5,8.1,10.0,0,2,0,1,1,21,0
ISW-2021-01752,8.74,9.03,0.8244,0,0,7,0,1,0,0,6.2,10.0,0,0,0,0,1,24,0
ISW-2018-01753,8.97,9.1,0.7486,0,0,6,42,7,1,52,6.4,10.0,1,1,0,1,1,22,0
ISW-2024-01754,7.37,7.03,0.939,0,0,6,35,6,0,45,4.8,8.0,1,1,1,0,0,21,0
ISW-2020-01755,9.25,8.83,0.8256,0,0,6,7,2,1,5,7.7,9.5,0,1,1,1,0,27,0
ISW-2019-01756,7.72,8.05,0.8984,2,2,7,19,4,1,20,5.9,8.6,0,1,0,1,1,22,1
ISW-2021-01757,9.72,8.92,0.8585,0,0,6,0,1,0,0,6.2,9.2,1,3,0,1,0,18,0
ISW-2023-01758,8.71,8.8,0.9531,0,0,7,56,9,1,13,6.3,10.0,1,0,0,0,1,23,0
ISW-2023-01759,8.49,8.62,0.8159,1,0,5,41,7,1,30,7.0,9.4,0,0,0,0,1,23,0
ISW-2024-01760,9.08,8.65,0.8151,0,0,5,49,8,0,18,6.8,9.8,0,1,2,1,0,25,0
ISW-2022-01761,7.04,6.94,0.8733,2,1,7,5,2,0,10,3.9,8.6,0,0,2,0,1,21,0
ISW-2019-01762,7.36,7.64,0.7162,0,0,6,0,1,0,0,4.5,8.1,0,1,1,1,1,22,0
ISW-2023-01763,8.08,8.33,0.7844,0,0,5,0,1,0,0,6.1,9.6,1,0,0,0,1,20,0
ISW-2024-01764,9.09,8.84,0.8222,0,0,6,0,1,0,0,7.8,10.0,0,0,0,0,1,27,0
ISW-2023-01765,8.55,8.75,0.7521,0,0,6,0,1,0,0,6.9,9.1,0,3,2,1,0,20,0
ISW-2019-01766,7.58,7.88,0.8074,0,0,6,0,1,0,0,5.5,8.2,0,0,2,0,1,23,0
ISW-2019-01767,8.79,8.72,0.9259,1,0,1,62,10,0,37,7.9,9.6,1,1,0,0,1,23,1
ISW-2019-01768,7.48,7.74,0.8989,0,0,7,0,1,0,0,5.9,8.5,0,2,1,0,1,18,0
ISW-2019-01769,8.02,8.42,0.8989,0,0,6,0,1,0,0,6.0,9.8,1,0,0,1,0,22,0
ISW-2019-01770,7.7,8.03,0.7983,4,3,6,31,6,2,51,6.2,8.9,0,0,0,0,1,24,1
ISW-2025-01771,8.45,8.23,0.9398,1,1,6,20,4,1,19,7.3,8.7,0,0,2,1,0,23,0
ISW-2024-01772,7.97,7.89,0.8397,1,1,6,34,6,1,28,6.6,9.5,0,1,2,0,0,25,0
ISW-2019-01773,6.9,7.05,0.6598,4,3,6,17,4,2,33,5.0,8.8,0,0,2,0,0,21,0
ISW-2023-01774,9.65,10.0,0.8444,0,0,5,42,7,0,15,8.9,10.0,1,1,0,0,0,26,0
ISW-2020-01775,7.07,7.63,0.9612,2,1,6,19,4,1,21,5.4,9.4,0,0,0,0,0,24,1
ISW-2024-01776,6.88,7.07,0.8848,2,2,7,12,3,1,20,5.5,8.6,0,0,2,0,0,24,1
ISW-2025-01777,6.1,5.96,0.8116,1,1,5,27,5,1,58,4.4,7.1,0,0,1,0,0,22,1
ISW-2019-01778,6.78,7.05,0.8469,0,0,7,14,3,1,22,4.9,7.6,0,0,0,0,0,25,0
ISW-2024-01779,7.32,7.39,0.7217,3,1,5,4,2,1,13,6.3,8.0,0,0,0,1,0,18,1
ISW-2025-01780,8.19,7.87,0.9279,0,0,7,14,3,0,14,4.4,8.3,1,3,0,0,0,24,0
ISW-2024-01781,6.59,6.56,0.8623,0,0,7,0,1,0,0,3.3,8.2,0,0,1,0,0,24,0
ISW-2020-01782,8.1,8.12,0.9563,0,0,6,35,6,1,23,5.2,8.6,0,1,2,0,0,18,0
ISW-2024-01783,10.0,10.0,0.9418,0,0,6,7,2,0,1,8.6,10.0,0,1,0,0,0,24,0
ISW-2018-01784,8.4,7.89,0.7207,0,0,6,0,1,0,0,4.5,8.7,0,1,0,1,1,23,0
ISW-2024-01785,7.81,8.02,0.8473,0,0,7,7,2,0,5,4.9,9.6,0,1,0,1,0,21,0
ISW-2025-01786,8.74,8.67,0.8725,2,1,5,33,6,0,12,5.4,9.2,0,0,1,1,1,21,0
ISW-2019-01787,8.07,7.88,0.955,1,1,6,6,2,0,8,5.5,8.9,0,1,0,0,0,18,0
ISW-2019-01788,9.72,10.0,0.9215,0,0,6,28,5,1,5,8.3,10.0,1,0,0,0,0,20,0
ISW-2024-01789,7.55,7.3,0.8235,2,2,7,40,7,0,41,6.4,8.9,1,2,1,1,0,20,0
ISW-2025-01790,7.81,7.8,0.8925,0,0,7,0,1,0,0,5.6,8.3,1,0,0,1,0,22,0
ISW-2025-01791,8.54,8.77,0.9049,1,1,5,27,5,1,15,7.6,10.0,0,1,1,0,1,21,0
ISW-2018-01792,6.11,6.18,0.802,2,1,5,5,2,1,15,4.7,7.9,0,1,1,0,1,23,1
ISW-2021-01793,7.5,7.81,0.8757,0,0,7,0,1,0,0,6.7,8.2,1,1,0,1,1,25,0
ISW-2020-01794,9.28,8.67,0.7847,2,1,6,26,5,0,45,5.2,9.5,0,0,1,1,0,23,1
ISW-2019-01795,8.4,7.98,0.8473,0,0,6,42,7,1,28,4.7,9.0,0,1,1,0,0,20,0
ISW-2025-01796,8.96,8.88,0.9583,1,1,5,6,2,0,2,7.6,9.4,0,1,1,0,1,21,0
ISW-2018-01797,5.61,5.73,0.8158,2,1,7,19,4,0,41,2.6,6.9,1,1,1,1,0,21,1
ISW-2020-01798,7.66,7.95,0.7018,1,1,6,6,2,0,10,6.6,9.6,0,0,0,1,0,25,0
ISW-2024-01799,8.62,8.42,0.8577,2,2,7,19,4,0,15,5.0,9.2,0,0,0,0,0,24,0
ISW-2025-01800,7.7,7.39,0.8836,2,2,5,19,4,0,23,6.1,8.1,0,0,0,0,1,29,1
ISW-2024-01801,8.8,8.66,0.9533,2,2,6,19,4,1,10,6.4,10.0,0,2,0,0,1,28,0
ISW-2021-01802,9.67,10.0,0.8391,0,0,6,21,4,1,2,9.2,10.0,0,0,0,1,0,21,0
ISW-2020-01803,6.48,6.92,0.8526,0,0,7,0,1,0,0,5.2,7.6,0,1,0,1,0,20,0
ISW-2018-01804,8.09,8.43,0.709,0,0,5,28,5,0,41,6.7,9.8,0,1,1,0,1,24,0
ISW-2021-01805,7.14,7.28,0.7688,1,0,6,27,5,0,51,4.1,8.5,1,1,0,0,0,19,0
ISW-2024-01806,8.85,9.31,0.9016,0,0,5,28,5,1,15,6.1,10.0,1,1,2,1,0,24,0
ISW-2023-01807,9.39,9.12,0.9036,0,0,5,0,1,0,0,7.0,9.5,0,1,1,0,0,22,0
ISW-2018-01808,7.94,7.84,0.9624,3,2,6,11,3,0,14,5.6,8.2,1,1,0,0,0,21,0
ISW-2018-01809,9.49,9.84,0.9546,0,0,7,14,3,0,2,8.5,10.0,0,0,1,0,0,18,0
ISW-2021-01810,9.76,9.56,0.908,0,0,5,0,1,0,0,8.7,10.0,1,2,0,0,1,25,0
ISW-2018-01811,8.22,8.22,0.838,0,0,7,7,2,0,7,6.8,8.7,0,3,2,1,1,18,0
ISW-2018-01812,9.31,8.62,0.8398,0,0,5,14,3,0,14,6.2,9.9,0,1,2,0,1,22,1
ISW-2023-01813,8.62,8.8,0.8643,1,1,6,27,5,0,21,6.6,9.4,0,3,2,1,0,21,0
ISW-2022-01814,8.7,8.81,0.8968,1,1,6,6,2,1,1,7.8,10.0,0,3,1,0,0,20,0
ISW-2025-01815,8.31,8.34,0.7427,3,2,5,32,6,0,46,7.3,9.7,0,1,2,0,1,21,1
ISW-2022-01816,7.57,7.5,0.8465,0,0,6,14,3,0,14,5.0,7.9,0,1,1,1,0,22,0
ISW-2022-01817,6.76,6.52,0.7323,3,2,7,25,5,1,55,5.3,6.8,0,1,2,0,0,24,1
ISW-2019-01818,6.95,7.08,0.9523,0,0,6,14,3,0,18,4.3,7.7,0,0,0,1,0,22,0
ISW-2022-01819,7.44,7.2,0.8657,0,0,6,14,3,0,12,3.9,8.5,0,0,2,0,0,27,0
ISW-2023-01820,8.93,9.03,0.9008,0,0,7,21,4,1,14,7.6,10.0,1,1,1,1,0,24,0
ISW-2022-01821,9.78,9.65,0.8791,1,0,6,48,8,0,16,7.6,10.0,0,2,0,0,0,20,0
ISW-2022-01822,9.1,8.38,0.892,0,0,6,14,3,0,6,7.3,9.4,1,0,2,0,1,23,0
ISW-2020-01823,8.79,9.01,0.8765,1,1,6,13,3,0,4,8.0,9.4,0,2,1,0,0,19,0
ISW-2019-01824,6.11,6.41,0.917,2,1,6,19,4,0,42,4.5,7.7,0,1,2,0,1,21,1
ISW-2025-01825,8.54,8.93,0.9437,0,0,5,28,5,1,6,6.3,9.7,0,1,0,0,1,22,0
ISW-2022-01826,8.89,9.46,0.7394,0,0,7,0,1,0,0,6.4,10.0,0,0,1,0,0,19,1
ISW-2024-01827,8.35,8.73,0.904,1,1,5,13,3,1,4,7.6,9.2,0,1,1,0,1,20,0
ISW-2019-01828,8.71,8.52,0.8387,0,0,7,14,3,0,14,5.2,10.0,1,0,0,0,1,25,0
ISW-2018-01829,8.23,8.25,0.8997,2,1,7,47,8,1,49,7.1,9.1,0,0,1,1,0,25,0
ISW-2025-01830,7.86,8.05,0.8542,0,0,6,14,3,1,17,7.0,9.3,1,0,1,0,1,21,0
ISW-2020-01831,10.0,9.98,0.9162,1,0,5,13,3,0,5,8.0,10.0,0,0,0,0,1,28,0
ISW-2022-01832,7.79,8.44,0.8851,1,1,7,55,9,1,37,5.3,9.9,0,0,1,1,1,25,0
ISW-2024-01833,8.19,7.8,0.8589,1,1,5,13,3,0,8,7.0,9.0,0,1,0,1,0,24,0
ISW-2025-01834,5.96,5.99,0.6717,0,0,7,0,1,0,0,3.3,7.3,1,0,2,0,0,19,0
ISW-2022-01835,8.86,8.94,0.9361,0,0,6,0,1,0,0,6.9,10.0,0,0,2,0,0,20,0
ISW-2025-01836,10.0,10.0,0.8877,0,0,5,0,1,0,0,8.4,10.0,0,2,0,0,0,20,1
ISW-2022-01837,8.65,8.84,0.8658,0,0,5,0,1,0,0,7.1,10.0,0,1,0,0,0,18,0
ISW-2024-01838,7.33,7.33,0.9126,3,1,6,11,3,1,21,6.0,8.3,0,3,0,1,1,23,1
ISW-2021-01839,8.43,8.42,0.9119,2,1,7,26,5,0,17,6.2,9.4,1,1,0,0,0,20,0
ISW-2018-01840,7.52,7.32,0.7725,2,2,6,26,5,1,53,5.3,8.8,1,0,2,1,0,25,1
ISW-2019-01841,9.12,8.22,0.8192,0,0,7,0,1,0,0,6.1,9.1,1,3,0,1,0,23,0
ISW-2021-01842,9.47,9.45,0.9457,0,0,7,21,4,1,2,8.6,10.0,1,2,0,1,0,25,0
ISW-2022-01843,9.25,8.64,0.7993,0,0,7,0,1,0,0,7.3,9.4,1,1,0,0,1,20,0
ISW-2024-01844,8.79,8.92,0.8602,0,0,7,49,8,0,35,5.9,9.8,0,1,1,1,1,24,0
ISW-2018-01845,9.17,9.44,0.8889,0,0,6,0,1,0,0,6.4,10.0,0,1,2,1,0,26,0
ISW-2018-01846,9.04,8.35,0.8703,1,1,5,20,4,0,17,5.9,10.0,0,1,0,1,0,22,0
ISW-2021-01847,6.7,6.78,0.807,3,2,5,4,2,0,8,4.0,7.3,0,2,0,0,0,23,0
ISW-2023-01848,8.21,8.07,0.951,0,0,7,21,4,0,22,4.9,8.9,0,1,0,0,1,23,0
ISW-2025-01849,7.34,7.34,0.7791,3,1,5,11,3,0,21,4.6,7.7,0,0,0,0,0,25,1
ISW-2018-01850,8.35,8.41,0.9339,0,0,7,28,5,1,20,5.0,9.2,1,0,0,0,0,22,0
ISW-2018-01851,8.61,8.72,0.8197,1,1,6,6,2,0,3,5.3,9.2,1,0,1,1,0,21,0
ISW-2018-01852,7.42,7.8,0.8889,3,2,7,39,7,0,33,6.4,8.9,0,0,0,1,0,19,0
ISW-2019-01853,7.53,7.71,0.901,1,0,6,13,3,1,15,6.9,9.5,1,0,0,0,0,20,0
ISW-2022-01854,7.73,7.43,0.8905,0,0,5,28,5,1,33,6.5,7.9,0,2,1,0,1,18,0
ISW-2023-01855,8.81,8.88,0.9433,1,1,7,34,6,1,21,7.8,9.5,0,0,1,0,0,25,0
ISW-2020-01856,9.01,9.11,0.9262,0,0,1,63,10,0,14,5.8,9.9,0,0,0,1,0,18,0
ISW-2025-01857,8.67,8.21,0.8987,0,0,5,7,2,1,6,6.6,9.8,0,0,0,1,0,24,0
ISW-2023-01858,7.55,7.65,0.8962,0,0,7,7,2,0,13,4.3,8.3,0,1,1,0,0,27,0
ISW-2019-01859,7.65,7.27,0.9371,2,2,7,5,2,0,8,4.0,8.9,0,1,0,0,1,26,0
ISW-2025-01860,5.97,6.12,0.883,6,4,7,1,2,1,12,3.2,6.6,0,1,2,1,1,21,1
ISW-2021-01861,6.94,7.11,0.8483,1,1,5,20,4,0,26,4.9,8.4,0,3,2,1,1,19,1
ISW-2021-01862,8.95,8.89,0.8002,1,1,1,62,10,1,35,5.8,10.0,1,3,2,1,1,24,0
ISW-2021-01863,8.92,8.76,0.7606,1,0,1,62,10,1,73,5.7,10.0,0,2,0,0,1,19,0
ISW-2024-01864,7.57,7.72,0.8247,1,1,5,13,3,0,11,6.9,8.8,0,2,0,0,1,20,0
ISW-2019-01865,8.61,8.19,0.7803,2,1,5,19,4,1,20,6.6,8.8,0,0,2,1,0,24,1
ISW-2020-01866,6.81,7.01,0.8364,5,4,7,37,7,1,71,3.7,7.5,0,1,0,0,1,24,1
ISW-2020-01867,8.82,8.76,0.9302,0,0,5,49,8,1,17,7.7,9.2,0,0,0,1,1,28,0
ISW-2019-01868,6.44,6.27,0.7393,0,0,5,0,1,0,0,2.9,7.5,0,2,1,1,1,21,0
ISW-2025-01869,9.75,9.55,0.8902,1,1,6,13,3,1,9,8.7,10.0,0,0,0,0,0,21,0
ISW-2023-01870,9.35,9.46,0.9682,0,0,7,35,6,1,3,8.4,10.0,0,0,1,0,1,21,0
ISW-2024-01871,6.55,6.82,0.8721,0,0,6,7,2,1,11,3.6,7.5,0,0,2,1,0,19,1
ISW-2025-01872,7.52,7.26,0.6703,1,1,5,13,3,1,24,5.3,8.0,0,1,1,1,1,21,0
ISW-2019-01873,6.84,7.04,0.7239,4,2,1,59,10,1,120,5.8,8.3,0,1,0,0,0,21,1
ISW-2022-01874,9.34,9.11,0.9696,2,1,1,61,10,1,26,6.8,10.0,0,0,2,1,0,20,1
ISW-2023-01875,8.53,8.87,0.8353,2,2,7,40,7,1,29,6.5,10.0,0,1,1,0,0,23,1
ISW-2025-01876,7.18,7.31,0.7976,2,1,7,33,6,1,64,6.3,7.7,0,0,0,1,1,19,1
ISW-2024-01877,8.0,8.29,0.8245,2,1,5,5,2,0,4,5.4,8.7,0,2,1,1,1,21,0
ISW-2025-01878,6.96,7.18,0.8174,2,1,5,5,2,0,12,3.8,7.6,0,0,0,0,0,23,0
ISW-2022-01879,7.63,8.02,0.8974,4,3,6,10,3,1,14,6.2,9.2,0,0,0,1,0,30,0
ISW-2018-01880,9.27,9.12,0.9062,1,1,7,20,4,1,11,8.1,9.7,0,1,1,1,0,21,0
ISW-2023-01881,6.76,7.06,0.8626,1,0,7,13,3,1,13,3.8,8.3,0,1,0,1,0,18,0
ISW-2020-01882,8.1,7.91,0.87,2,1,6,19,4,1,26,5.9,8.8,0,2,0,0,0,24,0
ISW-2023-01883,8.97,9.06,0.8601,1,1,7,13,3,1,7,7.4,9.8,0,1,1,1,1,21,0
ISW-2025-01884,7.98,8.04,0.8332,1,1,6,27,5,0,22,5.1,8.7,1,3,0,1,1,25,0
ISW-2024-01885,9.33,9.24,0.8484,1,1,6,6,2,0,3,6.9,10.0,1,0,0,0,0,27,0
ISW-2024-01886,7.62,7.46,0.7151,3,2,7,4,2,0,11,4.5,8.8,1,0,0,0,1,19,1
ISW-2024-01887,9.23,9.02,0.7337,0,0,6,0,1,0,0,7.6,9.7,0,3,1,1,0,21,0
ISW-2022-01888,7.25,6.94,0.828,0,0,7,0,1,0,0,4.2,7.8,0,0,2,0,1,27,0
ISW-2020-01889,9.09,9.61,0.889,0,0,6,42,7,0,12,8.6,10.0,0,2,0,0,0,21,0
ISW-2020-01890,8.38,8.27,0.7982,1,1,7,13,3,0,14,7.2,9.0,0,0,1,1,1,23,0
ISW-2020-01891,8.05,8.49,0.7799,0,0,7,7,2,1,8,7.5,10.0,0,1,0,0,0,23,0
ISW-2018-01892,9.02,9.31,0.9225,3,2,6,25,5,0,10,8.3,10.0,0,0,0,1,0,17,0
ISW-2024-01893,8.12,7.84,0.9532,3,2,5,18,4,1,23,6.7,9.6,0,1,0,0,0,24,0
ISW-2022-01894,7.41,7.65,0.9148,0,0,5,0,1,0,0,5.4,9.0,0,2,0,0,1,23,0
ISW-2020-01895,7.22,7.27,0.7971,3,3,7,4,2,0,11,6.1,8.6,0,0,0,1,1,24,1
ISW-2025-01896,8.86,8.68,0.8403,0,0,6,0,1,0,0,6.3,9.7,0,0,1,1,1,21,0
ISW-2019-01897,7.3,7.57,0.8237,3,2,6,18,4,1,26,4.8,8.5,1,0,1,0,1,22,0
ISW-2019-01898,7.73,8.12,0.8662,0,0,6,7,2,0,9,6.8,9.5,0,0,2,1,0,28,0
ISW-2023-01899,9.34,9.26,0.855,0,0,6,0,1,0,0,6.1,9.7,0,0,2,1,1,18,0
ISW-2018-01900,7.69,7.94,0.7785,0,0,6,0,1,0,0,6.6,9.0,1,3,0,1,1,26,0
ISW-2024-01901,8.26,8.63,0.9605,2,0,6,19,4,1,15,5.3,10.0,0,0,0,0,0,20,0
ISW-2019-01902,9.6,9.46,0.9132,0,0,6,0,1,0,0,6.9,10.0,0,0,0,0,0,21,0
ISW-2024-01903,9.45,8.92,0.8846,1,1,5,34,6,1,16,6.9,10.0,0,1,0,1,0,22,0
ISW-2025-01904,6.89,7.3,0.8325,0,0,7,0,1,0,0,5.9,7.6,0,0,2,1,0,25,0
ISW-2022-01905,9.75,9.85,0.804,1,1,6,20,4,1,4,8.6,10.0,0,0,0,0,0,21,0
ISW-2025-01906,7.96,8.44,0.8868,1,1,5,13,3,0,6,6.9,10.0,1,1,0,0,1,18,0
ISW-2020-01907,8.82,8.79,0.9057,1,1,5,13,3,0,4,7.9,10.0,1,1,0,0,1,27,0
ISW-2021-01908,6.96,7.27,0.5778,0,0,7,0,1,0,0,4.1,8.2,1,2,2,0,0,24,0
ISW-2018-01909,8.16,8.47,0.8622,0,0,7,35,6,0,22,5.9,8.9,1,0,0,0,1,23,0
ISW-2020-01910,8.44,8.66,0.9011,0,0,7,42,7,1,32,6.4,9.9,0,1,1,0,1,20,0
ISW-2019-01911,9.65,9.95,0.9406,0,0,5,0,1,0,0,8.6,10.0,1,2,0,0,1,19,0
ISW-2023-01912,7.31,7.47,0.8619,0,0,6,0,1,0,0,4.4,7.9,0,2,0,0,1,25,0
ISW-2019-01913,8.95,8.92,0.7597,0,0,6,42,7,0,46,7.8,9.5,0,3,0,0,1,19,0
ISW-2022-01914,7.87,8.1,0.91,1,0,7,13,3,0,8,5.8,9.1,1,0,1,1,0,23,0
ISW-2024-01915,9.03,9.02,0.7722,0,0,6,0,1,0,0,5.7,10.0,1,3,1,0,1,22,0
ISW-2019-01916,7.66,7.41,0.8739,0,0,5,0,1,0,0,6.6,8.2,1,2,0,0,0,22,0
ISW-2018-01917,5.65,5.76,0.8323,6,2,6,15,4,1,41,3.6,7.0,0,2,0,0,0,20,1
ISW-2023-01918,7.36,7.81,0.9314,1,0,5,27,5,0,26,4.6,8.9,0,1,0,0,0,23,0
ISW-2023-01919,8.67,8.36,0.7319,1,1,6,20,4,0,26,5.4,9.1,0,3,0,0,1,21,0
ISW-2024-01920,8.45,8.29,0.8731,1,1,6,55,9,0,30,7.4,8.7,0,0,0,1,1,22,0
ISW-2025-01921,7.92,7.71,0.9302,2,1,6,12,3,0,15,6.2,8.1,1,1,0,0,0,22,0
ISW-2021-01922,6.8,7.01,0.8939,2,1,7,5,2,0,11,5.8,7.8,1,1,1,0,1,25,0
ISW-2024-01923,8.1,8.11,0.7241,1,0,6,13,3,1,23,5.1,8.8,0,1,2,1,0,24,0
ISW-2019-01924,7.26,7.44,0.8618,0,0,7,7,2,0,15,6.0,8.2,0,2,1,1,1,18,0
ISW-2021-01925,8.02,7.63,0.8711,3,1,7,4,2,1,7,4.3,8.9,0,0,1,0,0,26,0
ISW-2018-01926,8.23,8.26,0.9152,0,0,5,0,1,0,0,5.7,9.5,0,0,2,0,1,24,0
ISW-2019-01927,8.39,8.54,0.7551,1,1,5,6,2,0,7,6.9,10.0,0,0,2,0,1,28,0
ISW-2024-01928,10.0,10.0,0.9818,0,0,7,28,5,1,16,9.0,10.0,1,1,0,0,0,20,0
ISW-2020-01929,7.08,7.03,0.7319,0,0,5,0,1,0,0,5.9,7.6,0,1,0,0,1,19,0
ISW-2020-01930,8.73,8.61,0.8728,2,1,7,12,3,0,11,5.3,9.1,1,2,0,1,1,21,0
ISW-2024-01931,8.32,8.32,0.7441,2,1,7,19,4,0,22,7.2,9.1,0,2,2,0,0,23,1
ISW-2023-01932,8.05,8.21,0.7399,1,1,5,20,4,1,35,6.6,9.1,1,1,0,0,1,19,0
ISW-2024-01933,8.55,8.76,0.6311,0,0,7,35,6,1,31,6.6,10.0,0,0,0,1,1,20,0
ISW-2025-01934,10.0,9.79,0.9323,0,0,7,35,6,1,2,7.0,10.0,0,1,0,0,0,23,0
ISW-2020-01935,7.83,7.71,0.7951,3,1,7,25,5,1,48,5.3,9.4,0,2,1,0,0,18,1
ISW-2023-01936,7.57,7.07,0.7345,0,0,5,0,1,0,0,5.5,7.6,1,1,1,1,1,21,0
ISW-2018-01937,7.4,7.36,0.7898,4,3,5,10,3,1,29,4.0,8.9,1,2,1,0,1,23,1
ISW-2023-01938,7.79,7.83,0.8426,3,1,6,18,4,1,19,5.7,9.2,0,3,1,0,1,22,0
ISW-2024-01939,6.37,6.48,0.896,4,3,7,3,2,1,9,4.6,7.5,0,0,2,0,1,20,1
ISW-2018-01940,7.74,7.73,0.7261,0,0,5,0,1,0,0,5.2,9.0,0,1,0,0,1,24,0
ISW-2019-01941,8.21,8.28,0.8974,0,0,6,7,2,1,9,7.4,9.2,1,1,2,0,0,18,0
ISW-2022-01942,9.67,9.16,0.9177,0,0,6,14,3,1,9,7.2,10.0,0,1,1,0,0,28,0
ISW-2018-01943,7.56,7.61,0.8519,3,2,6,11,3,0,11,6.0,8.2,0,0,0,0,0,20,0
ISW-2025-01944,8.2,8.77,0.913,0,0,6,0,1,0,0,6.3,10.0,0,0,2,0,0,18,0
ISW-2019-01945,7.16,8.0,0.796,2,1,7,33,6,0,51,6.9,8.8,0,0,2,0,1,23,1
ISW-2018-01946,7.8,7.67,0.7565,3,1,5,46,8,1,71,5.3,8.3,1,1,2,1,1,27,1
ISW-2023-01947,7.65,7.5,0.8261,0,0,5,0,1,0,0,4.1,8.2,1,0,2,1,0,25,0
ISW-2019-01948,7.19,7.35,0.81,2,1,7,47,8,0,51,4.5,9.1,1,0,0,0,1,21,1
ISW-2021-01949,8.62,8.92,0.9676,0,0,7,0,1,0,0,6.0,10.0,1,1,0,0,0,27,0
ISW-2021-01950,8.84,8.94,0.8248,0,0,5,49,8,1,23,7.3,9.3,1,0,0,1,0,21,0
ISW-2018-01951,6.56,6.45,0.7826,4,2,6,52,9,1,107,3.8,7.6,0,2,2,0,1,27,1
ISW-2022-01952,7.29,7.66,0.8481,0,0,5,0,1,0,0,5.7,8.4,1,0,2,0,0,20,0
ISW-2020-01953,7.64,7.85,0.8522,2,2,7,26,5,1,27,5.6,8.8,0,0,2,1,1,28,1
ISW-2020-01954,8.19,8.29,0.87,1,0,5,55,9,1,48,5.5,8.7,0,3,2,0,0,24,0
ISW-2019-01955,8.71,8.93,0.9375,0,0,7,42,7,0,20,7.3,10.0,1,2,1,0,0,31,0
ISW-2019-01956,8.36,8.29,0.889,1,1,5,55,9,1,35,5.4,9.9,0,1,0,0,1,18,0
ISW-2024-01957,6.41,6.46,0.8822,4,2,7,17,4,2,43,5.1,8.2,0,2,0,0,1,25,0
ISW-2018-01958,9.14,9.94,0.8632,0,0,5,0,1,0,0,7.2,10.0,0,0,0,0,1,21,0
ISW-2018-01959,9.52,8.56,0.7928,2,1,5,33,6,0,49,7.0,9.2,0,2,1,0,1,26,0
ISW-2021-01960,8.87,8.76,0.7707,0,0,7,21,4,0,29,7.9,10.0,1,0,0,1,1,24,0
ISW-2023-01961,5.17,5.0,0.6293,10,4,6,11,4,3,41,1.6,5.5,0,1,2,0,1,24,1
ISW-2019-01962,7.32,7.25,0.9095,1,1,5,13,3,1,19,3.9,8.7,0,0,1,1,0,23,0
ISW-2023-01963,9.15,9.19,0.8893,0,0,7,21,4,0,16,7.8,10.0,0,2,0,0,0,21,0
ISW-2020-01964,8.12,8.07,0.8671,0,0,5,0,1,0,0,4.9,9.7,0,0,2,0,1,22,0
ISW-2024-01965,8.78,8.41,0.8468,0,0,7,28,5,1,30,6.6,10.0,0,0,1,0,1,22,0
ISW-2020-01966,7.84,7.83,0.9425,0,0,7,0,1,0,0,6.1,9.4,0,0,1,0,0,23,0
ISW-2018-01967,7.81,8.28,0.9494,2,2,7,26,5,1,27,6.5,9.8,0,1,0,0,0,27,0
ISW-2024-01968,8.61,8.58,0.7995,3,2,6,32,6,1,45,7.6,9.9,0,0,0,0,0,24,1
ISW-2023-01969,8.75,8.69,0.8717,0,0,7,14,3,1,7,5.3,9.0,0,1,0,0,0,24,0
ISW-2018-01970,7.13,7.01,0.9125,2,1,7,12,3,0,19,3.5,7.4,0,0,0,0,0,25,0
ISW-2024-01971,8.41,8.28,0.8165,1,1,7,6,2,1,3,7.1,9.9,1,2,1,0,1,27,0
ISW-2021-01972,7.35,6.9,0.8123,1,1,5,55,9,1,79,5.7,8.2,0,0,2,0,1,18,1
ISW-2020-01973,7.88,7.51,0.7464,3,2,6,25,5,0,46,5.0,9.1,0,3,2,0,1,19,1
ISW-2025-01974,7.47,7.48,0.9593,0,0,6,7,2,0,10,5.9,8.8,1,0,0,0,1,24,0
ISW-2018-01975,7.49,7.81,0.9481,0,0,6,0,1,0,0,4.8,8.2,0,0,2,1,0,25,0
ISW-2023-01976,8.82,8.82,0.7687,0,0,5,0,1,0,0,8.0,9.9,0,0,0,1,1,22,0
ISW-2023-01977,7.44,7.85,0.8943,2,2,5,12,3,1,14,5.9,8.5,1,0,0,0,1,27,0
ISW-2023-01978,6.63,7.51,0.8562,2,1,5,47,8,1,48,4.9,8.9,0,1,1,0,1,19,0
ISW-2024-01979,7.45,7.27,0.9134,3,2,7,25,5,1,31,4.1,8.3,1,0,2,0,0,28,0
ISW-2021-01980,8.51,8.85,0.8172,0,0,5,0,1,0,0,7.4,9.5,1,2,2,0,1,20,0
ISW-2020-01981,9.21,9.22,0.9301,0,0,7,42,7,1,16,6.5,10.0,1,1,2,0,0,20,0
ISW-2022-01982,8.8,9.3,0.886,0,0,5,7,2,0,4,6.4,10.0,1,0,0,0,0,22,0
ISW-2024-01983,9.32,9.11,0.8082,2,1,5,40,7,1,10,5.8,10.0,0,1,0,1,0,22,0
ISW-2025-01984,8.65,9.04,0.8935,0,0,5,7,2,0,3,7.4,10.0,1,0,0,1,0,19,0
ISW-2019-01985,10.0,9.46,0.9341,0,0,6,21,4,1,10,6.5,10.0,0,0,1,0,1,21,0
ISW-2023-01986,8.06,7.97,0.8022,1,1,6,48,8,0,55,6.8,9.0,0,0,0,0,0,23,0
ISW-2018-01987,7.78,7.82,0.7495,2,1,7,5,2,1,11,5.5,8.9,0,0,0,0,0,28,0
ISW-2019-01988,7.51,7.21,0.8012,2,1,5,26,5,1,46,4.2,8.3,0,0,0,0,1,25,1
ISW-2018-01989,5.51,5.77,0.6918,4,3,1,59,10,1,129,3.8,7.1,0,3,1,0,1,21,0
ISW-2022-01990,7.05,6.77,0.7395,0,0,7,0,1,0,0,4.2,8.4,0,1,1,0,0,22,0
ISW-2020-01991,8.75,8.82,0.868,0,0,7,0,1,0,0,6.4,9.6,0,3,0,0,0,26,0
ISW-2019-01992,7.78,7.65,0.826,2,1,6,26,5,1,24,6.7,9.0,0,0,0,0,0,23,0
ISW-2019-01993,7.91,7.65,0.8272,3,2,5,4,2,0,9,5.1,8.6,1,2,1,1,1,20,0
ISW-2025-01994,5.86,6.4,0.6807,0,0,5,0,1,0,0,5.1,6.8,0,0,1,0,1,22,0
ISW-2018-01995,8.63,8.87,0.7926,1,1,6,13,3,1,17,6.6,10.0,1,0,0,1,0,27,0
ISW-2023-01996,7.63,7.6,0.8918,0,0,5,28,5,0,26,6.1,8.9,1,2,0,0,1,20,0
ISW-2021-01997,5.81,6.14,0.8951,1,0,7,6,2,1,18,5.3,7.7,1,0,2,0,1,26,0
ISW-2021-01998,9.28,9.05,0.8705,3,2,7,4,2,1,3,5.8,10.0,0,0,1,0,1,24,0
ISW-2022-01999,8.13,8.33,0.9274,0,0,5,35,6,1,21,5.0,9.6,1,2,0,0,0,19,0
ISW-2023-02000,8.47,8.6,0.8652,0,0,5,14,3,1,9,5.2,9.9,1,1,1,0,1,21,0
ISW-2018-02001,8.03,8.02,0.8505,2,1,7,33,6,0,27,4.6,8.9,1,1,1,0,0,25,0
ISW-2025-02002,8.66,8.34,0.9106,0,0,5,14,3,1,10,5.2,9.4,1,0,0,0,0,24,0
ISW-2024-02003,10.0,9.6,0.862,0,0,5,56,9,0,13,7.6,10.0,0,0,0,0,0,23,0
ISW-2023-02004,8.57,8.8,0.8588,2,2,5,19,4,1,12,5.7,9.2,0,3,2,0,0,21,0
ISW-2020-02005,9.2,9.01,0.9337,0,0,5,0,1,0,0,7.5,10.0,1,0,0,1,0,24,0
ISW-2018-02006,8.3,8.2,0.8128,1,1,5,41,7,0,33,5.2,8.7,0,0,0,0,0,18,0
ISW-2025-02007,9.44,9.39,0.9673,0,0,6,14,3,1,7,8.0,10.0,1,0,1,1,0,26,0
ISW-2023-02008,7.69,7.77,0.9627,0,0,7,0,1,0,0,4.8,9.3,0,3,0,1,0,27,0
ISW-2023-02009,6.74,7.04,0.9199,0,0,7,0,1,0,0,5.1,8.1,0,2,1,0,1,21,0
ISW-2025-02010,6.04,5.86,0.8039,6,3,5,22,5,2,57,3.2,7.3,0,1,0,1,1,23,1
ISW-2022-02011,8.52,8.99,0.7357,0,0,7,0,1,0,0,8.1,10.0,0,3,0,0,1,19,0
ISW-2018-02012,7.5,7.94,0.8167,1,1,5,6,2,1,6,6.5,8.3,1,0,0,0,0,25,0
ISW-2020-02013,7.3,8.25,0.7411,0,0,6,0,1,0,0,6.9,9.9,0,2,2,0,0,19,0
ISW-2020-02014,8.61,8.67,0.8117,1,1,5,13,3,0,17,5.2,10.0,1,0,1,0,1,23,0
ISW-2018-02015,7.72,8.13,0.739,2,1,5,12,3,1,11,7.2,8.8,0,0,2,0,1,20,1
ISW-2021-02016,8.29,8.25,0.9358,2,1,7,12,3,1,11,6.1,9.7,1,0,0,0,0,25,0
ISW-2020-02017,8.11,8.3,0.8347,1,1,5,6,2,1,1,6.4,9.7,0,3,1,0,1,26,0
ISW-2024-02018,8.58,8.6,0.8745,0,0,6,0,1,0,0,6.4,10.0,0,3,0,0,1,21,0
ISW-2022-02019,6.08,5.97,0.8715,2,2,7,19,4,0,36,3.4,6.7,0,1,1,1,1,24,1
ISW-2020-02020,8.73,8.53,0.8741,1,1,7,6,2,1,7,6.8,9.3,0,0,0,0,1,20,0
ISW-2019-02021,8.7,9.04,0.877,0,0,6,21,4,0,11,7.5,10.0,1,0,1,0,0,20,0
ISW-2021-02022,8.58,8.57,0.9487,0,0,6,0,1,0,0,6.5,9.6,1,0,0,0,1,24,0
ISW-2025-02023,8.97,8.96,0.9463,0,0,6,0,1,0,0,6.3,10.0,0,0,0,1,1,23,0
ISW-2022-02024,8.69,8.66,0.8641,1,1,6,6,2,1,5,5.3,9.6,0,0,1,1,1,21,0
ISW-2025-02025,8.38,8.42,0.9555,1,1,6,13,3,1,6,5.9,9.9,0,1,0,0,1,21,0
ISW-2020-02026,7.91,7.76,0.9061,0,0,6,7,2,0,6,5.1,9.5,0,1,0,0,1,20,0
ISW-2018-02027,7.76,7.42,0.8224,0,0,5,35,6,0,45,6.4,8.2,0,3,2,0,1,24,0
ISW-2023-02028,9.38,8.96,0.8924,0,0,7,7,2,1,5,6.0,10.0,0,1,0,0,0,25,0
ISW-2024-02029,8.68,8.33,0.9083,2,1,6,12,3,1,7,5.5,8.6,0,0,1,1,0,22,0
ISW-2024-02030,7.92,8.18,0.8662,0,0,5,21,4,0,13,6.8,8.8,1,1,2,0,1,21,0
ISW-2025-02031,10.0,9.1,0.8637,0,0,5,0,1,0,0,7.7,10.0,0,0,1,1,1,21,0
ISW-2021-02032,8.62,9.17,0.9007,0,0,6,14,3,1,5,7.7,9.6,0,1,0,0,0,20,0
ISW-2020-02033,9.56,9.45,0.9505,0,0,6,7,2,1,1,6.3,10.0,0,2,1,1,0,21,0
ISW-2024-02034,9.07,9.01,0.8216,1,1,7,13,3,1,5,7.6,10.0,0,0,0,0,1,24,0
ISW-2023-02035,8.69,8.35,0.9266,0,0,7,0,1,0,0,6.6,10.0,0,0,0,0,0,21,0
ISW-2018-02036,8.68,9.16,0.8746,1,1,5,34,6,1,23,7.9,10.0,0,2,1,0,0,22,0
ISW-2023-02037,8.82,8.2,0.86,1,1,5,48,8,0,37,6.1,9.6,0,1,2,0,1,20,0
ISW-2018-02038,8.4,8.51,0.7549,0,0,6,0,1,0,0,5.2,10.0,1,1,0,1,0,18,0
ISW-2020-02039,9.26,9.36,0.7742,3,2,7,18,4,0,17,7.1,10.0,1,1,0,0,0,21,0
ISW-2019-02040,9.74,9.48,0.9484,0,0,5,28,5,0,10,8.3,9.9,1,1,1,1,1,27,0
ISW-2020-02041,8.1,8.43,0.8343,1,1,7,6,2,0,5,6.7,9.0,0,0,0,0,1,19,0
ISW-2020-02042,7.32,7.45,0.8083,0,0,7,35,6,1,38,5.0,8.1,0,2,1,0,0,23,0
ISW-2024-02043,8.99,8.94,0.8708,0,0,6,21,4,0,2,5.5,10.0,0,3,0,0,0,20,0
ISW-2020-02044,8.24,7.97,0.939,1,1,6,48,8,0,43,6.5,8.5,0,0,0,0,0,22,0
ISW-2022-02045,7.83,8.05,0.7137,4,3,1,59,10,1,78,5.8,8.8,1,0,1,1,1,19,1
ISW-2018-02046,9.46,8.89,0.8345,0,0,7,0,1,0,0,6.5,10.0,1,1,2,0,0,22,0
ISW-2020-02047,8.43,8.13,0.6585,1,1,7,13,3,0,18,7.1,9.3,0,1,0,0,0,26,0
ISW-2020-02048,7.39,7.45,0.8757,0,0,6,14,3,0,17,4.2,9.1,0,0,2,0,1,20,0
ISW-2024-02049,9.04,8.9,0.8567,0,0,6,0,1,0,0,5.7,9.7,0,1,0,1,1,22,0
ISW-2023-02050,9.39,9.39,0.8372,1,1,6,6,2,1,2,7.7,10.0,0,1,0,1,0,23,0
ISW-2020-02051,6.59,6.78,0.5841,5,4,1,58,10,2,111,4.3,7.8,1,1,0,1,1,20,0
ISW-2021-02052,8.55,8.12,0.7681,0,0,5,0,1,0,0,6.9,9.7,0,0,0,0,1,19,0
ISW-2024-02053,9.83,9.42,0.8687,2,1,5,12,3,1,6,7.8,9.8,0,0,1,0,0,20,0
ISW-2020-02054,7.17,7.05,0.7673,3,3,6,32,6,0,72,4.4,8.8,0,0,0,0,1,22,1
ISW-2021-02055,7.45,7.49,0.8151,1,1,5,6,2,1,8,6.1,8.1,0,3,0,1,0,19,0
ISW-2025-02056,8.94,8.87,0.9846,0,0,7,14,3,1,6,5.7,10.0,0,1,0,0,0,27,0
ISW-2018-02057,6.19,6.5,0.8191,8,6,6,48,9,1,114,3.1,6.9,1,0,2,1,0,24,0
ISW-2023-02058,8.16,8.06,0.8674,0,0,6,14,3,1,12,7.2,9.5,0,3,2,1,0,26,0
ISW-2018-02059,7.41,7.15,0.6816,0,0,6,0,1,0,0,4.2,8.4,0,0,0,1,1,25,0
ISW-2022-02060,9.1,8.89,0.8524,0,0,5,0,1,0,0,7.8,9.3,0,1,0,1,1,20,0
ISW-2021-02061,7.01,7.49,0.7041,2,1,6,47,8,1,83,5.3,8.5,0,0,2,0,1,23,1
ISW-2022-02062,9.57,9.3,0.8694,0,0,5,7,2,0,0,5.9,10.0,0,1,0,0,1,22,0
ISW-2022-02063,8.02,8.41,0.9261,1,1,7,13,3,0,8,5.3,9.6,0,1,2,0,0,23,0
ISW-2019-02064,7.32,6.69,0.9362,0,0,6,0,1,0,0,3.2,8.2,0,2,1,0,1,23,0
ISW-2020-02065,6.75,6.7,0.8935,0,0,7,14,3,0,21,4.1,7.6,0,0,2,1,1,24,0
ISW-2019-02066,8.61,8.76,0.8349,0,0,7,49,8,0,31,6.7,9.6,1,0,0,0,0,28,0
ISW-2022-02067,7.84,7.94,0.6277,3,1,7,11,3,1,24,5.5,8.8,1,0,0,1,1,26,1
ISW-2025-02068,8.96,8.79,0.87,0,0,6,56,9,1,29,6.0,10.0,1,3,0,1,1,19,0
ISW-2024-02069,7.85,7.75,0.9074,1,0,6,6,2,0,10,4.3,9.1,0,0,0,0,0,22,0
ISW-2019-02070,7.92,8.58,0.7934,0,0,5,14,3,0,13,6.9,10.0,1,1,0,0,0,24,0
ISW-2023-02071,8.45,7.92,0.9139,0,0,5,42,7,1,34,6.4,9.4,0,1,2,0,0,22,0
ISW-2018-02072,8.36,8.21,0.8724,1,1,6,13,3,0,7,5.1,9.5,0,0,0,0,1,20,0
ISW-2020-02073,7.55,7.78,0.8103,0,0,7,7,2,0,8,6.5,8.5,0,0,0,1,1,25,0
ISW-2019-02074,8.12,8.78,0.8112,0,0,7,42,7,1,19,7.0,10.0,0,0,0,1,1,25,0
ISW-2021-02075,8.8,8.27,0.779,5,3,7,2,2,2,11,4.8,9.5,1,1,0,1,1,26,1
ISW-2019-02076,8.9,8.86,0.8455,0,0,5,14,3,1,5,5.9,10.0,0,3,0,0,0,21,0
ISW-2019-02077,8.16,8.08,0.7547,1,0,7,55,9,1,75,6.9,9.3,0,0,0,1,1,25,0
ISW-2019-02078,7.2,7.42,0.7996,0,0,7,0,1,0,0,4.5,8.5,1,3,1,0,0,22,0
ISW-2020-02079,7.85,8.2,0.8934,1,1,7,6,2,0,9,6.3,9.3,0,0,2,1,1,20,0
ISW-2021-02080,7.56,7.27,0.8245,0,0,6,0,1,0,0,4.4,7.6,1,0,0,1,0,30,0
ISW-2019-02081,9.56,9.41,0.8691,1,0,7,6,2,0,4,8.1,10.0,1,3,1,1,0,23,0
ISW-2019-02082,9.31,9.39,0.8841,0,0,6,0,1,0,0,7.8,9.8,1,2,0,0,0,18,0
ISW-2023-02083,7.68,7.37,0.843,1,0,7,27,5,0,25,5.2,7.7,1,0,0,1,0,20,1
ISW-2019-02084,9.1,9.14,0.8451,0,0,6,0,1,0,0,7.5,9.7,0,1,2,0,0,22,0
ISW-2024-02085,7.67,8.06,0.7418,1,0,6,27,5,0,48,5.9,9.3,0,2,2,0,0,23,0
ISW-2024-02086,7.08,7.49,0.9662,0,0,7,7,2,1,3,4.7,8.7,1,2,0,0,1,21,0
ISW-2021-02087,7.42,7.69,0.5851,3,2,6,4,2,1,11,5.9,8.9,1,1,0,0,1,24,1
ISW-2022-02088,6.76,6.86,0.8868,3,1,5,4,2,1,9,4.4,7.5,0,0,0,0,0,25,0
ISW-2018-02089,8.57,8.49,0.9077,0,0,7,28,5,1,13,6.4,9.4,0,0,0,0,0,26,0
ISW-2022-02090,8.3,8.38,0.7439,1,1,6,13,3,0,16,5.0,9.4,0,1,1,1,1,24,0
ISW-2019-02091,8.29,7.83,0.8797,0,0,6,7,2,1,5,5.1,8.9,0,1,0,1,1,21,0
ISW-2022-02092,7.43,7.43,0.7474,3,2,6,39,7,0,79,6.1,7.7,0,0,2,1,1,22,1
ISW-2021-02093,7.76,7.51,0.8686,2,2,6,19,4,1,19,4.9,8.2,1,0,1,1,1,22,0
ISW-2025-02094,9.35,9.38,0.8347,0,0,6,0,1,0,0,6.5,10.0,1,0,0,0,0,26,0
ISW-2022-02095,7.3,7.19,0.8273,4,2,7,38,7,1,53,3.9,7.9,0,1,2,1,0,23,1
ISW-2021-02096,8.81,8.7,0.8089,1,1,6,6,2,1,6,5.6,9.9,0,0,1,0,1,20,0
ISW-2021-02097,8.24,8.22,0.9318,0,0,6,0,1,0,0,5.4,9.8,0,0,0,0,1,21,0
ISW-2022-02098,8.1,7.8,0.867,1,1,5,13,3,1,8,6.7,9.2,0,0,0,1,1,23,0
ISW-2022-02099,7.86,8.37,0.9102,0,0,6,0,1,0,0,6.7,8.8,0,2,2,1,1,20,0
ISW-2018-02100,8.2,8.19,0.7428,0,0,7,7,2,0,9,4.9,8.8,0,1,2,0,0,20,0
ISW-2024-02101,8.18,8.33,0.7729,1,1,6,27,5,0,28,6.6,8.7,0,0,0,1,0,21,0
ISW-2022-02102,7.84,7.96,0.9654,0,0,5,0,1,0,0,7.1,8.6,0,0,1,0,0,21,0
ISW-2024-02103,7.24,7.36,0.8961,2,1,5,33,6,1,45,5.5,8.6,0,0,2,1,1,21,1
ISW-2020-02104,8.21,8.45,0.7441,0,0,5,49,8,0,72,6.9,9.2,0,1,2,0,1,24,1
ISW-2021-02105,8.48,8.8,0.9041,1,1,5,20,4,0,6,5.4,10.0,0,1,0,0,0,20,0
ISW-2024-02106,6.88,7.35,0.7035,1,1,5,27,5,0,44,4.7,8.9,0,1,0,1,0,24,0
ISW-2020-02107,8.05,8.25,0.8323,0,0,5,28,5,0,18,7.1,8.9,0,1,2,0,1,22,0
ISW-2020-02108,9.22,8.9,0.8564,2,1,1,61,10,1,44,7.3,10.0,0,0,0,0,0,23,0
ISW-2019-02109,9.0,8.91,0.9096,1,0,5,6,2,0,2,7.5,10.0,0,0,0,1,1,27,0
ISW-2018-02110,9.15,8.78,0.8917,0,0,6,0,1,0,0,6.1,10.0,0,0,1,1,0,24,0
ISW-2022-02111,7.68,7.84,0.7433,2,1,5,12,3,1,24,6.2,8.6,1,1,0,0,1,20,0
ISW-2019-02112,8.6,8.27,0.8057,2,1,7,12,3,1,9,6.4,9.1,0,0,1,1,1,23,0
ISW-2020-02113,9.21,9.03,0.9472,0,0,7,0,1,0,0,6.8,9.5,0,1,0,0,0,22,1
ISW-2021-02114,9.02,9.09,0.734,0,0,6,21,4,0,29,6.7,10.0,0,0,1,0,1,23,0
ISW-2025-02115,9.16,8.89,0.7609,0,0,5,0,1,0,0,6.7,9.4,1,1,0,1,1,19,0
ISW-2025-02116,8.82,8.68,0.8254,1,1,5,48,8,0,40,5.3,10.0,1,0,2,0,0,20,0
ISW-2022-02117,6.86,6.84,0.9315,3,2,7,4,2,1,10,3.7,8.3,0,0,0,0,0,26,0
ISW-2022-02118,7.32,7.14,0.8673,0,0,6,0,1,0,0,3.7,8.5,0,1,0,1,1,21,0
ISW-2023-02119,8.45,8.37,0.8774,0,0,7,0,1,0,0,6.1,10.0,0,0,2,1,1,20,0
ISW-2018-02120,8.31,8.82,0.9234,0,0,5,7,2,0,3,5.4,10.0,0,0,1,0,1,26,0
ISW-2018-02121,7.93,7.89,0.7014,3,2,5,4,2,0,11,5.0,8.9,0,0,0,0,0,21,0
ISW-2020-02122,6.95,6.94,0.9109,0,0,5,0,1,0,0,6.1,8.1,0,1,0,1,1,21,0
ISW-2024-02123,9.17,9.11,0.8291,2,1,5,5,2,0,3,7.2,9.8,1,0,1,1,1,21,0
ISW-2022-02124,5.28,5.0,0.7834,0,0,7,0,1,0,0,2.6,6.7,1,3,2,0,0,25,0
ISW-2024-02125,9.42,9.08,0.9372,1,0,7,6,2,0,3,6.4,9.8,0,3,0,0,0,20,0
ISW-2023-02126,8.64,8.57,0.8696,0,0,6,7,2,0,3,7.7,9.8,1,2,2,0,0,20,0
ISW-2023-02127,9.08,9.0,0.8653,2,1,5,5,2,1,7,7.3,10.0,0,0,0,0,1,19,0
ISW-2020-02128,8.77,8.36,0.9059,0,0,5,7,2,0,8,5.8,9.3,0,1,1,0,0,23,0
ISW-2025-02129,7.09,6.99,0.9043,0,0,7,0,1,0,0,4.7,7.4,1,0,0,0,1,21,0
ISW-2025-02130,9.6,9.19,0.8712,0,0,5,0,1,0,0,7.4,10.0,0,2,0,1,0,22,0
ISW-2021-02131,7.56,7.41,0.9119,0,0,6,0,1,0,0,5.1,8.2,0,1,2,1,1,20,0
ISW-2020-02132,7.72,8.1,0.993,1,1,6,27,5,1,27,5.3,8.4,0,0,0,0,0,21,0
ISW-2025-02133,8.08,8.0,0.7377,3,3,1,60,10,1,79,5.7,9.7,0,0,2,0,1,20,1
ISW-2024-02134,8.1,8.25,0.7529,3,3,6,46,8,0,64,7.0,9.6,0,2,0,0,1,23,1
ISW-2021-02135,9.27,9.06,0.8268,1,1,7,13,3,1,4,5.7,10.0,0,2,0,0,1,22,0
ISW-2024-02136,8.95,8.96,0.7508,2,1,7,12,3,0,12,6.1,9.9,0,1,2,0,1,19,0
ISW-2025-02137,7.07,7.77,0.8157,2,2,7,5,2,1,8,4.7,8.9,0,1,1,1,0,27,0
ISW-2025-02138,7.73,7.61,0.8703,1,1,6,34,6,0,41,4.3,8.1,0,2,0,0,0,24,0
ISW-2021-02139,9.42,9.33,0.9284,2,1,5,26,5,1,12,7.6,9.8,1,2,1,1,0,23,0
ISW-2022-02140,7.74,7.76,0.8279,2,2,7,33,6,1,31,5.6,8.1,0,2,0,0,0,23,0
ISW-2018-02141,8.54,8.09,0.8409,1,1,6,41,7,1,30,4.9,9.2,0,0,2,0,1,19,0
ISW-2021-02142,8.81,8.81,0.8476,0,0,5,14,3,0,10,7.2,10.0,1,1,0,1,0,20,0
ISW-2018-02143,9.58,9.71,0.8757,1,1,7,27,5,1,13,6.5,10.0,1,2,0,1,1,18,0
ISW-2019-02144,9.05,8.9,0.8987,0,0,6,35,6,1,20,7.7,9.3,0,0,0,0,0,21,0
ISW-2023-02145,7.44,7.83,0.8567,0,0,5,7,2,1,8,5.3,8.4,1,0,1,1,1,25,0
ISW-2018-02146,9.32,9.49,0.8578,0,0,5,49,8,1,26,7.2,10.0,1,0,2,0,0,27,0
ISW-2018-02147,8.12,8.0,0.8177,0,0,6,0,1,0,0,5.2,9.3,0,0,2,1,1,19,0
ISW-2024-02148,8.77,9.12,0.8001,0,0,1,63,10,1,21,8.2,9.4,1,2,0,0,1,20,0
ISW-2022-02149,8.09,7.97,0.858,1,0,7,34,6,0,28,5.4,8.9,1,0,0,0,1,21,0
ISW-2025-02150,8.6,9.11,0.9062,0,0,7,0,1,0,0,7.0,9.6,0,1,0,1,1,25,0
ISW-2018-02151,7.64,7.25,0.6796,2,1,5,19,4,1,37,6.4,8.0,0,0,2,1,0,23,1
ISW-2025-02152,8.9,9.26,0.8805,0,0,6,0,1,0,0,8.1,10.0,1,2,0,1,1,20,0
ISW-2025-02153,7.21,7.45,0.9284,2,2,7,33,6,1,37,4.9,7.8,1,2,1,0,0,19,0
ISW-2019-02154,7.55,7.7,0.8568,1,1,5,34,6,1,28,6.0,8.9,0,1,0,1,0,19,0
ISW-2022-02155,9.38,9.1,0.7799,3,2,6,18,4,0,28,7.0,9.7,1,1,2,0,0,19,0
ISW-2025-02156,7.9,8.21,0.9995,1,1,6,41,7,1,23,5.8,9.7,1,0,0,0,1,18,0
ISW-2018-02157,9.38,9.31,0.8792,0,0,6,0,1,0,0,6.4,9.9,1,2,0,0,1,22,0
ISW-2020-02158,9.93,9.9,0.8967,0,0,5,7,2,1,7,9.0,10.0,1,1,2,0,0,23,0
ISW-2025-02159,7.51,7.33,0.8031,1,0,6,13,3,0,20,5.8,9.0,0,0,2,0,1,22,1
ISW-2025-02160,7.73,7.54,0.8319,0,0,5,0,1,0,0,4.7,9.2,0,3,1,1,0,26,0
ISW-2021-02161,9.47,9.37,0.9191,0,0,7,14,3,1,1,6.0,10.0,0,0,1,0,0,24,0
ISW-2019-02162,7.53,7.21,0.9526,1,1,6,6,2,0,11,5.6,7.5,0,1,1,0,0,27,0
ISW-2022-02163,7.4,7.62,0.7964,4,3,5,3,2,2,7,4.7,8.2,0,0,0,0,0,19,1
ISW-2018-02164,9.47,9.34,0.8902,1,1,5,13,3,1,3,8.2,10.0,1,1,0,1,1,17,0
ISW-2023-02165,8.27,8.16,0.9106,3,3,6,39,7,1,27,5.8,9.5,1,0,1,0,0,21,0
ISW-2025-02166,10.0,9.52,0.9688,0,0,6,7,2,1,4,7.4,10.0,0,0,1,0,0,21,0
ISW-2023-02167,8.01,8.24,0.9067,1,1,7,41,7,1,24,4.9,8.6,1,1,0,0,0,18,0
ISW-2020-02168,8.28,8.04,0.8241,0,0,6,14,3,0,12,5.0,9.7,0,3,0,1,1,20,0
ISW-2020-02169,7.19,7.4,0.8023,1,1,6,6,2,0,6,6.4,8.2,0,0,1,1,1,29,1
ISW-2020-02170,9.15,9.26,0.9053,0,0,6,14,3,0,9,7.9,10.0,0,1,0,0,0,25,0
ISW-2021-02171,8.44,8.52,0.8573,0,0,7,14,3,1,9,7.2,9.6,0,1,1,1,1,20,0
ISW-2020-02172,7.76,8.03,0.8164,3,3,5,4,2,0,10,5.3,9.0,0,2,1,0,0,28,0
ISW-2020-02173,7.23,7.34,0.6538,4,2,6,10,3,2,25,4.6,8.7,1,0,0,1,1,21,1
ISW-2023-02174,7.27,7.72,0.9246,0,0,6,0,1,0,0,6.2,8.1,0,1,0,0,0,23,0
ISW-2018-02175,8.79,8.72,0.8577,0,0,6,7,2,0,7,6.9,10.0,0,3,0,0,0,26,0
ISW-2020-02176,8.01,8.21,0.914,1,1,7,20,4,0,9,6.7,8.8,0,0,0,0,0,19,0
ISW-2025-02177,6.92,7.47,0.8463,1,0,6,13,3,0,18,4.6,9.2,0,0,1,1,0,27,0
ISW-2024-02178,7.31,7.29,0.9226,2,2,5,33,6,0,39,4.1,8.4,1,2,1,0,0,21,0
ISW-2019-02179,9.01,8.97,0.8227,0,0,5,7,2,0,5,6.2,9.5,1,0,2,0,1,21,0
ISW-2020-02180,8.75,8.88,0.9396,1,1,6,55,9,0,39,7.2,10.0,0,0,0,0,0,26,0
ISW-2020-02181,8.05,8.61,0.9325,3,2,6,32,6,0,19,6.9,9.1,0,0,1,1,0,24,0
ISW-2018-02182,9.13,9.52,0.921,0,0,5,56,9,0,29,6.3,10.0,0,2,0,0,1,22,0
ISW-2020-02183,8.1,7.84,0.8166,1,1,7,34,6,0,27,4.9,8.3,0,3,2,1,1,25,1
ISW-2020-02184,9.46,9.41,0.8814,0,0,5,0,1,0,0,7.3,10.0,0,1,0,0,1,20,0
ISW-2018-02185,7.76,8.38,0.8891,0,0,6,14,3,0,10,7.5,9.0,0,1,1,1,0,23,0
ISW-2021-02186,7.89,7.72,0.9283,0,0,7,0,1,0,0,5.4,9.3,0,0,0,0,1,20,0
ISW-2022-02187,9.48,9.48,0.8677,0,0,5,35,6,0,17,6.5,10.0,0,0,0,0,1,23,0
ISW-2023-02188,7.12,6.58,0.8514,5,4,6,16,4,2,31,4.1,7.1,0,0,2,0,1,22,0
ISW-2020-02189,7.46,7.59,0.8133,0,0,7,7,2,0,6,6.6,8.4,0,0,0,0,0,26,0
ISW-2018-02190,8.25,8.41,0.8392,0,0,5,49,8,0,36,7.3,8.8,0,0,0,1,0,24,0
ISW-2019-02191,9.17,8.78,0.9673,0,0,5,0,1,0,0,7.2,9.2,0,1,1,1,0,20,0
ISW-2022-02192,8.58,8.2,0.8431,0,0,7,21,4,0,16,6.2,9.6,0,0,0,0,1,26,0
ISW-2024-02193,7.71,7.37,0.8583,3,1,6,25,5,1,27,6.3,8.6,0,0,0,0,1,21,1
ISW-2022-02194,7.5,7.59,0.8838,0,0,5,0,1,0,0,5.5,9.0,0,0,0,0,0,21,0
ISW-2023-02195,7.86,7.49,0.7952,0,0,7,21,4,1,31,6.1,8.3,1,0,0,0,0,24,0
ISW-2019-02196,9.88,9.75,0.8498,0,0,5,35,6,0,9,8.1,10.0,1,0,2,1,1,25,0
ISW-2022-02197,8.21,8.48,0.8767,0,0,5,0,1,0,0,5.4,9.2,0,0,1,0,0,24,0
ISW-2021-02198,8.96,8.8,0.7465,2,1,5,12,3,1,15,7.0,10.0,1,0,0,0,1,21,0
ISW-2021-02199,8.82,8.99,0.8816,2,1,5,5,2,1,2,5.9,9.7,1,1,0,0,1,22,0
ISW-2021-02200,7.55,8.1,0.8601,0,0,5,21,4,1,24,5.9,9.9,0,2,2,1,0,24,0
ISW-2021-02201,7.65,7.68,0.7748,0,0,5,0,1,0,0,5.8,9.5,0,2,2,1,1,19,0
ISW-2024-02202,6.72,6.63,0.8269,1,0,6,48,8,1,85,5.5,8.4,0,2,0,1,1,27,0
ISW-2025-02203,7.64,7.63,0.7609,1,0,6,41,7,0,74,5.1,8.9,0,1,1,0,0,28,0
ISW-2020-02204,9.34,9.58,0.9256,0,0,7,0,1,0,0,7.8,10.0,1,3,0,0,0,26,1
ISW-2024-02205,8.21,8.27,0.9244,1,0,5,6,2,1,8,5.9,9.7,0,1,0,0,1,25,0
ISW-2018-02206,7.72,8.34,0.7977,1,0,5,20,4,1,24,7.1,9.6,0,1,2,1,0,19,0
ISW-2025-02207,7.88,8.02,0.8248,0,0,7,28,5,1,20,6.8,8.4,0,0,2,0,0,26,0
ISW-2020-02208,8.62,8.35,0.842,1,1,7,13,3,1,4,7.5,9.2,0,0,0,1,0,22,0
ISW-2020-02209,9.12,9.01,0.9029,0,0,6,0,1,0,0,6.2,9.8,0,0,2,0,1,18,0
ISW-2022-02210,8.21,8.1,0.8209,0,0,5,0,1,0,0,6.8,8.9,0,0,1,1,0,23,0
ISW-2022-02211,6.79,6.68,0.8861,4,3,1,59,10,1,101,5.3,8.0,0,2,1,0,0,26,0
ISW-2025-02212,7.79,7.98,0.785,4,3,5,10,3,2,14,6.5,8.6,1,0,1,1,0,21,1
ISW-2023-02213,8.51,8.52,0.9272,1,1,7,41,7,1,38,7.4,10.0,0,1,0,0,0,26,0
ISW-2023-02214,6.93,7.3,0.7526,2,1,7,12,3,0,26,4.9,7.8,0,2,2,1,1,19,1
ISW-2023-02215,8.35,8.78,0.8783,0,0,6,49,8,0,27,6.3,9.4,1,1,0,0,1,17,0
ISW-2023-02216,8.69,8.51,0.7972,0,0,7,0,1,0,0,7.3,10.0,0,0,0,1,0,23,0
ISW-2018-02217,8.38,8.18,0.9189,0,0,5,0,1,0,0,5.1,9.3,0,0,0,1,1,23,0
ISW-2021-02218,7.74,8.0,0.6668,3,2,6,46,8,0,68,5.2,8.9,1,0,2,0,1,19,0
ISW-2023-02219,9.05,8.94,0.8514,2,1,6,47,8,1,23,5.8,10.0,0,3,0,0,1,20,0
ISW-2025-02220,6.66,7.07,0.9163,2,2,5,5,2,0,6,4.1,8.5,0,1,0,0,1,25,0
ISW-2025-02221,6.76,6.99,0.8602,3,2,7,4,2,1,14,3.8,8.0,0,1,1,0,0,22,0
ISW-2025-02222,8.44,8.1,0.8198,2,2,6,12,3,0,12,6.1,8.4,0,1,0,0,1,23,1
ISW-2021-02223,7.8,7.57,0.6233,2,2,5,12,3,1,24,4.5,8.4,0,1,0,0,1,24,1
ISW-2024-02224,8.52,9.38,0.9686,0,0,5,0,1,0,0,7.6,10.0,0,1,0,0,1,18,0
ISW-2021-02225,7.37,7.6,0.8945,1,1,6,41,7,1,38,6.7,8.4,0,0,1,0,0,22,0
ISW-2019-02226,8.23,7.89,0.9434,2,2,6,5,2,0,8,6.7,9.1,0,0,0,0,0,26,0
ISW-2024-02227,8.5,8.31,0.8925,1,1,5,27,5,1,30,6.6,9.0,0,0,0,0,0,20,0
ISW-2024-02228,8.02,8.04,0.8523,0,0,7,0,1,0,0,5.0,8.9,0,1,0,1,0,29,0
ISW-2025-02229,9.47,9.05,0.9139,0,0,7,0,1,0,0,7.7,10.0,0,2,2,0,0,22,1
ISW-2021-02230,7.93,8.37,0.7397,1,1,7,20,4,1,23,5.7,9.8,1,1,1,1,0,19,0
ISW-2022-02231,8.0,8.01,0.8663,1,1,6,6,2,0,8,5.1,9.1,0,1,0,1,0,26,0
ISW-2025-02232,9.67,9.24,0.7939,1,1,6,20,4,0,24,7.3,10.0,0,3,2,0,0,19,1
ISW-2024-02233,6.31,6.46,0.8051,0,0,6,0,1,0,0,3.3,8.0,0,0,2,1,1,21,1
ISW-2018-02234,8.21,8.44,0.8505,0,0,5,49,8,0,26,6.4,9.4,0,0,1,0,0,20,0
ISW-2018-02235,9.43,9.75,0.9215,0,0,5,28,5,1,10,8.0,10.0,0,3,0,0,0,22,0
ISW-2022-02236,8.31,8.17,0.9039,0,0,6,42,7,1,29,5.7,8.6,1,3,0,0,1,20,0
ISW-2019-02237,8.37,8.3,0.9384,0,0,7,0,1,0,0,4.9,9.9,0,1,1,1,0,24,0
ISW-2024-02238,8.2,7.99,0.9707,1,0,5,6,2,0,4,5.2,9.5,0,0,0,0,0,26,0
ISW-2022-02239,8.37,8.56,0.8669,2,1,6,5,2,0,4,5.7,10.0,0,3,0,0,0,21,0
ISW-2023-02240,7.68,7.72,0.8302,1,1,6,13,3,0,17,4.6,8.5,1,2,0,0,0,22,0
ISW-2022-02241,8.84,8.86,0.9457,0,0,7,7,2,1,3,6.1,9.4,0,1,0,0,1,22,1
ISW-2024-02242,8.72,9.09,0.9422,0,0,7,0,1,0,0,6.3,10.0,0,0,1,0,0,19,0
ISW-2020-02243,7.95,8.2,0.8995,1,0,5,6,2,0,7,6.1,8.6,1,1,0,0,0,20,0
ISW-2025-02244,9.53,9.34,0.9337,1,1,6,6,2,0,5,8.4,10.0,1,2,1,0,0,20,0
ISW-2022-02245,7.88,8.2,0.7068,2,1,7,5,2,0,10,5.3,9.0,0,2,2,1,0,23,1
ISW-2025-02246,9.47,9.33,0.8956,0,0,5,0,1,0,0,6.1,10.0,1,1,0,0,1,20,0
ISW-2020-02247,8.84,9.01,0.874,0,0,7,7,2,0,2,6.4,10.0,1,1,0,0,0,22,1
ISW-2023-02248,8.17,8.37,0.83,1,1,5,20,4,0,12,6.5,8.8,0,1,0,0,0,26,0
ISW-2021-02249,8.61,8.71,0.7726,2,1,6,5,2,1,10,6.4,9.2,1,1,0,1,0,24,0
ISW-2024-02250,6.88,6.73,0.6791,2,1,5,5,2,1,12,3.6,8.2,0,0,2,1,1,20,1
ISW-2024-02251,7.48,7.39,0.8178,2,2,7,12,3,1,17,5.0,8.6,0,0,1,0,0,18,1
ISW-2019-02252,7.6,7.8,0.9273,1,0,5,34,6,1,27,7.0,9.1,0,0,2,1,1,24,0
ISW-2018-02253,7.79,8.05,0.9191,1,1,6,6,2,1,8,6.9,8.6,1,2,2,1,0,26,0
ISW-2022-02254,6.92,7.24,0.9361,1,1,6,20,4,0,26,5.4,8.7,0,0,0,1,1,21,0
ISW-2022-02255,9.72,9.52,0.8943,0,0,5,56,9,0,24,6.7,10.0,0,0,1,1,0,19,0
ISW-2021-02256,8.87,8.85,0.8904,1,1,7,13,3,1,8,5.6,9.8,0,3,0,1,1,20,0
ISW-2025-02257,10.0,10.0,0.9726,0,0,7,42,7,0,8,8.4,10.0,0,1,0,0,0,29,0
ISW-2021-02258,8.32,8.5,0.803,1,1,5,34,6,1,21,5.4,9.2,1,0,0,0,0,28,0
ISW-2018-02259,8.15,7.7,0.4626,0,0,6,0,1,0,0,5.0,9.3,1,0,0,0,1,24,0
ISW-2020-02260,9.28,9.2,0.8987,0,0,5,14,3,1,5,6.5,10.0,0,2,1,0,1,25,0
ISW-2023-02261,7.86,7.97,0.8229,2,1,5,26,5,0,26,6.3,9.0,1,0,1,0,1,25,0
ISW-2020-02262,10.0,10.0,0.9758,0,0,1,63,10,0,26,7.5,10.0,1,1,0,1,0,20,0
ISW-2020-02263,8.2,8.14,0.8647,2,2,7,12,3,0,10,5.9,8.9,0,1,0,1,0,27,0
ISW-2024-02264,6.59,6.68,0.7943,0,0,6,0,1,0,0,5.1,7.1,0,0,1,1,0,22,0
ISW-2024-02265,5.95,6.09,0.6376,3,2,5,18,4,0,40,4.4,7.1,0,1,1,1,1,21,1
ISW-2022-02266,8.01,7.89,0.8283,0,0,5,0,1,0,0,5.3,9.2,0,0,1,1,0,21,0
ISW-2019-02267,8.04,8.3,0.7314,1,1,6,27,5,0,43,5.7,9.1,0,1,0,1,0,22,0
ISW-2022-02268,8.58,8.49,0.8944,1,1,5,13,3,0,4,5.5,9.5,0,0,0,0,0,27,0
ISW-2021-02269,6.99,6.75,0.7591,5,2,7,23,5,1,59,3.3,8.5,1,0,1,0,1,22,1
ISW-2025-02270,6.41,6.5,0.6325,2,1,7,40,7,1,77,4.7,8.2,0,0,1,0,0,19,1
ISW-2022-02271,7.97,8.28,0.736,3,3,7,18,4,0,31,6.7,9.6,1,2,0,0,0,20,1
ISW-2023-02272,8.43,8.28,0.8358,0,0,5,21,4,0,18,5.0,9.5,1,0,0,0,0,25,0
ISW-2019-02273,8.24,8.32,0.8478,0,0,7,28,5,1,18,6.6,9.6,0,0,0,0,0,24,0
ISW-2025-02274,8.01,8.41,0.9168,1,1,6,34,6,1,19,5.8,9.2,0,0,1,0,0,26,0
ISW-2024-02275,8.34,7.65,0.8254,0,0,6,42,7,1,46,6.8,8.3,1,1,0,0,1,23,0
ISW-2021-02276,8.89,9.18,0.8149,0,0,7,0,1,0,0,8.2,9.6,1,0,1,1,0,19,0
ISW-2021-02277,8.0,8.31,0.9195,2,1,7,19,4,1,19,7.0,9.0,0,3,2,0,0,26,1
ISW-2021-02278,7.27,7.86,0.7818,0,0,7,0,1,0,0,6.6,8.5,0,1,0,1,0,25,0
ISW-2018-02279,8.72,8.49,0.8206,0,0,5,42,7,0,28,7.0,9.8,0,1,0,0,0,20,0
ISW-2023-02280,7.0,7.64,0.8524,2,1,6,19,4,1,23,4.2,8.9,1,1,0,1,1,27,1
ISW-2023-02281,8.94,9.17,0.8511,0,0,5,14,3,0,6,5.8,9.6,1,0,0,1,0,19,0
ISW-2023-02282,5.39,5.24,0.6769,0,0,6,0,1,0,0,3.6,6.0,0,3,2,1,1,21,1
ISW-2020-02283,9.49,9.4,0.9507,0,0,6,7,2,0,4,6.9,9.8,0,3,2,0,0,17,0
ISW-2023-02284,7.99,7.66,0.9031,1,1,5,27,5,0,25,6.2,8.1,0,0,0,0,0,21,0
ISW-2024-02285,7.46,7.54,0.9044,0,0,7,0,1,0,0,6.6,8.2,1,1,2,0,0,25,0
ISW-2018-02286,9.21,8.94,0.9304,0,0,7,0,1,0,0,6.2,10.0,1,0,0,0,0,20,0
ISW-2025-02287,8.02,8.03,0.7992,4,3,6,38,7,1,55,5.2,9.1,1,1,1,1,0,24,0
ISW-2022-02288,8.17,8.42,0.8976,0,0,5,28,5,0,9,5.0,9.4,0,2,1,0,0,22,0
ISW-2020-02289,9.24,9.2,0.6897,0,0,6,0,1,0,0,6.0,10.0,0,3,0,0,1,21,0
ISW-2019-02290,8.86,8.72,0.9004,1,1,7,6,2,1,3,5.2,9.6,0,0,0,1,0,21,0
ISW-2024-02291,8.95,8.83,0.8738,0,0,5,56,9,0,37,7.7,10.0,0,1,1,0,0,22,0
ISW-2022-02292,8.58,8.06,0.9414,2,1,5,26,5,0,22,6.8,8.9,0,1,0,1,0,21,0
ISW-2024-02293,9.44,9.08,0.9361,2,1,5,19,4,1,11,5.9,10.0,1,0,2,0,0,18,0
ISW-2022-02294,8.73,8.56,0.8903,2,1,6,5,2,1,3,6.8,10.0,0,1,0,0,0,22,1
ISW-2018-02295,7.84,8.04,0.872,3,2,6,4,2,0,10,6.8,8.8,0,1,0,0,1,27,0
ISW-2019-02296,8.55,8.76,0.8384,0,0,6,0,1,0,0,5.8,10.0,1,2,2,0,1,25,0
ISW-2024-02297,8.36,8.08,0.8172,2,1,6,26,5,0,26,5.7,8.5,0,3,0,1,1,23,0
ISW-2023-02298,7.55,7.34,0.909,0,0,7,0,1,0,0,6.4,8.5,0,0,0,1,0,23,0
ISW-2024-02299,10.0,9.86,0.9914,0,0,7,0,1,0,0,6.6,10.0,1,0,0,0,0,23,0
ISW-2019-02300,9.04,8.83,0.8592,0,0,6,28,5,0,15,5.9,10.0,0,0,0,0,1,24,0
ISW-2022-02301,8.76,9.03,0.8042,0,0,5,49,8,0,35,7.0,10.0,0,0,0,1,0,23,0
ISW-2020-02302,9.1,8.75,0.9081,1,1,6,27,5,1,21,5.3,10.0,0,1,0,0,1,20,0
ISW-2019-02303,9.33,9.11,0.8209,0,0,7,14,3,1,7,7.8,9.6,1,2,0,0,1,26,0
ISW-2023-02304,8.1,8.16,0.882,1,0,7,13,3,0,8,7.3,9.7,0,0,0,0,0,23,0
ISW-2020-02305,8.57,7.83,0.85,0,0,5,14,3,0,12,6.5,9.4,0,1,2,1,0,21,0
ISW-2018-02306,8.39,8.25,0.8338,0,0,7,7,2,0,3,5.5,8.7,0,0,2,0,1,22,0
ISW-2018-02307,8.3,8.37,0.8954,0,0,7,14,3,0,11,6.0,9.8,0,0,0,0,0,20,0
ISW-2023-02308,8.38,8.27,0.7772,1,1,7,13,3,0,20,7.4,9.3,1,2,2,1,0,22,1
ISW-2025-02309,7.41,7.35,0.7926,1,1,5,20,4,1,40,4.5,8.0,0,1,2,1,0,21,0
ISW-2025-02310,7.32,6.98,0.7817,6,2,6,36,7,2,82,5.2,8.1,0,0,2,1,0,22,1
ISW-2021-02311,8.53,8.85,0.8642,2,1,1,61,10,1,36,8.0,10.0,0,3,1,1,1,25,1
ISW-2021-02312,7.25,7.19,0.8417,0,0,5,0,1,0,0,4.2,7.9,0,1,0,1,0,23,0
ISW-2024-02313,5.4,5.81,0.6607,3,2,6,4,2,0,11,3.4,6.4,0,0,0,0,1,23,1
ISW-2022-02314,6.01,6.05,0.7566,0,0,7,0,1,0,0,5.2,7.4,0,1,2,1,1,17,0
ISW-2021-02315,7.65,7.8,0.9541,2,2,5,5,2,0,7,4.3,8.5,0,1,0,0,1,23,0
ISW-2018-02316,8.72,8.2,0.8706,3,1,7,4,2,0,6,6.5,9.0,0,0,2,0,0,20,0
ISW-2020-02317,8.73,8.7,0.9674,0,0,5,0,1,0,0,6.6,9.3,1,2,1,1,0,18,0
ISW-2019-02318,9.47,9.02,0.8659,0,0,5,28,5,0,25,7.4,10.0,1,1,0,1,1,24,0
ISW-2025-02319,8.91,9.04,0.8639,1,1,5,13,3,1,7,7.7,10.0,0,1,0,0,1,22,0
ISW-2020-02320,8.09,8.2,0.7803,1,1,7,48,8,1,71,4.9,9.4,0,2,2,0,0,20,1
ISW-2020-02321,6.93,7.49,0.9273,0,0,6,0,1,0,0,5.0,8.6,0,1,0,1,1,20,0
ISW-2022-02322,7.91,7.37,0.8065,0,0,6,0,1,0,0,6.0,9.0,0,0,1,0,1,22,0
ISW-2023-02323,7.23,7.28,0.6852,1,0,5,13,3,0,34,5.5,8.1,0,0,2,1,1,17,1
ISW-2019-02324,7.97,7.52,0.7822,0,0,6,0,1,0,0,4.1,9.0,1,0,0,0,1,22,0
ISW-2019-02325,8.67,8.6,0.8443,1,1,7,6,2,1,3,5.3,9.4,1,0,0,0,1,24,0
ISW-2021-02326,9.13,8.96,0.8783,0,0,1,63,10,1,25,5.8,10.0,0,0,0,1,0,20,0
ISW-2022-02327,8.95,8.59,0.787,0,0,7,0,1,0,0,7.3,9.0,1,1,2,1,0,23,0
ISW-2021-02328,7.13,7.63,0.9291,0,0,5,0,1,0,0,4.7,8.6,0,0,0,1,1,27,0
ISW-2025-02329,9.16,9.33,0.8369,0,0,6,21,4,1,4,8.0,10.0,0,0,0,1,1,22,0
ISW-2020-02330,8.85,8.47,0.8236,2,1,5,12,3,1,8,6.8,10.0,0,1,0,0,1,26,0
ISW-2023-02331,7.66,7.86,0.9261,0,0,5,21,4,1,25,5.1,9.2,0,0,0,1,0,21,0
ISW-2022-02332,9.42,9.66,0.8832,0,0,6,7,2,1,1,7.6,10.0,1,1,0,0,1,20,0
ISW-2018-02333,9.13,9.29,0.8532,0,0,6,35,6,1,10,8.0,10.0,0,1,0,0,0,21,0
ISW-2023-02334,8.47,8.21,0.8221,0,0,6,0,1,0,0,6.2,9.1,0,0,2,0,1,21,0
ISW-2021-02335,9.27,9.56,0.887,0,0,7,14,3,0,8,8.5,10.0,0,0,0,0,1,22,0
ISW-2025-02336,6.91,6.89,0.8737,2,1,5,26,5,0,41,4.6,8.6,1,1,2,0,0,21,0
ISW-2024-02337,8.45,8.47,0.8628,0,0,6,42,7,1,34,6.3,9.3,0,0,2,0,1,25,0
ISW-2024-02338,7.03,7.29,0.6491,0,0,7,7,2,1,13,4.7,8.0,0,1,1,0,1,25,0
ISW-2018-02339,7.35,7.2,0.8668,1,1,6,20,4,0,22,6.3,7.6,0,1,1,0,0,22,0
ISW-2025-02340,7.4,7.75,0.8448,0,0,5,0,1,0,0,5.0,8.1,1,1,0,0,0,21,0
ISW-2019-02341,8.35,8.28,0.6822,0,0,7,0,1,0,0,5.6,9.7,0,0,1,0,1,19,0
ISW-2024-02342,7.81,8.25,0.7138,0,0,5,0,1,0,0,7.3,9.6,0,3,0,1,1,27,0
ISW-2018-02343,9.08,9.56,0.8018,1,1,7,27,5,0,12,6.6,10.0,1,0,0,0,0,19,0
ISW-2025-02344,8.96,8.78,0.8264,2,1,5,5,2,1,5,6.8,9.3,0,2,1,1,1,27,0
ISW-2023-02345,6.8,6.73,0.7453,1,0,7,27,5,0,51,3.5,7.2,0,2,0,0,1,22,0
ISW-2018-02346,8.62,8.45,0.8699,0,0,6,0,1,0,0,5.6,8.9,0,0,0,1,1,19,0
ISW-2024-02347,7.79,8.35,0.8004,0,0,6,42,7,0,29,6.6,8.9,0,0,1,1,1,23,0
ISW-2025-02348,9.03,9.02,0.771,3,1,7,32,6,0,43,5.6,9.6,0,0,0,1,0,20,0
ISW-2021-02349,7.86,7.77,0.826,0,0,6,0,1,0,0,5.2,8.9,0,3,0,1,1,26,0
ISW-2025-02350,9.0,9.18,0.8231,0,0,7,0,1,0,0,7.7,10.0,0,0,0,1,1,19,0
ISW-2018-02351,7.68,7.93,0.7972,0,0,7,0,1,0,0,5.1,9.3,0,2,0,0,1,25,0
ISW-2020-02352,8.18,7.88,0.8898,1,1,6,41,7,0,33,6.6,9.3,0,1,0,0,0,23,0
ISW-2021-02353,9.08,8.97,0.9155,0,0,5,7,2,0,5,7.2,9.3,1,1,0,0,0,19,0
ISW-2021-02354,8.89,8.91,0.8036,1,1,7,13,3,1,8,5.5,10.0,0,1,0,1,0,18,0
ISW-2022-02355,7.16,7.42,0.9156,2,1,5,12,3,1,11,4.3,8.3,0,0,1,1,1,21,0
ISW-2018-02356,8.02,8.2,0.9293,1,1,6,34,6,1,34,7.4,9.2,0,0,2,0,0,21,0
ISW-2022-02357,7.54,7.67,0.6998,2,0,5,12,3,0,21,4.3,8.8,1,3,1,1,1,25,1
ISW-2019-02358,9.62,8.93,0.9551,1,1,7,13,3,1,3,6.2,9.7,0,0,0,0,1,18,0
ISW-2021-02359,9.0,9.58,0.9262,0,0,1,63,10,0,26,7.3,10.0,0,3,1,1,0,18,0
ISW-2021-02360,8.5,8.78,0.8885,0,0,7,0,1,0,0,7.8,9.1,0,3,2,0,0,29,0
ISW-2021-02361,7.3,7.88,0.8687,0,0,5,35,6,1,32,5.1,8.3,0,0,2,0,1,24,0
ISW-2024-02362,10.0,10.0,0.8863,0,0,7,0,1,0,0,8.4,10.0,1,1,0,1,0,27,0
ISW-2018-02363,6.99,7.0,0.7692,2,1,5,12,3,1,25,4.5,8.6,1,0,0,0,1,24,0
ISW-2021-02364,8.5,8.19,0.8136,1,1,7,41,7,0,39,6.6,9.7,1,1,0,1,1,19,0
ISW-2019-02365,7.76,7.83,0.8442,0,0,5,21,4,1,22,6.4,9.3,0,3,1,1,0,23,0
ISW-2020-02366,6.58,6.67,0.7665,2,1,6,26,5,0,62,4.9,8.1,0,2,0,0,1,26,1
ISW-2023-02367,9.18,8.8,0.9282,1,1,5,6,2,0,3,7.2,10.0,0,3,2,0,1,26,0
ISW-2024-02368,9.96,9.7,0.9373,1,1,6,13,3,0,4,8.2,10.0,1,0,0,0,1,19,0
ISW-2023-02369,8.89,9.09,0.8633,2,1,7,5,2,0,1,8.0,9.7,1,1,1,0,1,23,0
ISW-2024-02370,9.47,8.97,0.8897,1,1,5,13,3,1,7,7.7,9.9,1,0,0,1,1,21,0
ISW-2020-02371,10.0,9.69,0.9246,1,1,7,13,3,1,3,7.9,10.0,0,2,0,0,0,18,0
ISW-2023-02372,9.23,9.19,0.8976,0,0,7,7,2,0,5,6.0,9.8,1,0,0,0,0,23,0
ISW-2019-02373,8.11,8.52,0.9069,0,0,6,7,2,1,4,7.1,9.6,0,0,1,0,1,20,0
ISW-2020-02374,8.94,9.4,0.8999,0,0,5,7,2,1,1,8.1,10.0,1,0,0,0,1,29,0
ISW-2022-02375,7.0,7.23,0.795,3,2,6,4,2,0,12,5.0,8.0,0,0,0,0,1,22,1
ISW-2021-02376,7.79,7.76,0.8196,0,0,5,0,1,0,0,5.1,8.1,0,0,1,0,0,24,0
ISW-2023-02377,9.48,9.3,0.9322,0,0,6,42,7,1,20,6.6,10.0,0,0,2,0,0,23,0
ISW-2020-02378,8.58,8.6,0.847,2,1,7,19,4,0,11,6.8,9.1,1,2,1,1,1,19,0
ISW-2023-02379,7.17,6.81,0.6422,0,0,5,0,1,0,0,5.9,8.3,0,2,1,0,1,24,0
ISW-2018-02380,8.65,8.84,0.7604,0,0,5,28,5,1,29,7.0,9.9,0,0,0,0,1,26,1
ISW-2021-02381,7.74,8.31,0.7448,2,2,7,33,6,0,45,6.3,9.9,0,2,2,0,0,24,0
ISW-2020-02382,8.25,7.89,0.9027,1,0,5,6,2,0,6,6.6,9.6,0,0,0,0,1,19,0
ISW-2021-02383,8.46,7.66,0.8491,0,0,6,0,1,0,0,4.5,8.1,1,2,2,0,1,24,0
ISW-2022-02384,6.34,6.59,0.7214,0,0,6,0,1,0,0,5.1,7.1,0,0,2,1,1,24,0
ISW-2022-02385,8.89,8.24,0.816,0,0,6,0,1,0,0,6.3,9.1,0,1,0,1,1,22,0
ISW-2019-02386,8.81,8.81,0.788,3,1,7,25,5,1,35,6.3,10.0,1,0,0,0,0,20,0
ISW-2024-02387,8.37,8.19,0.9276,0,0,1,63,10,1,61,5.7,9.6,0,0,1,0,1,26,0
ISW-2019-02388,7.35,7.3,0.9034,0,0,6,0,1,0,0,3.9,9.0,0,1,1,0,0,20,0
ISW-2023-02389,5.8,6.01,0.7938,4,3,7,24,5,2,57,3.9,6.4,0,2,1,0,1,28,1
ISW-2023-02390,8.15,7.67,0.9232,0,0,6,0,1,0,0,6.1,8.8,0,2,2,1,0,24,0
ISW-2025-02391,8.41,8.06,0.8165,0,0,7,21,4,0,22,6.2,9.3,0,0,0,0,1,18,0
ISW-2020-02392,8.54,8.21,0.8965,0,0,5,28,5,1,27,5.9,9.0,0,1,0,1,0,24,0
ISW-2022-02393,7.26,7.58,0.9422,2,2,6,5,2,1,10,5.6,9.3,0,2,1,0,0,22,1
ISW-2025-02394,7.85,7.94,0.864,0,0,6,0,1,0,0,6.5,8.6,1,0,0,0,1,22,0
ISW-2025-02395,7.14,7.09,0.8879,1,1,5,20,4,1,34,6.3,8.7,1,0,1,1,0,21,1
ISW-2018-02396,8.96,8.92,0.9168,0,0,1,63,10,0,21,6.1,10.0,1,0,2,0,0,26,0
ISW-2018-02397,6.95,6.78,0.7538,3,3,7,4,2,0,10,5.1,7.8,0,0,0,1,1,21,1
ISW-2022-02398,8.3,8.41,0.947,0,0,5,0,1,0,0,7.0,8.9,0,0,2,1,0,22,0
ISW-2019-02399,10.0,9.69,0.7972,0,0,7,0,1,0,0,7.1,10.0,1,0,2,0,1,26,0
ISW-2021-02400,7.9,8.19,0.8981,1,1,5,20,4,1,18,5.4,9.4,1,1,0,0,1,23,0
ISW-2025-02401,8.2,8.01,0.6196,2,2,5,19,4,1,20,5.8,8.8,0,1,2,0,0,22,1
ISW-2023-02402,10.0,10.0,0.92,0,0,5,35,6,0,15,6.8,10.0,0,2,1,0,0,23,0
ISW-2021-02403,7.31,7.58,0.9087,1,0,6,27,5,1,29,4.1,9.1,0,1,0,1,1,20,0
ISW-2018-02404,8.89,9.08,0.9278,0,0,5,42,7,0,13,7.0,9.9,0,0,0,0,1,20,0
ISW-2018-02405,7.61,7.45,0.9067,2,2,6,33,6,1,38,4.4,8.3,0,3,0,0,0,23,0
ISW-2025-02406,7.57,7.57,0.9024,1,1,5,6,2,0,6,4.4,8.4,0,1,1,1,0,19,0
ISW-2021-02407,9.44,9.27,0.8968,1,1,6,20,4,0,8,8.3,9.8,1,1,0,1,0,27,0
ISW-2018-02408,8.97,8.76,0.9407,0,0,6,7,2,1,5,5.4,9.1,0,0,0,1,0,19,0
ISW-2025-02409,7.23,7.4,0.7901,3,3,7,4,2,1,10,5.1,8.2,0,1,2,0,0,20,1
ISW-2025-02410,7.04,7.14,0.7842,3,3,6,46,8,1,96,5.4,8.4,0,1,1,0,1,22,1
ISW-2022-02411,7.59,7.57,0.896,2,1,6,26,5,0,37,5.1,7.9,1,1,1,0,0,22,0
ISW-2019-02412,6.38,6.05,0.6267,7,4,7,49,9,2,104,3.9,6.7,1,2,2,1,0,21,1
ISW-2021-02413,7.73,7.63,0.8598,1,1,7,13,3,1,10,4.3,8.2,0,3,0,1,1,26,0
ISW-2020-02414,8.12,8.37,0.924,0,0,7,14,3,1,13,6.9,10.0,0,3,0,1,0,24,0
ISW-2020-02415,6.99,7.2,0.6844,2,1,5,12,3,0,21,4.8,8.1,0,1,1,0,1,18,1
ISW-2019-02416,7.01,7.03,0.7515,0,0,5,0,1,0,0,5.9,7.4,1,3,0,1,1,26,0
ISW-2022-02417,7.35,7.08,0.7892,3,2,7,4,2,1,10,5.9,8.6,0,3,0,1,0,22,0
ISW-2024-02418,7.18,7.26,0.7924,2,1,6,12,3,0,26,6.3,8.2,1,0,1,0,0,23,0
ISW-2024-02419,8.19,8.1,0.8767,0,0,6,0,1,0,0,6.0,8.7,0,1,0,0,0,27,0
ISW-2018-02420,9.52,9.95,0.95,1,1,5,48,8,1,26,7.2,10.0,0,0,0,0,0,21,0
ISW-2024-02421,8.04,7.9,0.6626,0,0,5,0,1,0,0,5.3,9.2,0,0,1,0,0,28,0
ISW-2024-02422,8.93,9.03,0.8978,0,0,5,0,1,0,0,8.0,10.0,0,0,1,0,0,25,0
ISW-2025-02423,9.73,10.0,0.9191,0,0,6,28,5,1,9,7.3,10.0,0,1,0,0,0,24,0
ISW-2025-02424,8.36,8.54,0.7407,0,0,7,0,1,0,0,6.9,10.0,0,0,0,0,1,25,0
ISW-2019-02425,9.93,9.53,0.9274,2,2,6,40,7,1,14,7.5,10.0,1,0,2,1,0,18,0
ISW-2024-02426,7.7,7.39,0.9194,3,2,6,25,5,0,33,4.5,8.3,0,0,2,1,0,23,0
ISW-2024-02427,8.96,8.81,0.9627,0,0,5,0,1,0,0,6.4,9.8,1,1,0,1,0,22,0
ISW-2021-02428,5.7,5.87,0.7762,6,4,7,22,5,1,50,3.8,7.0,0,2,0,1,0,25,1
ISW-2019-02429,8.29,8.22,0.8377,2,1,5,19,4,1,15,5.4,9.5,0,3,1,0,1,24,0
ISW-2025-02430,8.11,8.12,0.9287,2,1,7,26,5,0,22,5.9,9.0,1,0,0,1,1,22,0
ISW-2018-02431,7.17,6.62,0.8937,0,0,5,35,6,0,63,5.2,7.6,1,0,0,0,0,25,0
ISW-2020-02432,9.56,9.81,0.8773,0,0,6,28,5,1,4,7.0,10.0,0,2,0,1,1,18,0
ISW-2025-02433,9.52,9.41,0.8793,0,0,5,21,4,0,7,7.1,10.0,1,0,0,1,0,23,0
ISW-2021-02434,6.8,6.61,0.5986,4,2,6,3,2,1,14,4.1,7.7,0,3,0,1,1,24,1
ISW-2019-02435,9.07,9.36,0.9094,0,0,7,28,5,0,5,8.2,10.0,0,1,0,0,0,21,0
ISW-2023-02436,7.96,8.37,0.8567,0,0,6,56,9,0,27,6.1,9.6,0,1,2,0,1,17,0
ISW-2025-02437,8.4,8.49,0.8652,0,0,5,21,4,0,13,6.5,9.6,0,0,0,0,0,27,0
ISW-2025-02438,9.74,9.81,0.8616,1,0,6,20,4,1,7,8.0,10.0,0,0,0,0,0,18,0
ISW-2024-02439,7.99,7.57,0.9145,2,1,5,12,3,1,12,4.6,7.9,0,1,0,0,0,21,0
ISW-2020-02440,7.15,7.13,0.8558,3,2,5,25,5,1,42,4.4,7.6,1,0,2,0,0,21,1
ISW-2021-02441,8.12,8.0,0.9231,1,0,1,62,10,1,52,5.7,9.4,1,2,0,0,1,25,0
ISW-2020-02442,9.26,8.92,0.7599,0,0,5,0,1,0,0,5.7,9.9,1,1,0,1,1,19,0
ISW-2020-02443,7.77,8.05,0.8959,0,0,7,0,1,0,0,4.6,9.2,1,0,1,0,0,26,0
ISW-2025-02444,8.43,8.7,0.8025,1,1,7,13,3,0,3,6.7,9.8,0,0,1,1,1,21,0
ISW-2022-02445,7.89,8.57,0.795,2,2,5,12,3,0,21,6.3,9.0,0,1,2,0,0,20,0
ISW-2019-02446,8.21,7.82,0.9684,1,1,5,20,4,0,17,5.9,9.6,0,0,0,0,1,25,0
ISW-2020-02447,8.4,8.23,0.8962,0,0,6,0,1,0,0,6.3,9.3,0,1,0,0,0,24,0
ISW-2024-02448,8.2,8.42,0.8599,1,1,5,13,3,0,10,5.0,9.1,0,1,0,1,0,21,0
ISW-2020-02449,9.66,9.69,0.8393,0,0,7,21,4,0,9,6.7,10.0,0,2,1,0,0,19,0
ISW-2025-02450,7.03,7.46,0.8431,3,2,6,18,4,1,28,5.9,8.6,0,0,0,1,1,23,1
ISW-2023-02451,8.6,8.46,0.8801,1,1,5,20,4,0,13,7.3,9.2,0,0,0,0,1,22,0
ISW-2025-02452,7.59,8.13,0.879,1,1,7,27,5,0,27,6.2,9.8,0,2,0,0,1,21,0
ISW-2018-02453,8.16,8.26,0.8353,3,3,5,18,4,0,15,6.6,9.8,0,1,2,0,0,23,0
ISW-2019-02454,9.25,9.26,0.7671,1,1,5,34,6,1,36,8.3,10.0,0,1,0,0,0,27,0
ISW-2022-02455,9.16,8.76,0.9521,1,1,6,20,4,0,6,7.8,10.0,1,1,0,0,1,22,0
ISW-2025-02456,7.37,7.37,0.7737,1,1,5,13,3,0,28,6.1,8.0,0,2,2,1,1,19,1
ISW-2020-02457,7.8,7.69,0.9401,0,0,6,21,4,1,21,5.8,9.0,1,0,1,0,0,21,0
ISW-2021-02458,6.74,6.26,0.7791,0,0,5,0,1,0,0,3.5,8.0,1,0,1,0,1,23,0
ISW-2024-02459,8.58,8.65,0.8143,1,1,5,6,2,0,3,6.3,9.2,0,2,1,0,1,19,0
ISW-2018-02460,8.68,8.71,0.8459,0,0,5,14,3,0,11,7.2,9.7,0,0,0,1,0,19,0
ISW-2022-02461,9.37,9.0,0.8213,0,0,6,42,7,0,14,6.8,9.7,0,2,2,0,1,24,0
ISW-2020-02462,9.85,10.0,0.9682,1,1,6,27,5,0,4,7.8,10.0,0,0,0,0,0,24,0
ISW-2023-02463,7.43,7.87,0.861,0,0,7,0,1,0,0,7.0,8.8,0,0,2,0,0,28,0
ISW-2019-02464,8.62,8.88,0.9501,1,1,6,20,4,1,9,6.8,10.0,1,0,0,1,1,20,0
ISW-2019-02465,7.97,8.08,0.9213,4,3,6,3,2,1,7,6.4,8.9,1,2,1,0,1,23,0
ISW-2019-02466,6.3,6.21,0.8,3,2,5,25,5,1,56,3.8,7.7,0,2,0,1,0,21,1
ISW-2023-02467,8.93,8.88,0.8414,2,2,6,33,6,0,27,6.5,10.0,0,0,0,1,0,26,0
ISW-2019-02468,9.35,9.26,0.8754,1,1,7,20,4,0,10,6.0,10.0,0,0,0,0,0,27,0
ISW-2018-02469,6.73,7.26,0.7185,0,0,5,21,4,0,34,4.8,8.7,1,0,1,0,0,21,0
ISW-2023-02470,7.32,7.61,0.8331,2,1,5,5,2,1,5,4.8,9.3,0,0,0,0,1,18,0
ISW-2019-02471,8.63,8.75,0.7858,3,2,6,11,3,1,14,7.9,9.5,0,1,2,0,0,20,0
ISW-2023-02472,8.73,9.06,0.921,0,0,6,42,7,0,7,7.7,10.0,1,0,0,0,0,25,0
ISW-2020-02473,8.84,8.97,0.8994,0,0,6,28,5,0,10,6.1,9.4,0,0,1,0,1,22,0
ISW-2020-02474,7.21,7.36,0.8397,1,1,5,13,3,0,17,4.3,9.1,0,0,1,0,0,22,0
ISW-2020-02475,8.0,7.95,0.7882,5,1,7,2,2,2,12,7.0,9.5,0,1,0,1,0,23,1
ISW-2018-02476,9.89,10.0,0.9446,0,0,6,0,1,0,0,6.9,10.0,0,1,1,0,1,23,0
ISW-2018-02477,9.34,9.2,0.8231,0,0,6,0,1,0,0,7.4,9.7,0,1,1,0,0,26,0
ISW-2022-02478,9.1,8.7,0.8446,0,0,5,0,1,0,0,5.2,9.6,0,1,1,0,0,23,0
ISW-2022-02479,7.21,7.49,0.8033,5,3,6,2,2,2,12,5.1,8.5,0,3,1,0,0,22,1
ISW-2021-02480,9.13,9.09,0.8575,1,1,7,48,8,1,16,7.7,10.0,1,1,1,0,0,22,0
ISW-2022-02481,7.93,8.15,0.6857,1,1,6,13,3,1,21,6.4,9.6,0,2,0,1,1,18,0
ISW-2022-02482,7.22,7.71,0.9557,0,0,7,7,2,0,5,4.5,9.2,1,1,0,0,1,21,0
ISW-2023-02483,9.12,9.28,0.898,0,0,7,0,1,0,0,8.4,9.9,0,0,0,0,0,22,0
ISW-2025-02484,8.8,8.87,0.7474,0,0,5,7,2,0,6,6.9,9.7,1,2,1,1,0,21,0
ISW-2024-02485,8.47,8.82,0.7973,2,2,6,33,6,1,38,7.0,9.9,0,1,2,0,0,18,1
ISW-2025-02486,8.53,8.57,0.85,0,0,6,7,2,1,4,5.5,9.3,1,1,0,0,1,26,0
ISW-2021-02487,9.01,9.36,0.7924,2,0,5,33,6,0,47,7.6,10.0,0,0,0,0,1,21,0
ISW-2024-02488,8.87,9.13,0.9409,2,2,5,33,6,0,12,8.0,10.0,0,0,0,0,1,20,0
ISW-2022-02489,6.91,6.79,0.8366,0,0,6,0,1,0,0,6.0,7.9,0,2,1,1,0,20,0
ISW-2022-02490,7.5,7.38,0.6506,2,2,6,19,4,1,35,5.7,9.0,0,0,1,1,1,20,1
ISW-2025-02491,7.68,7.48,0.9287,0,0,7,56,9,1,61,4.1,8.6,1,0,1,1,1,24,0
ISW-2018-02492,8.09,7.55,0.9707,2,0,7,12,3,1,19,4.9,9.1,1,0,1,0,0,20,0
ISW-2021-02493,9.13,9.34,0.8394,0,0,5,0,1,0,0,6.3,10.0,1,1,1,1,0,23,0
ISW-2020-02494,8.69,9.0,0.76,3,2,6,46,8,1,54,7.5,9.9,0,2,0,0,0,27,1
ISW-2025-02495,7.76,7.41,0.8579,3,2,6,39,7,1,41,6.3,8.2,1,1,0,1,1,20,0
ISW-2020-02496,7.52,7.45,0.7682,4,4,6,10,3,2,29,5.9,8.6,1,3,0,1,0,23,1
ISW-2018-02497,8.22,8.34,0.7629,2,0,5,19,4,0,28,6.0,9.8,0,1,2,0,0,28,1
ISW-2024-02498,7.16,7.63,0.8052,0,0,7,0,1,0,0,4.6,8.3,0,0,1,1,1,23,0
ISW-2023-02499,9.15,9.47,0.9291,2,2,6,33,6,1,17,7.1,10.0,0,0,0,0,1,27,0
ISW-2023-02500,6.87,6.77,0.8409,3,1,6,11,3,0,23,3.7,8.1,0,0,0,0,0,21,1
ISW-2024-02501,9.58,9.41,0.9611,0,0,7,0,1,0,0,8.1,10.0,0,1,0,0,0,23,0
ISW-2024-02502,9.65,9.52,0.9312,0,0,7,28,5,0,4,8.2,9.9,1,0,2,0,0,24,0
ISW-2018-02503,8.61,8.08,0.9046,0,0,5,56,9,1,53,5.4,8.9,0,0,0,0,0,21,0
ISW-2024-02504,8.44,8.46,0.7062,2,1,6,33,6,0,47,7.4,9.2,0,2,1,1,1,25,1
ISW-2020-02505,6.77,6.92,0.6716,2,2,5,5,2,1,16,5.8,8.5,0,1,0,0,1,25,0
ISW-2025-02506,6.37,6.98,0.8599,0,0,6,0,1,0,0,5.9,7.9,1,0,1,1,1,18,0
ISW-2018-02507,8.93,9.25,0.844,0,0,5,49,8,0,23,8.1,10.0,1,1,1,0,1,25,0
ISW-2024-02508,8.23,8.26,0.8465,1,1,7,48,8,1,28,6.2,9.8,1,1,0,1,1,20,0
ISW-2021-02509,8.1,7.84,0.8889,3,3,5,11,3,0,16,6.3,8.3,0,2,1,1,0,28,0
ISW-2021-02510,8.98,9.15,0.9299,3,3,7,18,4,0,7,7.4,10.0,0,1,0,1,0,27,0
ISW-2024-02511,6.41,6.38,0.6271,4,3,7,10,3,2,25,3.5,7.1,0,0,2,0,1,19,0
ISW-2021-02512,9.38,9.07,0.6599,1,1,7,13,3,0,10,7.5,10.0,0,0,0,1,1,18,0
ISW-2018-02513,8.95,8.68,0.7691,0,0,7,0,1,0,0,5.3,9.4,0,0,1,0,1,19,0
ISW-2025-02514,9.81,9.37,0.9322,0,0,6,0,1,0,0,8.4,10.0,0,1,0,1,1,22,0
ISW-2021-02515,8.07,8.59,0.8967,0,0,6,7,2,1,6,6.6,9.6,1,1,1,0,0,19,0
ISW-2023-02516,7.86,7.81,0.8471,2,2,7,33,6,0,35,5.0,8.2,0,1,0,0,0,21,0
ISW-2022-02517,8.94,9.08,0.8576,0,0,6,0,1,0,0,6.3,10.0,1,1,1,0,0,23,0
ISW-2018-02518,6.55,6.89,0.8643,3,1,6,4,2,1,10,5.1,8.1,0,0,0,0,1,21,0
ISW-2024-02519,7.07,7.06,0.8504,5,3,5,9,3,1,21,5.2,7.7,0,0,0,0,1,19,1
ISW-2025-02520,6.11,5.93,0.8618,0,0,7,0,1,0,0,4.1,6.4,0,0,2,0,1,25,0
ISW-2018-02521,8.07,7.99,0.8617,0,0,5,0,1,0,0,5.1,9.1,0,0,0,0,0,21,0
ISW-2021-02522,9.01,9.44,0.8978,2,2,7,19,4,1,14,7.8,10.0,0,1,0,1,0,24,0
ISW-2018-02523,7.7,7.26,0.943,0,0,5,7,2,0,8,6.1,8.3,0,3,1,0,0,22,0
ISW-2023-02524,8.66,8.48,0.844,1,1,5,20,4,0,17,7.6,9.5,0,0,0,0,0,23,0
ISW-2023-02525,8.37,8.77,0.7114,2,2,7,47,8,1,55,5.9,9.6,0,1,2,1,1,18,1
ISW-2025-02526,7.49,7.75,0.6977,0,0,7,0,1,0,0,6.0,8.5,0,0,0,0,1,27,0
ISW-2022-02527,8.37,8.22,0.8548,0,0,7,49,8,0,33,7.4,9.9,1,1,2,1,0,20,0
ISW-2019-02528,10.0,10.0,0.9293,0,0,7,42,7,1,10,7.5,10.0,1,0,2,0,1,22,0
ISW-2020-02529,9.34,9.13,0.9247,1,0,7,34,6,1,17,6.3,10.0,0,1,0,0,0,22,1
ISW-2021-02530,6.81,6.85,0.8403,3,2,6,18,4,0,37,3.6,7.8,0,0,0,0,1,18,1
ISW-2018-02531,8.37,8.51,0.8308,0,0,5,21,4,0,12,5.8,10.0,0,0,1,1,1,24,0
ISW-2024-02532,8.27,8.06,0.9619,0,0,7,21,4,0,15,5.0,8.6,0,1,1,1,0,23,0
ISW-2019-02533,7.94,7.81,0.8126,4,2,6,24,5,1,24,5.5,8.8,0,0,0,1,1,24,1
ISW-2023-02534,8.02,8.34,0.8862,0,0,6,0,1,0,0,6.2,8.9,0,1,0,0,0,27,0
ISW-2021-02535,6.4,6.55,0.8507,2,1,5,54,9,1,98,3.9,7.1,0,0,0,1,1,18,1
ISW-2024-02536,8.61,8.85,0.8399,0,0,7,21,4,1,11,7.5,9.7,1,3,1,0,0,21,0
ISW-2021-02537,7.24,7.51,0.8814,0,0,7,35,6,1,26,4.9,8.0,0,0,1,1,0,24,0
ISW-2024-02538,7.96,8.05,0.9208,4,2,6,3,2,2,6,5.8,9.3,1,1,0,0,1,19,0
ISW-2020-02539,7.49,7.72,0.9266,0,0,6,0,1,0,0,5.0,8.7,0,2,0,1,0,17,0
ISW-2025-02540,7.82,8.09,0.9211,1,1,6,13,3,0,16,7.0,9.4,0,1,1,1,0,27,0
ISW-2020-02541,9.5,9.52,0.8566,1,1,5,13,3,0,6,6.8,10.0,1,0,2,0,1,29,0
ISW-2022-02542,8.89,9.22,0.8786,1,0,5,13,3,1,8,5.7,9.7,0,1,0,1,0,19,0
ISW-2024-02543,8.86,8.76,0.9167,0,0,7,7,2,0,3,6.5,10.0,0,0,0,0,1,23,0
ISW-2023-02544,7.6,7.84,0.7945,2,2,5,5,2,0,9,6.9,8.5,1,1,0,0,1,25,0
ISW-2021-02545,9.46,9.14,0.8569,3,1,5,11,3,0,8,7.8,9.6,0,0,1,0,0,18,0
ISW-2018-02546,9.98,9.54,0.7687,0,0,7,7,2,1,5,6.3,10.0,0,2,0,1,1,23,0
ISW-2023-02547,10.0,10.0,0.8523,0,0,5,56,9,0,5,7.4,10.0,0,2,0,0,0,24,0
ISW-2019-02548,9.6,8.92,0.7693,0,0,6,0,1,0,0,5.6,9.9,0,0,1,0,0,20,0
ISW-2025-02549,8.62,8.55,0.8083,1,0,6,6,2,0,4,6.2,8.9,0,0,0,1,0,22,0
ISW-2023-02550,7.81,7.58,0.7695,2,2,6,5,2,0,8,5.0,8.9,0,0,0,0,1,26,1
ISW-2020-02551,8.44,8.19,0.9464,0,0,7,14,3,0,8,5.2,9.3,1,1,0,1,0,23,0
ISW-2019-02552,9.68,9.72,0.9358,0,0,5,14,3,0,5,8.8,10.0,0,0,0,0,0,19,0
ISW-2025-02553,8.03,8.19,0.9721,2,2,6,19,4,1,25,5.5,8.6,0,1,0,0,0,23,0
ISW-2021-02554,7.52,7.56,0.8828,2,2,6,54,9,0,55,5.8,8.9,0,1,0,1,1,20,0
ISW-2019-02555,9.18,9.25,0.9206,0,0,5,7,2,1,0,5.9,10.0,0,3,0,0,0,22,0
ISW-2020-02556,9.17,8.76,0.7066,0,0,6,28,5,0,26,7.4,10.0,1,0,0,0,0,25,0
ISW-2019-02557,7.57,7.06,0.7403,0,0,7,0,1,0,0,5.6,8.8,0,0,2,0,0,21,0
ISW-2018-02558,7.44,7.09,0.6926,3,1,5,4,2,1,12,5.9,8.0,0,0,2,1,0,23,1
ISW-2020-02559,8.72,8.6,0.8795,0,0,5,14,3,1,13,6.6,9.6,1,1,0,0,1,19,0
ISW-2020-02560,8.29,8.42,0.8324,0,0,6,0,1,0,0,5.6,9.5,1,0,1,1,0,20,0
ISW-2024-02561,6.94,7.25,0.9141,2,1,5,19,4,1,29,4.4,7.7,1,0,0,1,0,21,0
ISW-2025-02562,6.5,6.54,0.8779,3,2,6,25,5,1,54,3.5,7.5,0,0,2,0,0,25,0
ISW-2025-02563,8.06,8.52,0.8046,0,0,6,28,5,0,10,7.4,9.2,0,1,2,0,1,18,0
ISW-2021-02564,8.87,8.8,0.9117,1,1,5,13,3,1,9,6.4,10.0,0,3,1,0,1,19,0
ISW-2025-02565,8.95,8.83,0.9269,0,0,6,21,4,1,9,5.9,9.9,0,0,1,0,0,21,0
ISW-2019-02566,9.79,9.39,0.8863,1,0,5,6,2,1,0,8.2,10.0,1,0,0,0,1,20,0
ISW-2020-02567,8.08,8.82,0.8306,0,0,6,0,1,0,0,7.1,10.0,0,0,0,0,1,22,0
ISW-2018-02568,8.82,9.2,0.8585,0,0,7,0,1,0,0,7.7,10.0,0,0,0,0,0,25,0
ISW-2025-02569,8.53,8.92,0.9385,0,0,6,21,4,1,9,5.8,10.0,1,3,0,1,0,23,0
ISW-2020-02570,7.99,7.86,0.8609,4,2,1,59,10,1,61,5.9,8.5,1,1,1,0,0,22,1
ISW-2018-02571,9.8,9.35,0.8554,0,0,7,0,1,0,0,6.5,10.0,0,1,0,0,1,20,0
ISW-2023-02572,7.41,7.48,0.6765,3,2,6,18,4,0,39,6.4,9.1,1,3,0,0,0,20,1
ISW-2025-02573,7.38,7.6,0.8944,4,2,5,24,5,2,29,4.6,8.6,0,1,1,0,0,18,1
ISW-2020-02574,8.79,8.64,0.8946,0,0,7,35,6,1,12,5.6,9.8,0,0,1,0,0,18,0
ISW-2022-02575,7.52,7.3,0.699,3,3,6,11,3,1,26,5.4,9.0,0,1,1,1,0,22,1
ISW-2020-02576,9.31,10.0,0.8713,0,0,6,21,4,0,0,9.1,10.0,1,0,0,0,1,19,0
ISW-2024-02577,8.18,8.74,0.8993,1,1,7,27,5,1,11,6.7,9.4,1,0,2,0,0,22,0
ISW-2022-02578,9.09,8.81,0.6517,1,1,6,41,7,0,43,7.2,10.0,0,3,0,1,0,24,0
ISW-2022-02579,8.96,9.02,0.939,0,0,5,0,1,0,0,7.4,10.0,0,0,1,0,1,27,0
ISW-2019-02580,6.13,6.35,0.8289,3,2,7,46,8,1,92,4.1,8.0,0,1,0,1,1,21,0
ISW-2025-02581,8.54,8.63,0.8987,0,0,5,0,1,0,0,7.0,9.6,0,0,0,0,1,22,0
ISW-2020-02582,7.41,7.89,0.8678,1,0,7,34,6,1,21,4.7,8.9,1,0,2,1,1,27,0
ISW-2020-02583,8.72,8.96,0.8484,0,0,7,0,1,0,0,6.4,9.7,0,1,0,1,0,18,0
ISW-2024-02584,8.6,8.73,0.912,0,0,5,0,1,0,0,5.8,10.0,1,2,0,1,0,27,0
ISW-2020-02585,8.76,9.35,0.9146,0,0,5,0,1,0,0,8.2,10.0,0,1,0,0,1,19,0
ISW-2023-02586,7.35,7.32,0.8611,0,0,7,14,3,1,14,6.1,8.4,0,0,2,0,1,23,1
ISW-2021-02587,6.0,5.98,0.8701,3,3,6,4,2,1,13,2.9,7.4,0,0,2,1,0,21,0
ISW-2020-02588,9.99,10.0,0.8966,0,0,7,0,1,0,0,6.7,10.0,1,1,0,0,0,27,0
ISW-2021-02589,7.03,6.69,0.8436,2,1,5,12,3,0,27,3.8,7.5,0,1,1,0,1,24,1
ISW-2024-02590,7.85,7.75,0.8641,0,0,6,14,3,0,15,6.1,8.6,0,2,0,0,0,27,0
ISW-2025-02591,9.53,9.2,0.8351,0,0,7,28,5,0,8,7.0,9.7,0,1,1,0,1,25,0
ISW-2018-02592,8.65,8.58,0.96,2,1,7,40,7,0,22,5.9,9.0,1,2,0,0,1,27,1
ISW-2023-02593,8.61,8.5,0.855,0,0,6,21,4,0,16,7.6,9.5,1,2,0,0,0,22,0
ISW-2019-02594,9.03,9.25,0.8823,0,0,6,0,1,0,0,6.8,10.0,1,0,1,0,1,22,0
ISW-2019-02595,8.11,8.01,0.8771,0,0,5,7,2,0,3,5.4,9.3,0,1,2,0,1,21,0
ISW-2021-02596,8.33,8.23,0.7306,3,1,5,46,8,1,57,5.4,9.1,1,1,0,0,0,22,0
ISW-2024-02597,9.0,8.7,0.9075,0,0,7,0,1,0,0,6.2,9.8,0,3,0,0,0,28,0
ISW-2023-02598,7.31,6.92,0.9307,2,1,7,12,3,1,21,3.9,7.5,1,0,2,1,1,21,0
ISW-2022-02599,6.86,6.79,0.8345,5,3,5,44,8,1,71,3.5,8.2,0,1,0,0,0,20,0
ISW-2023-02600,8.3,7.93,0.8832,0,0,7,56,9,1,50,6.2,9.0,0,0,0,0,1,26,0
ISW-2020-02601,9.22,9.76,0.9995,0,0,7,14,3,0,6,7.3,10.0,1,1,0,1,0,27,0
ISW-2022-02602,8.85,9.05,0.8643,1,0,5,20,4,0,8,6.1,10.0,1,3,0,0,1,20,0
ISW-2019-02603,6.47,7.1,0.801,1,1,6,13,3,0,17,3.9,7.5,0,3,0,0,1,22,0
ISW-2022-02604,8.19,8.62,0.9423,3,3,5,25,5,0,23,6.7,10.0,0,0,0,0,0,18,0
ISW-2022-02605,8.64,8.48,0.8239,0,0,7,0,1,0,0,5.1,10.0,1,0,0,0,1,20,0
ISW-2021-02606,7.81,8.03,0.7507,0,0,7,0,1,0,0,5.4,9.0,1,2,0,0,0,22,0
ISW-2018-02607,7.9,7.81,0.8702,1,1,6,20,4,1,29,4.4,9.3,1,1,2,0,0,28,0
ISW-2023-02608,8.87,8.54,0.7299,2,2,6,5,2,0,11,6.1,9.3,0,3,0,1,0,20,0
ISW-2025-02609,8.67,8.87,0.9044,0,0,7,21,4,1,9,5.4,10.0,0,0,1,0,0,19,0
ISW-2024-02610,8.31,8.24,0.9325,0,0,5,7,2,1,7,5.0,9.3,1,2,0,0,0,21,0
ISW-2018-02611,9.95,9.72,0.9793,1,0,5,41,7,1,36,7.7,10.0,1,1,0,0,0,23,0
ISW-2021-02612,9.48,9.39,0.9568,0,0,7,35,6,1,21,7.8,10.0,1,0,0,0,0,19,0
ISW-2020-02613,9.61,9.61,0.9147,1,0,5,13,3,1,2,6.8,10.0,0,0,0,0,0,18,0
ISW-2025-02614,6.8,7.33,0.8123,2,1,7,33,6,0,37,5.2,8.5,0,1,1,1,0,24,0
ISW-2019-02615,8.71,8.7,0.8709,0,0,6,7,2,1,3,7.5,9.3,0,0,0,1,1,23,0
ISW-2025-02616,8.94,8.85,0.7972,1,0,5,13,3,0,14,7.4,10.0,1,2,1,1,0,23,0
ISW-2025-02617,8.29,8.42,0.8631,0,0,5,0,1,0,0,6.1,9.6,0,1,2,0,1,23,0
ISW-2021-02618,7.65,7.84,0.8075,4,3,7,38,7,2,34,4.6,9.4,0,1,0,0,0,22,1
ISW-2018-02619,9.07,9.53,0.8987,0,0,6,35,6,1,15,6.8,10.0,1,0,2,0,0,21,0
ISW-2018-02620,8.55,8.67,0.9158,0,0,6,42,7,1,37,7.2,9.7,1,3,0,0,0,20,0
ISW-2018-02621,9.84,9.65,0.9527,0,0,7,42,7,0,14,8.4,10.0,0,1,0,0,0,22,0
ISW-2023-02622,8.4,8.41,0.7347,0,0,6,56,9,0,62,5.4,9.0,1,2,0,0,0,23,0
ISW-2022-02623,8.15,7.95,0.7475,1,1,7,6,2,1,14,5.1,9.2,0,2,2,0,1,18,0
ISW-2022-02624,9.2,8.58,0.8434,1,1,5,48,8,0,20,7.3,9.9,0,1,1,0,0,19,0
ISW-2019-02625,8.18,8.14,0.7459,4,4,7,17,4,1,26,5.3,8.6,0,3,2,0,0,25,0
ISW-2018-02626,10.0,9.9,0.8876,0,0,7,14,3,0,7,6.7,10.0,0,1,1,0,1,22,0
ISW-2022-02627,9.39,9.29,0.8681,1,1,5,20,4,1,7,6.9,10.0,1,1,0,0,0,19,0
ISW-2021-02628,8.47,8.45,0.9004,0,0,6,7,2,0,4,6.4,9.9,1,0,2,0,1,27,0
ISW-2019-02629,7.85,7.85,0.9227,1,1,6,6,2,0,8,5.6,9.3,0,0,2,0,1,18,0
ISW-2024-02630,6.64,7.39,0.8772,1,1,7,6,2,0,10,4.5,7.9,1,1,1,0,0,30,0
ISW-2021-02631,7.76,7.97,0.8372,0,0,7,0,1,0,0,4.7,9.3,0,0,1,0,0,18,0
ISW-2023-02632,8.02,8.04,0.7701,2,1,6,12,3,0,19,7.0,8.4,1,1,2,1,0,20,0
ISW-2022-02633,8.08,8.08,0.9225,1,1,7,41,7,1,26,6.2,9.8,1,3,0,0,1,20,0
ISW-2021-02634,6.94,7.4,0.8772,1,1,5,20,4,1,27,6.4,7.9,0,0,2,0,1,23,1
ISW-2025-02635,8.22,8.37,0.9279,0,0,6,14,3,1,7,7.5,10.0,0,0,2,0,0,21,0
ISW-2021-02636,8.15,7.83,0.8366,0,0,7,14,3,0,15,6.6,8.7,0,1,1,0,1,18,0
ISW-2024-02637,8.22,7.94,0.9188,2,1,7,12,3,0,16,7.1,8.9,0,0,0,0,0,24,0
ISW-2021-02638,8.65,8.49,0.9116,0,0,5,0,1,0,0,5.0,10.0,1,2,0,0,0,24,0
ISW-2020-02639,9.18,8.42,0.8625,0,0,6,35,6,0,31,6.7,10.0,0,1,2,0,0,23,0
ISW-2021-02640,7.65,7.34,0.8155,0,0,5,0,1,0,0,5.2,7.7,0,1,2,1,1,20,0
ISW-2021-02641,7.84,7.45,0.809,1,0,7,27,5,1,33,4.8,7.8,0,1,1,1,0,21,0
ISW-2023-02642,6.97,6.76,0.8524,4,2,7,24,5,2,45,4.1,8.2,1,1,2,0,1,24,1
ISW-2018-02643,9.53,9.13,0.9109,0,0,5,21,4,0,8,5.9,10.0,0,0,0,0,0,22,0
ISW-2022-02644,8.04,7.93,0.8406,3,1,7,39,7,0,41,6.0,8.5,1,0,2,1,1,23,0
ISW-2022-02645,7.66,7.28,0.8819,2,1,5,5,2,0,9,5.1,9.0,0,0,0,0,1,19,0
ISW-2020-02646,9.09,9.5,0.8268,0,0,6,42,7,0,8,7.7,10.0,0,2,0,1,1,21,0
ISW-2019-02647,10.0,9.8,0.8922,0,0,6,28,5,1,12,8.3,10.0,0,0,0,1,1,24,0
ISW-2018-02648,9.28,9.12,0.8589,1,0,5,34,6,0,16,7.7,9.9,0,0,0,0,0,23,0
ISW-2021-02649,8.6,8.59,0.9232,2,1,6,19,4,1,18,6.8,9.6,0,0,0,0,1,27,0
ISW-2023-02650,8.97,8.43,0.8308,0,0,5,35,6,0,21,6.3,9.0,1,0,1,0,1,19,0
ISW-2022-02651,7.93,7.7,0.8897,2,1,1,61,10,1,56,5.6,9.1,1,0,0,1,0,25,0
ISW-2021-02652,8.43,8.44,0.8969,0,0,5,14,3,1,13,6.7,10.0,0,2,1,0,1,26,0
ISW-2018-02653,9.57,9.54,0.8869,1,1,5,34,6,1,7,8.6,10.0,0,0,0,1,1,24,0
ISW-2025-02654,6.79,6.92,0.8358,2,2,7,26,5,1,54,3.7,7.7,0,1,2,0,1,22,0
ISW-2025-02655,8.35,8.7,0.8183,1,1,5,13,3,0,6,6.9,9.4,0,0,0,1,1,23,0
ISW-2021-02656,6.71,6.98,0.7619,0,0,7,49,8,0,92,5.2,8.4,1,1,1,1,0,23,0
ISW-2023-02657,8.91,9.52,0.9802,0,0,7,7,2,0,2,7.5,10.0,1,0,1,0,0,23,0
ISW-2021-02658,6.99,7.21,0.9585,1,1,6,20,4,0,25,4.6,7.7,1,1,0,0,0,25,0
ISW-2018-02659,7.93,7.77,0.5843,0,0,6,0,1,0,0,4.8,8.3,0,3,0,0,1,24,0
ISW-2024-02660,8.36,8.24,0.9021,1,1,6,6,2,0,8,5.4,9.4,0,0,0,1,1,23,0
ISW-2022-02661,6.96,6.98,0.7637,3,3,7,32,6,0,63,5.4,8.7,0,3,0,1,1,18,1
ISW-2025-02662,8.85,9.24,0.9057,0,0,5,7,2,1,2,7.6,10.0,1,0,0,0,0,20,0
ISW-2020-02663,8.17,7.63,0.8421,0,0,6,7,2,0,8,4.6,9.0,0,1,0,1,1,22,0
ISW-2018-02664,6.76,7.82,0.823,1,1,5,6,2,1,7,6.5,8.7,1,1,1,0,0,20,0
ISW-2022-02665,8.26,8.21,0.9328,1,1,7,13,3,0,11,6.8,8.9,0,0,0,0,0,25,0
ISW-2023-02666,9.59,8.7,0.8196,0,0,5,35,6,0,24,6.4,10.0,0,0,0,1,1,23,0
ISW-2018-02667,7.01,6.77,0.5654,11,7,5,31,7,2,74,5.9,7.7,1,0,0,0,1,21,0
ISW-2022-02668,7.76,7.99,0.8451,0,0,5,0,1,0,0,6.9,9.1,0,1,0,1,1,27,0
ISW-2025-02669,6.7,6.52,0.8955,1,0,7,20,4,0,43,4.4,7.9,0,0,0,0,1,21,0
ISW-2019-02670,9.24,9.12,0.8915,0,0,6,14,3,1,3,8.1,10.0,0,2,1,0,0,22,1
ISW-2021-02671,7.84,7.77,0.7623,0,0,5,21,4,0,34,5.0,8.7,1,0,1,0,0,23,0
ISW-2022-02672,9.77,9.07,0.9005,1,0,5,13,3,0,8,8.2,10.0,0,3,0,0,1,21,0
ISW-2022-02673,10.0,10.0,0.9009,2,2,6,5,2,1,3,7.2,10.0,1,0,0,0,0,20,0
ISW-2025-02674,7.67,7.59,0.8601,2,2,7,12,3,0,13,5.8,8.7,0,1,0,1,1,18,0
ISW-2023-02675,8.57,8.37,0.8597,0,0,7,21,4,1,17,5.8,9.5,0,0,1,0,0,24,0
ISW-2022-02676,8.04,8.06,0.9318,1,1,7,13,3,0,12,5.2,8.5,0,0,0,0,0,23,0
ISW-2024-02677,7.5,7.7,0.8732,2,1,6,12,3,0,10,4.3,8.4,0,0,2,0,1,24,1
ISW-2023-02678,9.04,9.2,0.9186,0,0,7,35,6,0,16,6.9,10.0,1,1,1,0,1,21,0
ISW-2023-02679,8.68,8.43,0.8443,1,1,7,27,5,0,16,4.9,9.0,1,0,1,0,0,18,0
ISW-2020-02680,7.89,7.76,0.8098,1,1,7,6,2,0,7,6.1,9.1,1,1,0,1,0,18,0
ISW-2021-02681,7.83,8.03,0.7337,3,2,6,32,6,0,49,6.8,8.7,1,3,2,1,0,22,0
ISW-2025-02682,8.12,7.75,0.886,2,1,7,40,7,1,41,6.1,8.6,0,0,0,0,0,25,0
ISW-2021-02683,7.79,7.77,0.816,0,0,5,0,1,0,0,4.4,9.2,0,0,0,0,1,26,0
ISW-2023-02684,8.27,7.96,0.7365,1,1,6,20,4,1,32,4.9,9.1,1,0,2,0,0,21,0
ISW-2024-02685,7.3,7.46,0.8542,2,2,5,5,2,0,7,4.3,9.0,0,0,1,0,0,19,0
ISW-2022-02686,8.79,8.76,0.8922,1,1,5,27,5,1,31,6.9,10.0,1,1,0,1,1,19,0
ISW-2019-02687,9.8,9.82,0.9346,0,0,5,7,2,1,4,8.2,10.0,0,1,0,0,1,25,0
ISW-2019-02688,8.68,8.72,0.8658,1,0,7,27,5,1,10,6.5,9.5,0,0,0,1,0,24,0
ISW-2022-02689,6.83,6.97,0.7116,1,1,6,6,2,0,12,4.3,8.7,0,0,2,0,1,20,1
ISW-2025-02690,8.56,8.42,0.8919,1,0,7,13,3,0,10,6.2,9.1,0,1,0,1,0,21,0
ISW-2023-02691,8.57,8.56,0.9488,4,2,6,45,8,1,20,7.6,9.8,0,0,0,1,0,19,0
ISW-2019-02692,7.34,7.38,0.6067,0,0,5,7,2,0,14,6.6,8.9,0,1,0,1,1,25,0
ISW-2021-02693,6.79,7.45,0.8701,2,1,5,40,7,0,35,5.0,8.3,0,3,2,1,0,20,1
ISW-2019-02694,6.22,6.09,0.9174,5,4,1,58,10,2,119,2.6,7.5,0,0,1,0,1,26,1
ISW-2023-02695,6.04,6.02,0.8278,2,2,7,40,7,0,83,5.0,6.8,0,1,0,1,1,25,1
ISW-2021-02696,9.07,9.29,0.9021,0,0,5,0,1,0,0,7.9,10.0,0,2,2,0,1,21,0
ISW-2023-02697,8.66,8.76,0.7934,4,2,5,31,6,2,40,6.4,9.3,0,1,0,0,0,22,1
ISW-2020-02698,7.45,7.88,0.9187,0,0,7,0,1,0,0,4.7,8.6,1,2,1,0,0,24,0
ISW-2021-02699,8.42,8.43,0.7819,4,3,7,3,2,1,12,6.8,9.2,0,2,1,0,1,23,1
ISW-2025-02700,8.22,8.23,0.9166,0,0,6,42,7,0,29,5.3,9.4,0,1,0,1,1,23,0
ISW-2025-02701,7.73,8.0,0.8261,1,0,6,27,5,0,11,5.2,8.5,0,1,1,0,1,23,0
ISW-2018-02702,8.49,8.79,0.8649,1,1,7,13,3,1,8,6.5,10.0,0,1,2,0,0,20,0
ISW-2021-02703,8.29,8.45,0.859,0,0,7,7,2,1,5,7.0,9.1,0,1,0,0,1,22,0
ISW-2022-02704,8.96,8.43,0.8796,0,0,7,35,6,0,23,6.2,9.5,0,1,0,0,0,27,0
ISW-2021-02705,8.0,7.97,0.8018,0,0,7,28,5,0,22,6.8,8.8,0,0,2,1,0,20,0
ISW-2020-02706,8.33,8.43,0.8954,0,0,7,14,3,1,9,6.5,8.7,0,2,0,1,0,23,0
ISW-2022-02707,7.18,7.58,0.748,2,1,6,40,7,0,64,4.3,9.4,0,0,0,0,1,18,1
ISW-2025-02708,9.23,9.63,0.9019,0,0,5,7,2,1,4,8.2,10.0,0,0,0,0,0,21,0
ISW-2018-02709,7.94,8.1,0.8684,0,0,7,0,1,0,0,7.1,9.6,0,0,2,0,0,20,0
ISW-2020-02710,8.88,8.96,0.8401,0,0,6,21,4,0,12,5.8,10.0,0,0,1,0,1,17,0
ISW-2018-02711,6.66,6.71,0.9373,2,1,7,54,9,1,84,5.7,8.2,0,1,2,0,1,23,0
ISW-2024-02712,8.33,8.68,0.9225,0,0,6,7,2,1,7,7.1,9.8,1,0,0,1,0,25,0
ISW-2025-02713,7.36,7.32,0.868,0,0,6,7,2,0,9,4.6,8.6,0,1,2,0,1,24,0
ISW-2021-02714,7.18,7.83,0.7875,0,0,6,0,1,0,0,5.3,8.8,0,1,0,0,1,22,0
ISW-2021-02715,8.26,8.19,0.8159,1,1,5,41,7,1,22,5.3,9.6,0,0,1,1,0,24,0
ISW-2023-02716,7.94,8.34,0.7697,0,0,7,7,2,1,8,6.0,9.9,0,0,1,0,1,22,0
ISW-2022-02717,8.08,8.29,0.7534,1,1,5,13,3,0,31,6.4,10.0,0,1,0,1,1,20,0
ISW-2018-02718,6.9,7.04,0.9328,5,2,1,58,10,1,108,3.9,7.9,1,1,1,0,1,27,0
ISW-2021-02719,9.56,9.04,0.9268,0,0,5,0,1,0,0,5.9,10.0,1,0,0,0,0,25,0
ISW-2025-02720,7.51,7.86,0.7481,2,1,7,19,4,1,37,5.2,8.8,0,0,0,0,1,19,1
ISW-2025-02721,7.56,7.17,0.9199,3,2,6,11,3,0,20,4.7,8.2,0,0,1,0,1,18,1
ISW-2023-02722,9.92,9.85,0.911,0,0,7,35,6,1,7,6.9,10.0,1,0,0,1,1,22,0
ISW-2024-02723,9.25,9.22,0.8435,0,0,5,7,2,1,0,5.9,10.0,0,0,1,0,0,26,0
ISW-2024-02724,7.77,8.16,0.8422,2,1,7,12,3,0,9,6.1,8.5,0,3,0,0,0,26,0
ISW-2024-02725,7.21,7.19,0.8461,0,0,7,0,1,0,0,4.0,7.8,1,0,0,1,1,23,0
ISW-2021-02726,8.6,8.57,0.7937,1,1,5,27,5,0,35,6.7,10.0,0,0,1,0,0,21,0
ISW-2018-02727,7.85,8.16,0.7567,0,0,6,35,6,1,51,6.6,9.1,0,2,0,0,1,25,0
ISW-2020-02728,7.84,7.91,0.8489,0,0,5,0,1,0,0,4.9,8.6,0,1,2,1,0,26,0
ISW-2025-02729,7.48,7.73,0.8303,0,0,6,7,2,1,6,5.1,9.5,0,0,2,0,1,26,0
ISW-2018-02730,8.77,8.81,0.9334,1,1,5,41,7,1,13,6.7,9.2,0,1,0,1,0,24,0
ISW-2020-02731,9.94,9.69,0.9365,0,0,5,0,1,0,0,7.1,10.0,0,3,0,0,1,19,0
ISW-2021-02732,7.49,7.84,0.9304,1,1,5,6,2,0,5,5.4,9.1,0,0,0,1,1,22,0
ISW-2019-02733,8.15,8.15,0.9116,2,2,6,19,4,1,21,6.8,9.4,0,0,1,0,0,24,0
ISW-2020-02734,9.67,10.0,0.9249,0,0,6,7,2,1,3,8.8,10.0,0,2,0,0,0,22,0
ISW-2018-02735,5.6,5.81,0.6285,3,2,5,4,2,0,8,4.5,6.3,1,2,2,1,1,23,1
ISW-2021-02736,7.11,7.31,0.7198,0,0,5,14,3,1,28,4.1,8.2,0,3,2,0,1,23,0
ISW-2025-02737,6.9,7.32,0.8631,0,0,6,0,1,0,0,4.4,8.5,1,0,0,0,1,25,0
ISW-2020-02738,8.73,8.39,0.8967,2,1,7,12,3,1,4,6.4,9.8,0,3,1,0,0,23,0
ISW-2019-02739,8.77,8.9,0.8024,0,0,5,28,5,1,13,7.3,10.0,0,0,0,0,1,24,0
ISW-2022-02740,6.74,6.65,0.7721,1,1,5,20,4,1,40,3.3,8.4,0,1,0,0,1,21,1
ISW-2023-02741,7.32,7.58,0.861,0,0,6,0,1,0,0,6.4,9.3,0,2,0,0,0,24,0
ISW-2018-02742,9.0,8.67,0.8178,0,0,6,35,6,0,19,7.2,9.5,0,0,1,0,0,20,0
ISW-2023-02743,9.68,9.79,0.9344,0,0,5,0,1,0,0,7.3,10.0,1,0,0,1,0,19,0
ISW-2019-02744,6.71,6.95,0.7993,3,1,7,25,5,0,49,5.1,8.4,1,1,2,1,1,23,0
ISW-2025-02745,8.55,8.59,0.823,0,0,7,7,2,1,3,5.7,9.3,1,2,0,1,1,20,0
ISW-2024-02746,7.82,7.87,0.9613,1,1,5,34,6,0,27,6.1,8.5,0,0,1,0,0,25,0
ISW-2019-02747,6.95,6.85,0.7333,0,0,7,0,1,0,0,4.3,7.8,0,2,2,0,0,25,0
ISW-2021-02748,7.39,7.37,0.8818,0,0,5,0,1,0,0,6.2,8.6,0,0,1,0,0,21,0
ISW-2023-02749,7.91,7.59,0.9233,5,2,6,9,3,1,8,4.6,8.8,0,0,0,0,0,27,0
ISW-2021-02750,8.68,9.16,0.8794,0,0,5,0,1,0,0,7.7,10.0,1,0,0,0,1,18,0
ISW-2022-02751,8.27,8.36,0.8729,2,1,7,5,2,0,2,6.5,10.0,1,3,0,1,1,20,0
ISW-2023-02752,7.17,7.03,0.751,4,3,5,24,5,2,56,5.2,8.3,0,0,0,1,0,27,1
ISW-2025-02753,7.76,7.88,0.8804,2,2,6,33,6,1,37,5.3,9.6,1,1,2,0,0,27,0
ISW-2018-02754,9.05,9.12,0.9296,0,0,6,0,1,0,0,5.8,10.0,1,0,0,0,0,23,0
ISW-2022-02755,10.0,9.81,0.956,0,0,5,42,7,1,15,8.9,10.0,0,3,0,0,1,24,0
ISW-2024-02756,6.91,7.46,0.8773,1,0,7,34,6,1,30,6.2,8.6,1,2,1,0,0,21,0
ISW-2022-02757,9.47,9.07,0.8293,1,1,5,41,7,0,14,6.9,10.0,0,0,0,0,0,25,0
ISW-2023-02758,6.11,6.47,0.7262,0,0,7,28,5,0,59,5.5,7.3,0,0,2,1,1,26,1
ISW-2022-02759,8.21,8.55,0.9001,0,0,6,28,5,0,17,6.1,9.8,0,0,0,0,1,24,0
ISW-2024-02760,8.6,8.51,0.8484,2,2,6,12,3,1,5,5.1,10.0,0,0,0,0,1,22,0
ISW-2025-02761,8.57,9.05,0.9068,0,0,5,21,4,1,8,7.9,10.0,0,2,1,1,0,26,0
ISW-2025-02762,8.56,8.91,0.7601,1,0,7,48,8,0,55,7.7,10.0,1,1,0,1,0,23,0
ISW-2024-02763,9.13,9.08,0.8352,0,0,7,0,1,0,0,6.4,10.0,0,0,2,1,1,18,0
ISW-2020-02764,8.22,8.09,0.8606,0,0,6,7,2,0,4,4.9,9.5,0,1,0,0,1,22,0
ISW-2025-02765,7.92,8.37,0.8392,0,0,6,0,1,0,0,5.6,8.8,0,1,0,0,1,24,0
ISW-2020-02766,8.37,7.76,0.8116,0,0,7,49,8,0,51,4.7,8.4,0,0,0,1,1,21,0
ISW-2023-02767,6.22,6.9,0.7221,5,4,5,9,3,1,29,5.8,7.3,1,0,0,1,0,24,1
ISW-2023-02768,7.26,7.24,0.7875,3,1,6,25,5,0,39,4.4,8.5,0,0,1,1,1,26,1
ISW-2022-02769,8.41,8.4,0.9938,0,0,5,35,6,0,25,5.9,9.7,1,1,0,0,0,23,0
ISW-2019-02770,7.64,7.36,0.7601,0,0,1,63,10,0,110,6.5,7.8,0,0,1,1,0,26,0
ISW-2019-02771,8.14,7.37,0.9355,0,0,5,0,1,0,0,4.0,8.9,0,1,2,0,0,27,0
ISW-2023-02772,8.51,8.18,0.8938,0,0,6,35,6,0,23,5.0,9.3,0,0,0,0,0,24,0
ISW-2024-02773,8.62,8.64,0.7857,1,1,7,41,7,0,53,7.8,10.0,0,1,1,0,0,18,0
ISW-2018-02774,9.18,9.32,0.9221,0,0,6,0,1,0,0,8.4,9.7,1,0,0,0,0,21,0
ISW-2022-02775,8.02,7.75,0.8118,2,1,6,26,5,1,28,5.1,9.0,0,1,2,0,0,25,1
ISW-2020-02776,8.52,8.51,0.8176,1,1,5,6,2,1,4,6.9,9.0,0,0,0,0,1,21,0
ISW-2021-02777,8.45,8.33,0.8941,1,0,6,20,4,0,15,7.3,8.7,0,0,1,1,1,19,0
ISW-2020-02778,8.5,8.59,0.8696,1,1,5,13,3,1,13,7.4,9.4,1,0,0,0,0,19,0
ISW-2023-02779,8.65,8.91,0.8091,0,0,6,7,2,1,5,5.7,10.0,0,1,0,0,0,24,0
ISW-2024-02780,7.58,7.76,0.8961,0,0,5,0,1,0,0,6.3,9.3,1,2,0,1,1,25,0
ISW-2019-02781,7.88,8.05,0.9096,0,0,5,0,1,0,0,5.5,9.3,1,0,0,0,0,18,0
ISW-2019-02782,9.7,9.17,0.9176,0,0,6,0,1,0,0,7.9,10.0,0,1,2,0,1,21,0
ISW-2022-02783,8.4,8.16,0.8821,1,1,6,20,4,1,13,6.5,8.9,0,1,0,1,0,21,0
ISW-2023-02784,8.34,8.24,0.9256,0,0,6,7,2,0,7,5.8,9.4,0,1,2,0,1,23,0
ISW-2018-02785,9.44,9.7,0.9454,0,0,5,0,1,0,0,7.0,10.0,0,1,0,0,0,19,0
ISW-2025-02786,8.71,8.46,0.8903,1,0,7,27,5,0,23,5.9,8.9,1,0,0,0,1,25,0
ISW-2020-02787,7.35,7.58,0.7646,6,6,6,22,5,1,47,4.5,9.3,0,1,0,0,0,21,1
ISW-2024-02788,9.79,10.0,0.9301,0,0,7,14,3,0,3,7.0,10.0,1,2,0,0,0,23,0
ISW-2021-02789,7.14,7.45,0.7712,2,2,7,47,8,0,91,5.4,8.8,0,2,2,1,0,24,1
ISW-2022-02790,8.72,8.77,0.9282,1,1,6,6,2,0,2,7.0,10.0,0,0,0,0,0,22,0
ISW-2020-02791,6.42,6.45,0.7494,6,5,5,29,6,1,67,3.5,7.8,1,1,2,0,1,22,0
ISW-2023-02792,9.27,9.13,0.9171,0,0,7,0,1,0,0,6.8,10.0,0,0,0,1,0,24,0
ISW-2020-02793,9.28,9.18,0.9343,0,0,7,28,5,0,11,8.2,10.0,0,1,0,0,0,18,0
ISW-2020-02794,8.07,7.62,0.8686,1,1,1,62,10,0,65,4.8,8.7,0,0,0,0,1,18,0
ISW-2019-02795,8.88,8.62,0.8757,0,0,6,35,6,0,16,7.3,9.4,0,0,1,0,0,23,0
ISW-2023-02796,9.12,9.17,0.9179,0,0,7,21,4,0,3,8.3,9.7,1,1,0,0,1,24,0
ISW-2024-02797,6.36,6.21,0.7345,2,1,6,19,4,1,38,3.8,7.7,0,2,2,1,1,26,1
ISW-2025-02798,9.69,9.18,0.6809,0,0,7,7,2,0,7,5.9,10.0,1,0,0,1,0,23,0
ISW-2019-02799,8.51,8.5,0.9612,1,1,5,27,5,1,10,6.3,8.8,0,1,0,0,1,24,0
ISW-2021-02800,7.81,7.81,0.8568,1,1,6,34,6,0,34,6.6,8.5,0,1,1,0,1,29,0
ISW-2020-02801,8.8,9.0,0.8162,0,0,1,63,10,1,39,7.7,10.0,0,3,1,0,0,23,1
ISW-2024-02802,8.16,8.0,0.7965,2,2,6,12,3,0,24,5.9,9.7,1,1,2,1,1,24,1
ISW-2025-02803,8.7,8.72,0.8857,0,0,6,0,1,0,0,5.6,10.0,0,0,0,0,0,27,0
ISW-2022-02804,8.55,8.28,0.9184,0,0,6,21,4,0,15,6.2,8.7,0,0,1,1,0,25,0
ISW-2023-02805,7.64,8.0,0.8616,0,0,7,0,1,0,0,6.7,9.2,0,1,0,0,1,20,0
ISW-2023-02806,7.67,7.56,0.6512,3,2,6,4,2,1,16,5.4,9.3,0,0,2,0,1,24,1
ISW-2025-02807,7.33,7.41,0.8028,1,1,6,6,2,0,8,4.0,8.5,1,3,0,1,1,23,0
ISW-2021-02808,8.43,8.29,0.8947,0,0,7,28,5,1,38,5.8,9.8,0,3,2,1,0,19,0
ISW-2025-02809,7.1,6.65,0.8258,0,0,6,0,1,0,0,5.7,8.3,1,3,0,0,1,23,0
ISW-2020-02810,8.94,9.07,0.8997,0,0,6,0,1,0,0,6.6,9.9,0,0,1,0,0,23,0
ISW-2019-02811,7.01,7.34,0.8327,0,0,6,0,1,0,0,5.8,8.8,0,1,2,1,1,21,0
ISW-2020-02812,7.75,7.59,0.8044,0,0,6,42,7,0,46,4.4,9.3,0,1,2,1,0,22,0
ISW-2024-02813,10.0,9.94,0.831,2,1,6,26,5,1,11,8.7,10.0,1,0,0,0,0,22,0
ISW-2025-02814,9.29,8.88,0.9445,0,0,6,0,1,0,0,6.8,9.8,0,0,0,1,0,20,0
ISW-2025-02815,8.27,8.49,0.867,0,0,7,0,1,0,0,5.5,8.9,0,0,2,1,0,21,0
ISW-2018-02816,8.75,8.94,0.8799,1,1,5,20,4,1,9,6.8,9.6,0,0,1,0,0,20,0
ISW-2022-02817,7.92,7.81,0.9671,0,0,6,7,2,0,5,5.2,9.4,0,3,1,0,0,23,0
ISW-2022-02818,7.56,7.88,0.8804,0,0,7,21,4,0,22,4.5,8.5,0,2,0,0,0,21,0
ISW-2019-02819,9.73,9.97,0.9328,0,0,7,14,3,0,4,8.4,10.0,1,0,0,1,0,22,0
ISW-2021-02820,9.51,9.36,0.9669,1,1,6,48,8,1,26,7.9,9.8,0,1,0,0,0,19,1
ISW-2018-02821,7.04,6.7,0.8509,1,1,6,6,2,1,12,3.9,7.7,0,0,1,0,1,22,1
ISW-2022-02822,6.64,6.96,0.7935,3,1,6,25,5,0,54,5.9,7.6,0,0,0,1,1,23,1
ISW-2018-02823,7.59,7.82,0.7339,0,0,7,0,1,0,0,6.4,9.3,0,0,0,0,1,20,0
ISW-2021-02824,6.93,7.89,0.8411,1,0,6,55,9,1,40,6.3,9.4,0,1,2,1,1,24,0
ISW-2022-02825,10.0,9.86,0.9612,0,0,1,63,10,1,19,7.6,10.0,1,1,0,0,1,20,0
ISW-2020-02826,8.32,7.92,0.7785,4,3,7,24,5,1,41,6.4,8.6,0,2,2,1,0,25,1
ISW-2023-02827,8.68,8.66,0.787,1,1,5,13,3,0,18,6.9,9.9,1,2,0,0,0,31,0
ISW-2022-02828,8.06,8.64,0.9464,0,0,6,0,1,0,0,6.9,9.7,0,0,0,0,0,22,0
ISW-2018-02829,8.16,7.92,0.8523,0,0,5,35,6,1,32,5.0,9.4,1,1,0,0,0,26,0
ISW-2024-02830,7.66,7.28,0.9225,2,2,5,26,5,0,31,4.7,8.4,0,0,0,0,1,21,0
ISW-2025-02831,6.65,7.02,0.8464,1,1,6,6,2,1,9,4.5,7.4,1,0,1,1,1,22,0
ISW-2023-02832,7.79,7.52,0.8485,0,0,7,14,3,1,14,6.1,8.8,0,1,0,1,1,22,0
ISW-2020-02833,7.03,7.38,0.6492,2,2,7,12,3,1,28,6.2,8.6,0,0,0,0,1,22,1
ISW-2022-02834,8.98,8.75,0.8597,0,0,5,35,6,0,20,7.7,10.0,0,0,0,0,1,25,0
ISW-2021-02835,8.8,9.07,0.7306,1,1,5,27,5,1,39,6.7,10.0,0,0,1,1,0,25,1
ISW-2024-02836,6.96,6.98,0.7478,2,1,5,19,4,1,40,4.2,7.8,0,0,2,0,0,26,1
ISW-2020-02837,7.4,7.42,0.7847,1,1,6,20,4,0,42,4.9,9.2,0,3,0,1,1,22,0
ISW-2024-02838,8.63,8.75,0.8961,2,1,7,5,2,0,6,5.9,9.7,1,0,0,0,1,20,0
ISW-2021-02839,9.0,9.23,0.9015,0,0,7,7,2,0,4,6.7,10.0,1,1,0,0,0,24,0
ISW-2022-02840,7.75,7.62,0.8227,0,0,5,0,1,0,0,6.3,7.9,0,3,1,0,0,24,0
ISW-2024-02841,9.5,9.17,0.8743,2,1,5,33,6,0,27,7.4,10.0,1,1,0,0,1,20,0
ISW-2022-02842,10.0,9.5,0.932,0,0,6,14,3,1,6,7.2,10.0,0,0,0,1,1,22,0
ISW-2025-02843,8.62,8.48,0.8096,3,2,6,11,3,1,8,6.7,9.2,0,3,1,1,0,22,1
ISW-2019-02844,8.23,8.16,0.7225,0,0,7,7,2,0,12,6.5,9.1,0,0,0,1,1,21,0
ISW-2022-02845,8.47,8.85,0.8454,0,0,6,0,1,0,0,8.0,9.9,0,0,1,1,0,25,0
ISW-2021-02846,7.17,7.17,0.8646,4,3,6,17,4,2,29,4.1,8.3,0,1,0,1,1,26,1
ISW-2024-02847,7.38,7.7,0.8318,3,2,6,4,2,0,6,5.2,9.4,0,0,2,1,1,27,0
ISW-2025-02848,9.22,9.24,0.9289,0,0,5,0,1,0,0,6.2,10.0,0,2,0,1,1,21,0
ISW-2022-02849,6.01,6.67,0.873,3,2,7,25,5,1,48,3.4,7.9,0,0,0,1,1,20,0
ISW-2021-02850,7.93,8.15,0.683,2,2,5,5,2,0,7,5.9,9.2,1,1,0,0,1,18,0
ISW-2021-02851,8.03,8.14,0.9186,2,1,7,5,2,1,4,5.9,8.6,0,1,0,0,0,19,0
ISW-2024-02852,10.0,10.0,0.8811,1,1,7,13,3,0,4,8.1,10.0,1,3,1,0,1,20,0
ISW-2019-02853,7.42,7.45,0.8565,1,1,5,34,6,0,37,5.5,7.8,0,0,0,0,0,21,0
ISW-2019-02854,8.64,8.72,0.8369,1,1,6,6,2,1,4,5.9,9.7,0,0,0,0,0,25,0
ISW-2019-02855,8.97,8.82,0.8774,0,0,5,28,5,0,21,7.5,9.9,0,3,1,0,1,20,0
ISW-2018-02856,6.95,7.07,0.8669,1,0,5,48,8,0,66,4.7,8.6,1,1,0,0,0,23,0
ISW-2020-02857,9.87,9.66,0.7154,2,1,6,19,4,1,25,8.0,10.0,0,0,1,0,0,27,1
ISW-2020-02858,5.96,6.15,0.8714,2,1,7,12,3,0,24,4.3,7.6,0,0,1,1,0,23,1
ISW-2025-02859,9.06,9.25,0.8878,1,1,7,27,5,1,8,7.4,9.6,1,2,0,1,0,21,0
ISW-2019-02860,9.38,9.18,0.8727,0,0,6,14,3,0,7,7.0,9.7,1,1,1,0,0,20,0
ISW-2022-02861,7.68,7.65,0.8136,1,0,7,13,3,0,13,6.1,9.2,0,1,2,1,1,20,1
ISW-2018-02862,7.41,7.11,0.8174,3,2,7,11,3,0,23,5.6,8.5,0,2,2,1,0,25,1
ISW-2025-02863,8.83,8.55,0.8776,0,0,6,7,2,0,1,6.3,9.0,0,0,0,1,1,21,0
ISW-2018-02864,8.22,8.04,0.8921,0,0,5,0,1,0,0,6.9,9.2,0,0,0,0,0,26,0
ISW-2021-02865,7.1,7.07,0.8118,1,0,7,13,3,0,24,5.7,8.2,1,1,2,0,0,21,0
ISW-2019-02866,8.45,8.25,0.7382,0,0,6,0,1,0,0,5.3,9.4,0,2,1,0,0,23,0
ISW-2019-02867,8.25,8.16,0.7581,0,0,5,14,3,0,18,5.4,8.8,0,0,0,1,0,20,0
ISW-2018-02868,7.85,7.89,0.9527,1,1,7,20,4,1,14,6.8,8.2,0,1,0,0,1,25,0
ISW-2018-02869,7.68,8.0,0.8117,1,1,6,48,8,1,42,5.5,8.8,0,0,1,1,1,26,1
ISW-2025-02870,7.88,7.75,0.8734,0,0,6,0,1,0,0,4.4,8.8,0,0,1,1,0,20,0
ISW-2022-02871,8.0,7.94,0.8153,1,1,5,20,4,0,11,5.4,8.5,0,3,2,1,0,25,0
ISW-2023-02872,8.82,8.75,0.8257,2,1,7,12,3,1,13,6.7,9.5,0,0,2,0,1,22,0
ISW-2018-02873,9.0,8.65,0.8315,0,0,7,0,1,0,0,7.0,10.0,0,0,0,1,0,24,0
ISW-2025-02874,8.31,8.18,0.7683,2,1,7,5,2,1,13,6.0,9.4,0,2,1,1,0,18,1
ISW-2025-02875,6.35,6.53,0.8431,0,0,6,0,1,0,0,4.2,8.2,0,0,0,0,0,21,0
ISW-2025-02876,8.82,8.21,0.8693,0,0,6,0,1,0,0,6.7,9.9,0,0,0,1,1,21,0
ISW-2021-02877,9.79,9.85,0.9607,0,0,5,7,2,0,1,7.9,10.0,0,2,0,0,0,20,1
ISW-2022-02878,7.33,7.09,0.6792,2,1,7,12,3,0,24,5.5,8.3,1,0,2,0,1,20,1
ISW-2025-02879,7.16,6.9,0.7497,6,5,7,8,3,2,25,4.1,8.4,1,1,0,1,0,19,1
ISW-2025-02880,9.71,9.36,0.9444,0,0,5,0,1,0,0,8.3,10.0,1,0,0,0,0,28,0
ISW-2023-02881,10.0,9.52,0.9235,0,0,6,0,1,0,0,8.4,10.0,0,0,0,0,1,22,0
ISW-2023-02882,7.11,7.0,0.8936,0,0,7,0,1,0,0,4.3,8.1,0,1,0,1,0,25,0
ISW-2022-02883,9.07,9.28,0.9305,1,1,6,13,3,1,1,6.4,10.0,0,0,0,0,0,24,0
ISW-2021-02884,8.95,8.65,0.8537,1,1,7,6,2,0,4,5.5,9.4,1,2,0,0,0,24,0
ISW-2022-02885,8.66,8.32,0.6982,1,0,6,13,3,1,15,7.5,9.9,0,3,0,0,1,24,0
ISW-2022-02886,9.6,9.77,0.9795,1,1,6,6,2,1,1,9.0,10.0,0,2,0,0,1,24,0
ISW-2023-02887,7.2,7.14,0.8843,0,0,6,0,1,0,0,5.0,8.4,0,0,2,0,0,25,0
ISW-2023-02888,8.97,8.74,0.8734,0,0,6,49,8,0,33,6.8,10.0,0,0,1,0,0,25,0
ISW-2021-02889,8.52,8.51,0.9034,0,0,7,0,1,0,0,5.2,10.0,1,2,2,1,0,22,0
ISW-2022-02890,7.31,6.75,0.9584,0,0,7,0,1,0,0,5.2,8.2,0,1,0,0,0,22,0
ISW-2023-02891,9.83,9.58,0.9705,0,0,6,0,1,0,0,6.5,10.0,0,1,0,0,0,23,0
ISW-2021-02892,9.15,9.42,0.9292,1,1,1,62,10,0,30,7.0,10.0,1,2,0,0,0,20,0
ISW-2018-02893,9.63,9.57,0.9267,0,0,6,21,4,0,3,8.7,10.0,0,0,2,0,0,19,0
ISW-2020-02894,7.66,7.88,0.8513,2,2,7,19,4,0,21,5.0,8.3,0,0,0,0,1,18,0
ISW-2025-02895,8.49,8.93,0.8917,3,2,1,60,10,0,39,7.9,10.0,0,1,0,0,1,21,0
ISW-2024-02896,8.39,8.64,0.8694,0,0,7,0,1,0,0,5.8,9.4,0,1,2,0,1,22,0
ISW-2025-02897,8.57,8.22,0.7618,2,1,5,54,9,0,74,6.1,9.0,0,0,2,0,1,22,1
ISW-2025-02898,9.96,9.81,0.9361,0,0,6,0,1,0,0,7.1,10.0,0,1,0,0,0,23,0
ISW-2018-02899,6.79,6.94,0.8186,2,1,7,19,4,0,30,5.1,7.9,1,2,1,0,1,22,0
ISW-2023-02900,8.27,8.64,0.8994,0,0,7,14,3,0,5,7.2,9.0,0,0,0,0,0,21,0
ISW-2022-02901,9.15,9.35,0.7445,1,1,7,6,2,0,9,8.4,10.0,0,0,0,0,1,23,0
ISW-2020-02902,7.54,7.18,0.8382,0,0,6,49,8,1,70,4.5,8.1,0,1,0,0,0,21,0
ISW-2022-02903,9.14,8.83,0.774,0,0,5,0,1,0,0,7.4,9.3,1,2,2,0,1,19,0
ISW-2020-02904,8.36,7.9,0.7206,0,0,1,63,10,0,103,4.6,8.8,0,3,0,1,1,24,0
ISW-2020-02905,6.46,6.49,0.9064,0,0,5,7,2,1,11,3.8,6.9,1,0,1,0,0,20,0
ISW-2023-02906,6.83,7.05,0.7678,1,0,7,20,4,0,42,5.2,7.6,0,2,0,0,0,22,0
ISW-2024-02907,8.03,7.96,0.7776,2,1,7,54,9,0,59,6.3,8.5,0,2,1,0,1,27,0
ISW-2023-02908,9.62,9.23,0.8726,0,0,5,0,1,0,0,8.1,10.0,1,1,1,0,0,21,0
ISW-2021-02909,8.28,7.59,0.8521,0,0,6,49,8,1,41,4.7,8.9,0,0,1,0,0,23,0
ISW-2025-02910,6.96,6.79,0.7641,3,1,5,18,4,1,40,5.8,7.7,0,0,2,0,0,19,1
ISW-2021-02911,8.54,8.32,0.8907,1,1,6,27,5,0,11,6.2,9.2,1,1,1,0,0,26,0
ISW-2024-02912,9.05,8.78,0.9439,0,0,7,0,1,0,0,6.8,10.0,0,0,1,0,0,22,0
ISW-2022-02913,8.67,8.48,0.8937,2,1,5,12,3,0,6,6.6,9.6,0,0,0,0,1,22,0
ISW-2019-02914,9.8,9.64,0.8176,0,0,7,28,5,0,16,8.8,10.0,1,3,2,1,1,20,0
ISW-2025-02915,8.28,8.6,0.834,0,0,5,14,3,0,8,6.7,9.2,1,0,0,1,0,19,0
ISW-2025-02916,6.72,6.37,0.799,0,0,5,0,1,0,0,5.3,8.1,1,3,0,0,1,19,0
ISW-2024-02917,8.86,8.67,0.941,1,1,6,6,2,1,5,7.8,10.0,1,1,0,1,1,21,0
ISW-2024-02918,8.19,8.19,0.8892,1,1,6,41,7,1,34,6.0,9.1,0,2,0,0,0,25,1
ISW-2019-02919,8.72,8.64,0.9094,0,0,7,0,1,0,0,6.6,9.8,1,0,1,0,1,27,0
ISW-2023-02920,7.25,7.57,0.8978,1,0,7,27,5,1,26,6.2,8.2,0,1,0,0,0,27,0
ISW-2019-02921,9.5,9.68,0.8982,1,1,1,62,10,1,23,7.9,10.0,0,1,0,1,0,22,0
ISW-2023-02922,8.43,8.03,0.7223,0,0,7,0,1,0,0,6.5,9.2,0,3,2,0,1,19,0
ISW-2020-02923,8.5,8.22,0.8044,0,0,5,0,1,0,0,5.4,9.2,1,0,2,1,1,21,0
ISW-2025-02924,9.78,9.67,0.9579,1,1,6,27,5,0,10,6.3,10.0,0,0,0,0,1,19,0
ISW-2020-02925,8.81,8.99,0.8743,0,0,7,0,1,0,0,7.4,9.7,1,3,2,0,0,22,0
ISW-2024-02926,8.54,8.82,0.8527,0,0,5,21,4,1,7,6.1,9.6,0,0,0,0,0,22,0
ISW-2020-02927,8.25,8.59,0.9544,1,0,7,27,5,0,14,7.8,9.3,0,1,0,0,0,20,0
ISW-2018-02928,7.93,7.74,0.8562,2,1,5,19,4,0,22,5.5,8.8,0,0,2,1,0,20,1
ISW-2022-02929,8.09,8.1,0.8959,0,0,7,7,2,0,6,5.3,9.1,0,0,1,0,0,22,0
ISW-2020-02930,8.54,8.49,0.8936,0,0,5,28,5,1,13,6.7,8.9,0,1,1,0,0,21,0
ISW-2023-02931,9.38,9.39,0.7944,0,0,5,21,4,0,14,7.9,10.0,0,1,0,0,1,24,0
ISW-2018-02932,7.58,7.63,0.8784,0,0,6,0,1,0,0,4.8,8.8,0,1,0,1,0,25,0
ISW-2025-02933,7.62,7.77,0.9642,1,1,6,20,4,0,22,6.4,9.3,0,1,0,1,0,21,0
ISW-2024-02934,9.12,8.93,0.8947,0,0,6,42,7,0,22,6.6,10.0,0,1,2,0,0,18,0
ISW-2019-02935,8.78,8.95,0.8943,0,0,5,21,4,0,7,6.8,9.9,0,3,0,0,1,26,0
ISW-2025-02936,7.96,8.12,0.8991,1,1,6,13,3,0,9,5.1,9.8,0,0,0,0,0,27,0
ISW-2018-02937,9.17,9.07,0.9197,1,1,6,6,2,1,2,7.6,10.0,0,0,0,0,0,25,0
ISW-2018-02938,9.07,9.19,0.9042,0,0,5,0,1,0,0,6.4,9.8,0,0,1,0,0,20,0
ISW-2023-02939,8.69,9.0,0.7855,2,1,6,5,2,1,5,7.8,9.3,0,2,0,1,0,20,0
ISW-2019-02940,8.49,8.12,0.8667,0,0,6,0,1,0,0,6.7,8.4,0,0,1,0,0,22,0
ISW-2019-02941,8.36,8.59,0.9502,1,1,1,62,10,1,34,6.4,10.0,0,1,0,0,1,21,0
ISW-2025-02942,8.22,8.19,0.9277,1,1,7,6,2,1,3,5.4,9.4,0,0,0,0,0,25,0
ISW-2021-02943,8.95,9.24,0.9028,0,0,7,35,6,0,18,7.9,10.0,0,1,0,0,0,23,0
ISW-2024-02944,7.77,8.16,0.7498,0,0,6,0,1,0,0,6.6,9.7,0,2,0,0,0,21,0
ISW-2022-02945,9.72,9.2,0.9548,1,1,6,6,2,0,1,6.6,10.0,0,1,1,1,0,26,0
ISW-2024-02946,6.08,6.06,0.8592,0,0,6,14,3,1,31,3.1,7.0,0,1,2,0,1,20,0
ISW-2020-02947,7.35,8.27,0.8172,2,1,7,5,2,0,9,6.2,9.5,1,0,0,0,1,26,0
ISW-2025-02948,8.51,8.06,0.9282,1,1,6,34,6,1,22,7.0,8.4,0,1,0,0,0,21,0
ISW-2018-02949,8.87,9.23,0.8353,1,1,5,55,9,0,19,6.4,10.0,0,0,0,0,1,26,0
ISW-2024-02950,6.92,7.18,0.6903,5,3,6,37,7,2,92,6.0,8.8,1,2,2,1,0,20,1
ISW-2018-02951,8.0,7.72,0.8453,0,0,7,0,1,0,0,6.3,8.6,0,0,2,1,0,21,0
ISW-2020-02952,7.38,7.37,0.865,4,2,6,31,6,2,54,5.5,9.1,0,0,1,1,0,23,1
ISW-2024-02953,8.2,7.75,0.6724,0,0,7,0,1,0,0,5.4,8.3,1,0,0,1,1,32,0
ISW-2023-02954,8.52,8.77,0.9294,0,0,7,49,8,0,23,7.3,10.0,0,1,0,1,1,22,0
ISW-2020-02955,9.02,8.86,0.9346,0,0,6,14,3,0,8,6.6,10.0,1,3,2,0,0,28,0
ISW-2023-02956,7.44,7.15,0.8507,2,2,5,5,2,1,5,4.7,8.2,0,0,0,0,1,24,0
ISW-2019-02957,8.62,8.17,0.7917,0,0,6,0,1,0,0,7.0,9.4,0,0,1,1,0,19,0
ISW-2021-02958,9.41,9.39,0.9451,0,0,5,0,1,0,0,7.4,10.0,0,0,2,0,0,29,0
ISW-2021-02959,8.31,8.62,0.9038,0,0,5,7,2,0,2,6.9,9.4,0,3,1,0,0,20,0
ISW-2019-02960,8.59,9.21,0.9626,2,1,6,47,8,0,22,7.5,10.0,1,2,1,1,0,19,0
ISW-2021-02961,8.95,8.44,0.8737,2,1,7,33,6,1,25,7.3,8.7,0,0,0,0,0,25,1
ISW-2024-02962,8.53,8.46,0.7263,4,3,5,52,9,2,86,6.3,8.9,0,1,2,0,1,22,1
ISW-2021-02963,9.61,9.68,0.7582,0,0,5,0,1,0,0,7.1,10.0,0,2,0,0,0,21,0
ISW-2020-02964,9.18,9.05,0.8512,1,1,5,20,4,0,9,8.0,10.0,1,2,2,0,0,21,0
ISW-2023-02965,8.81,8.93,0.9087,0,0,7,7,2,0,3,6.4,9.3,0,1,0,0,0,21,0
ISW-2024-02966,9.38,9.3,0.9135,0,0,7,14,3,1,4,7.9,10.0,1,1,1,0,0,23,0
ISW-2025-02967,6.85,6.5,0.8839,2,1,7,5,2,1,17,3.1,7.8,0,1,2,0,0,19,0
ISW-2018-02968,9.05,9.13,0.9096,1,1,7,6,2,1,2,6.7,10.0,1,0,1,0,0,19,0
ISW-2022-02969,8.03,8.45,0.9587,1,1,5,20,4,1,12,5.8,10.0,0,0,0,0,0,22,0
ISW-2020-02970,9.5,9.49,0.9048,0,0,6,0,1,0,0,7.7,9.9,0,0,0,0,0,24,0
ISW-2022-02971,7.89,7.84,0.7635,3,2,5,11,3,0,19,5.9,8.2,0,0,2,0,0,18,0
ISW-2021-02972,7.82,7.91,0.9241,1,1,7,20,4,1,12,4.4,8.7,0,0,1,0,1,22,0
ISW-2019-02973,8.51,8.17,0.8589,0,0,5,0,1,0,0,5.1,9.9,0,2,0,0,1,23,0
ISW-2018-02974,7.84,7.76,0.6571,3,3,5,46,8,0,68,4.4,9.3,0,2,2,0,0,21,1
ISW-2020-02975,9.31,9.16,0.8534,0,0,5,14,3,1,9,7.2,10.0,1,0,2,1,1,21,0
ISW-2025-02976,9.27,8.91,0.7929,1,1,5,34,6,1,45,8.1,10.0,1,0,2,0,1,23,0
ISW-2022-02977,7.48,7.15,0.6597,3,2,5,18,4,1,45,6.1,8.6,1,1,1,0,1,22,1
ISW-2025-02978,8.84,8.69,0.7749,4,2,7,24,5,2,35,6.0,9.7,1,1,2,0,1,23,1
ISW-2020-02979,8.73,8.41,0.9459,0,0,7,28,5,0,13,7.5,9.8,1,0,2,0,0,21,0
ISW-2025-02980,7.17,7.7,0.917,1,1,7,41,7,0,45,5.9,9.5,0,2,0,0,1,21,0
ISW-2022-02981,7.43,7.85,0.8308,0,0,5,21,4,1,16,6.3,9.0,0,0,2,1,0,22,0
ISW-2023-02982,7.85,8.09,0.8275,2,2,5,5,2,1,2,5.6,9.4,1,0,0,1,0,24,0
ISW-2023-02983,8.81,8.9,0.6709,0,0,7,0,1,0,0,5.4,9.6,1,1,2,1,1,20,0
ISW-2019-02984,5.0,5.0,0.7655,4,2,6,17,4,1,44,2.6,6.8,1,1,1,0,1,21,0
ISW-2021-02985,8.46,8.24,0.805,0,0,5,0,1,0,0,5.8,9.6,1,0,1,1,0,23,0
ISW-2025-02986,8.54,8.45,0.7808,1,1,5,6,2,1,12,5.3,10.0,0,1,0,1,1,19,0
ISW-2018-02987,6.25,6.43,0.885,0,0,5,0,1,0,0,4.4,7.6,1,3,0,0,1,23,0
ISW-2025-02988,9.46,10.0,0.8896,0,0,5,14,3,0,4,7.3,10.0,1,0,0,0,1,21,0
ISW-2024-02989,7.44,7.55,0.8019,0,0,7,0,1,0,0,6.0,8.3,0,1,1,0,1,28,0
ISW-2022-02990,9.41,8.85,0.867,0,0,6,21,4,0,12,7.6,9.5,1,0,2,0,1,21,0
ISW-2023-02991,9.39,8.85,0.8576,0,0,5,35,6,1,16,7.1,10.0,0,1,0,0,0,18,0
ISW-2020-02992,7.85,7.66,0.7694,2,1,5,33,6,0,44,5.7,9.1,1,0,0,0,1,19,0
ISW-2018-02993,8.43,8.39,0.6745,4,4,5,3,2,1,9,6.4,9.2,0,0,1,1,0,18,1
ISW-2018-02994,7.8,7.52,0.8524,1,1,5,13,3,1,13,4.8,8.5,1,0,0,0,1,20,0
ISW-2022-02995,8.4,8.4,0.8747,1,1,6,20,4,1,20,6.6,9.1,0,2,0,1,1,22,1
ISW-2021-02996,7.54,7.8,0.8671,2,2,6,12,3,0,5,4.6,9.1,0,0,0,0,1,23,0
ISW-2020-02997,8.44,8.6,0.9024,0,0,6,21,4,1,10,6.6,9.4,0,2,1,0,0,19,0
ISW-2020-02998,8.54,8.68,0.8136,0,0,5,0,1,0,0,6.2,10.0,0,0,1,1,0,27,0
ISW-2018-02999,7.35,7.13,0.8794,2,1,7,54,9,0,68,4.2,7.6,0,2,2,0,0,22,1
ISW-2024-03000,10.0,10.0,0.9326,0,0,5,0,1,0,0,7.7,10.0,1,1,0,1,0,18,0
ISW-2025-03001,7.58,7.5,0.9052,2,1,6,33,6,0,38,5.7,7.9,0,0,0,1,1,21,0
ISW-2018-03002,8.61,8.0,0.8767,1,1,7,20,4,0,14,6.2,9.7,1,1,1,0,1,19,0
ISW-2025-03003,8.04,7.93,0.8662,0,0,5,7,2,0,8,5.9,8.5,0,2,2,0,1,22,0
ISW-2025-03004,8.99,9.07,0.9119,0,0,6,28,5,0,12,7.2,10.0,0,1,0,0,0,25,0
ISW-2019-03005,8.02,8.41,0.7992,0,0,7,0,1,0,0,5.3,9.3,1,0,2,0,1,21,0
ISW-2020-03006,8.7,8.58,0.8228,1,1,6,34,6,1,23,6.2,9.0,1,1,1,1,1,20,0
ISW-2023-03007,6.97,7.06,0.8982,0,0,7,21,4,1,32,5.0,7.9,0,1,2,1,1,27,1
ISW-2020-03008,7.71,7.81,0.9306,0,0,7,0,1,0,0,6.4,8.2,1,0,0,0,0,23,0
ISW-2021-03009,7.71,8.18,0.8545,0,0,5,0,1,0,0,5.4,9.2,1,2,0,1,1,21,0
ISW-2018-03010,9.37,9.69,0.8741,1,1,5,27,5,1,7,8.3,10.0,0,0,0,1,0,24,0
ISW-2020-03011,10.0,9.68,0.8556,0,0,5,7,2,0,2,8.2,10.0,1,1,1,0,0,22,0
ISW-2024-03012,7.29,7.06,0.8915,1,1,6,41,7,0,59,6.2,8.4,1,1,2,0,1,22,0
ISW-2025-03013,7.78,7.86,0.9021,3,1,5,25,5,1,21,5.4,8.4,0,3,0,1,1,26,1
ISW-2020-03014,8.52,8.73,0.9643,1,1,6,27,5,1,18,5.2,9.5,0,0,0,1,0,22,0
ISW-2019-03015,8.9,9.04,0.8994,0,0,5,7,2,1,4,7.6,9.4,0,0,0,0,1,27,0
ISW-2021-03016,8.16,7.88,0.7745,0,0,5,28,5,1,39,6.8,8.4,0,0,1,0,1,22,0
ISW-2024-03017,8.14,8.48,0.7402,0,0,6,49,8,1,63,7.1,9.2,1,1,2,0,1,27,0
ISW-2022-03018,8.08,7.97,0.95,0,0,5,0,1,0,0,6.8,9.1,1,0,0,0,0,18,0
ISW-2024-03019,8.56,8.28,0.921,0,0,7,7,2,0,2,5.4,8.6,0,0,1,0,0,22,0
ISW-2022-03020,7.98,7.98,0.8074,0,0,6,7,2,0,8,5.0,8.7,0,0,0,0,1,19,0
ISW-2024-03021,7.3,7.44,0.8162,1,1,6,6,2,0,7,5.5,8.9,0,2,2,1,1,19,1
ISW-2021-03022,8.87,8.56,0.9364,3,3,7,25,5,1,17,7.6,9.4,0,0,2,0,0,25,1
ISW-2021-03023,9.03,9.16,0.9161,0,0,5,14,3,0,1,6.1,9.8,1,1,0,1,0,22,0
ISW-2019-03024,8.89,8.92,0.8314,2,1,6,19,4,0,10,5.8,10.0,0,0,1,0,0,20,0
ISW-2018-03025,8.36,8.38,0.8345,1,0,7,6,2,0,5,5.4,10.0,0,0,2,0,0,24,0
ISW-2023-03026,8.55,8.57,0.8086,0,0,6,0,1,0,0,7.1,9.8,0,0,2,0,1,19,0
ISW-2021-03027,8.71,8.58,0.921,0,0,6,7,2,0,6,6.8,9.2,0,0,1,0,0,27,0
ISW-2025-03028,8.56,8.83,0.867,2,1,5,40,7,0,24,5.7,10.0,1,1,0,1,0,20,0
ISW-2018-03029,8.45,8.68,0.9896,1,1,6,20,4,1,17,6.7,10.0,1,0,1,0,0,25,0
ISW-2024-03030,9.59,9.81,0.9287,0,0,7,7,2,1,1,8.3,10.0,0,0,1,0,1,19,0
ISW-2018-03031,10.0,9.55,0.8998,0,0,6,35,6,0,10,6.8,10.0,0,0,0,1,0,23,0
ISW-2019-03032,6.47,7.13,0.7653,0,0,5,0,1,0,0,4.9,8.1,0,0,2,1,0,25,0
ISW-2022-03033,8.92,9.07,0.9327,1,1,6,6,2,0,2,5.9,9.6,0,0,0,0,1,20,0
ISW-2024-03034,8.95,9.16,0.6899,1,1,7,6,2,1,7,6.5,10.0,0,0,2,0,1,23,0
ISW-2022-03035,9.63,9.68,0.9682,0,0,1,63,10,0,17,8.1,10.0,0,0,0,0,0,20,0
ISW-2024-03036,7.78,8.02,0.9591,3,3,7,25,5,1,26,5.5,8.9,1,1,0,0,0,23,0
ISW-2020-03037,8.28,7.95,0.8584,1,0,7,20,4,0,23,6.3,8.9,0,3,0,1,1,18,0
ISW-2019-03038,9.08,9.07,0.9483,0,0,6,0,1,0,0,7.6,10.0,0,1,1,0,0,23,0
ISW-2024-03039,8.33,8.03,0.8564,0,0,7,0,1,0,0,5.0,8.4,0,0,2,0,1,24,0
ISW-2024-03040,7.89,8.52,0.8376,2,1,5,19,4,1,17,6.3,9.2,1,3,0,0,1,21,0
ISW-2018-03041,8.67,9.0,0.8744,0,0,5,7,2,0,2,6.5,10.0,0,3,0,0,0,22,0
ISW-2019-03042,7.67,7.9,0.7244,2,1,5,47,8,0,78,6.5,8.3,0,1,2,0,1,21,1
ISW-2024-03043,8.56,8.12,0.7405,2,2,6,26,5,1,37,5.0,9.7,1,0,1,0,1,22,0
ISW-2020-03044,9.84,9.45,0.9452,0,0,6,14,3,0,4,6.2,10.0,0,1,0,1,0,20,0
ISW-2024-03045,8.05,8.1,0.8299,0,0,5,28,5,1,16,6.5,9.2,1,3,2,1,0,25,0
ISW-2023-03046,7.6,7.39,0.7779,4,3,6,52,9,2,90,4.4,8.6,0,2,0,1,1,23,1
ISW-2024-03047,7.57,8.08,0.8961,1,1,5,13,3,1,7,7.1,9.3,1,1,0,0,1,26,0
ISW-2023-03048,8.68,8.4,0.9362,0,0,6,21,4,1,8,7.0,9.7,1,1,0,0,0,20,0
ISW-2018-03049,8.25,8.24,0.9244,0,0,7,49,8,0,40,6.7,9.5,0,3,1,1,0,24,0
ISW-2019-03050,7.88,7.76,0.703,3,3,6,4,2,1,10,6.0,8.4,0,0,0,0,1,22,1
ISW-2021-03051,7.8,7.77,0.9442,2,1,7,40,7,1,36,6.5,8.5,0,0,2,0,0,23,1
ISW-2025-03052,9.47,9.26,0.9512,0,0,6,0,1,0,0,7.6,10.0,1,2,0,1,0,29,0
ISW-2020-03053,10.0,10.0,0.9076,0,0,6,21,4,0,7,8.7,10.0,1,0,2,1,0,25,0
ISW-2020-03054,8.54,8.54,0.8542,1,1,7,34,6,0,24,5.5,9.4,1,0,0,1,1,19,0
ISW-2022-03055,9.43,9.47,0.9818,0,0,7,21,4,1,8,7.9,10.0,1,0,0,0,1,18,0
ISW-2025-03056,8.27,8.42,0.8672,0,0,5,14,3,1,8,6.8,9.5,0,0,0,0,0,23,0
ISW-2022-03057,8.65,8.78,0.8258,1,0,6,20,4,1,14,6.7,9.3,0,0,0,0,0,21,0
ISW-2025-03058,7.69,7.95,0.8036,0,0,7,0,1,0,0,6.2,8.9,0,1,0,0,1,19,0
ISW-2021-03059,8.79,8.59,0.9391,0,0,6,0,1,0,0,7.3,9.8,1,0,2,0,1,26,0
ISW-2021-03060,9.1,8.71,0.8887,1,1,6,6,2,0,6,5.7,9.9,1,1,2,1,0,23,0
ISW-2022-03061,9.37,9.51,0.889,0,0,7,21,4,0,6,6.5,10.0,0,0,1,0,0,21,0
ISW-2021-03062,8.19,8.52,0.7186,2,2,5,12,3,0,13,7.4,10.0,0,3,0,0,1,20,0
ISW-2024-03063,8.5,8.78,0.8636,1,1,5,6,2,0,2,5.4,10.0,0,1,2,1,0,20,0
ISW-2023-03064,5.97,6.53,0.9314,2,1,6,40,7,0,59,3.3,8.3,1,3,0,1,0,22,0
ISW-2025-03065,6.95,6.83,0.8132,3,2,6,4,2,1,14,4.8,7.3,1,0,1,0,1,22,1
ISW-2019-03066,7.69,8.02,0.8865,0,0,7,14,3,0,15,6.2,9.0,0,0,1,0,1,25,0
ISW-2022-03067,9.22,9.12,0.8389,1,1,6,13,3,1,7,6.0,9.9,0,2,0,0,0,23,0
ISW-2022-03068,8.88,8.88,0.915,0,0,7,0,1,0,0,6.8,10.0,0,2,0,0,1,25,0
ISW-2024-03069,7.69,7.75,0.8464,0,0,5,28,5,1,23,6.2,9.3,0,0,2,0,1,22,0
ISW-2023-03070,8.25,8.37,0.9065,1,0,7,13,3,0,5,6.2,8.9,1,1,0,0,1,22,0
ISW-2023-03071,7.43,7.42,0.914,0,0,6,0,1,0,0,4.3,9.2,0,1,1,1,1,21,0
ISW-2022-03072,8.97,8.69,0.7857,2,1,5,54,9,1,68,6.5,9.7,0,0,2,1,1,20,1
ISW-2024-03073,8.66,8.33,0.7521,1,1,6,34,6,1,41,6.2,9.4,0,1,0,0,0,19,0
ISW-2025-03074,8.61,8.9,0.9358,1,0,6,27,5,0,12,7.8,10.0,0,0,0,0,0,23,0
ISW-2020-03075,9.15,9.09,0.8878,0,0,7,42,7,0,12,6.4,9.8,1,0,0,0,0,24,0
ISW-2019-03076,6.18,6.49,0.8072,1,0,6,41,7,0,78,5.2,8.1,0,2,2,1,0,25,1
ISW-2020-03077,8.94,8.92,0.7833,3,2,5,4,2,1,14,7.4,10.0,0,1,0,1,1,22,0
ISW-2023-03078,7.97,9.13,0.8576,0,0,6,21,4,1,4,6.0,9.7,0,2,0,1,0,24,0
ISW-2019-03079,9.08,9.41,0.9476,0,0,5,21,4,1,3,8.4,10.0,1,1,0,0,1,24,0
ISW-2025-03080,7.05,6.66,0.6411,4,3,7,3,2,2,12,4.1,7.0,1,3,2,0,1,21,0
ISW-2021-03081,7.33,8.25,0.8132,0,0,6,7,2,1,1,6.2,8.6,0,0,2,0,0,25,0
ISW-2024-03082,8.38,7.85,0.8629,0,0,7,0,1,0,0,6.2,8.6,0,0,1,0,1,20,0
ISW-2025-03083,6.49,6.17,0.6558,2,1,6,19,4,0,39,4.4,7.7,0,0,2,0,1,20,1
ISW-2025-03084,8.85,8.79,0.8372,1,0,5,34,6,0,24,5.8,9.6,0,1,1,0,1,23,0
ISW-2025-03085,9.11,8.65,0.8038,0,0,5,28,5,1,18,5.2,9.6,0,1,2,0,1,24,0
ISW-2018-03086,8.72,9.12,0.9631,3,1,5,4,2,0,4,8.0,9.8,1,1,0,0,0,21,0
ISW-2020-03087,8.9,9.19,0.8396,0,0,5,0,1,0,0,8.2,10.0,1,0,0,1,0,19,0
ISW-2023-03088,7.75,7.68,0.8272,2,1,5,12,3,0,15,6.2,8.2,0,0,2,1,0,19,1
ISW-2022-03089,8.36,8.56,0.9179,2,2,7,12,3,0,11,5.9,10.0,0,2,0,1,0,24,0
ISW-2023-03090,7.79,8.25,0.7782,1,1,5,48,8,0,68,7.3,9.0,0,2,0,0,0,20,0
ISW-2022-03091,8.66,8.26,0.91,0,0,5,42,7,0,20,7.4,8.8,0,0,1,1,1,21,0
ISW-2018-03092,8.09,8.05,0.7286,2,1,5,47,8,0,74,4.6,9.5,0,1,1,0,1,29,1
ISW-2020-03093,8.72,8.86,0.9369,0,0,6,42,7,0,16,6.9,9.4,0,1,0,0,0,19,0
ISW-2024-03094,9.36,9.22,0.8322,0,0,5,56,9,1,30,8.0,9.9,1,2,0,0,0,20,0
ISW-2018-03095,8.21,8.24,0.9078,0,0,6,14,3,0,4,7.0,10.0,0,0,0,0,0,23,0
ISW-2023-03096,9.91,9.76,0.8772,0,0,6,0,1,0,0,8.2,10.0,1,1,0,1,0,23,0
ISW-2023-03097,9.04,8.97,0.9279,0,0,6,0,1,0,0,7.5,9.7,0,0,0,1,0,21,0
ISW-2025-03098,9.17,9.69,0.7964,1,0,6,6,2,0,4,6.7,10.0,0,0,0,0,0,18,0
ISW-2019-03099,7.45,7.25,0.6271,4,2,5,3,2,2,15,5.5,8.5,0,2,1,0,1,22,1
ISW-2021-03100,7.4,7.54,0.6853,0,0,5,0,1,0,0,4.4,8.2,1,0,0,0,1,26,0
ISW-2025-03101,9.13,9.21,0.9465,0,0,6,56,9,0,30,7.7,10.0,0,0,0,0,0,22,0
ISW-2025-03102,7.58,7.48,0.939,0,0,6,0,1,0,0,5.2,7.9,0,0,1,0,1,19,0
ISW-2024-03103,7.45,7.53,0.9535,0,0,6,56,9,0,55,5.2,8.2,1,0,0,1,1,21,0
ISW-2022-03104,7.88,8.31,0.7386,1,1,7,27,5,0,45,5.5,9.2,1,1,0,1,0,27,0
ISW-2024-03105,9.36,9.19,0.8975,0,0,6,21,4,0,7,6.4,10.0,0,0,0,0,0,28,0
ISW-2024-03106,9.72,9.51,0.8534,0,0,5,28,5,0,0,7.2,9.9,0,1,1,0,0,23,0
ISW-2025-03107,8.13,8.47,0.8655,0,0,6,7,2,1,7,6.4,9.5,0,2,0,0,0,22,0
ISW-2023-03108,7.63,8.0,0.8773,1,1,7,20,4,0,23,7.1,9.3,1,0,0,0,0,25,0
ISW-2019-03109,8.11,8.39,0.8501,0,0,7,0,1,0,0,6.5,9.8,0,2,1,0,1,21,0
ISW-2023-03110,9.09,8.91,0.8762,1,1,6,48,8,1,31,5.9,10.0,0,0,2,0,0,24,0
ISW-2022-03111,7.6,7.82,0.8959,3,2,7,4,2,1,11,5.8,8.2,0,0,1,0,0,20,0
ISW-2024-03112,7.7,7.67,0.8018,0,0,6,7,2,1,10,4.3,9.5,0,0,2,0,0,20,0
ISW-2020-03113,9.18,8.63,0.9222,1,1,6,27,5,1,19,6.2,9.2,1,0,1,1,0,19,0
ISW-2018-03114,8.63,8.58,0.878,3,2,5,18,4,1,9,6.1,9.5,1,0,0,0,0,25,0
ISW-2019-03115,7.42,7.46,0.9,1,0,6,13,3,1,21,5.6,9.1,0,0,0,0,0,21,0
ISW-2023-03116,7.06,7.22,0.8581,1,1,6,20,4,0,31,4.6,8.4,1,2,0,1,0,23,0
ISW-2025-03117,8.5,8.16,0.8658,0,0,5,0,1,0,0,5.7,9.4,0,1,0,1,0,26,0
ISW-2019-03118,8.25,8.15,0.8981,2,1,5,26,5,1,29,4.9,9.9,0,3,0,0,1,20,1
ISW-2018-03119,8.14,8.23,0.7335,3,1,6,4,2,1,10,5.0,8.8,0,1,0,0,0,19,0
ISW-2018-03120,7.04,7.37,0.7077,2,2,5,5,2,1,13,4.9,8.0,1,1,1,0,1,27,1
ISW-2023-03121,6.92,7.37,0.8397,0,0,5,0,1,0,0,5.9,8.9,0,0,1,1,1,22,0
ISW-2025-03122,8.07,7.86,0.7798,3,2,6,4,2,1,9,7.0,8.2,0,1,0,0,0,23,0
ISW-2023-03123,7.86,7.92,0.9608,1,1,6,6,2,0,4,5.6,9.2,1,0,0,0,0,23,0
ISW-2023-03124,8.54,8.37,0.7999,4,3,7,10,3,2,16,6.0,10.0,0,3,0,1,1,18,1
ISW-2019-03125,8.07,8.38,0.9145,0,0,7,0,1,0,0,6.1,9.7,1,3,0,1,0,24,0
ISW-2018-03126,8.01,7.46,0.9407,0,0,7,0,1,0,0,5.5,9.0,0,0,0,0,1,24,0
ISW-2019-03127,7.13,7.33,0.794,1,1,5,13,3,0,28,4.2,8.5,0,1,0,0,1,21,0
ISW-2021-03128,8.78,8.97,0.8691,0,0,5,0,1,0,0,6.6,9.5,0,1,0,0,0,22,0
ISW-2018-03129,5.4,5.18,0.8629,5,4,6,23,5,1,62,2.0,5.5,0,1,2,0,0,24,0
ISW-2024-03130,8.8,8.52,0.8023,0,0,5,49,8,1,37,5.4,9.8,0,0,0,0,1,22,0
ISW-2021-03131,7.21,7.6,0.9295,0,0,6,14,3,0,11,5.8,8.0,0,1,1,1,1,25,0
ISW-2023-03132,9.52,10.0,0.879,0,0,7,42,7,0,1,7.5,10.0,1,2,0,1,0,22,0
ISW-2020-03133,9.02,9.0,0.8466,0,0,6,0,1,0,0,7.3,10.0,1,0,0,1,1,21,0
ISW-2024-03134,9.45,9.45,0.8992,0,0,6,0,1,0,0,7.5,10.0,1,1,0,1,0,21,0
ISW-2020-03135,8.3,8.22,0.748,1,1,5,27,5,0,42,5.7,9.6,0,0,2,0,1,23,1
ISW-2024-03136,8.77,8.44,0.7877,4,3,6,24,5,2,33,7.6,9.9,0,3,0,0,1,22,1
ISW-2022-03137,7.84,7.52,0.8902,2,1,7,33,6,0,46,5.1,8.3,0,0,0,1,0,21,0
ISW-2021-03138,8.98,9.25,0.8534,0,0,5,0,1,0,0,5.8,10.0,0,0,2,0,0,25,0
ISW-2023-03139,8.52,8.12,0.847,1,0,6,34,6,0,32,5.9,9.1,1,0,0,0,0,18,0
ISW-2024-03140,6.61,6.67,0.7301,2,1,7,5,2,1,15,3.2,8.1,0,2,0,0,1,21,0
ISW-2018-03141,6.91,7.1,0.791,3,2,6,4,2,1,16,5.9,7.8,0,1,1,1,0,21,0
ISW-2025-03142,9.5,9.36,0.8667,0,0,5,0,1,0,0,8.0,10.0,0,0,0,0,0,22,0
ISW-2020-03143,6.92,6.67,0.6962,4,2,1,59,10,1,121,3.9,8.4,0,0,2,0,1,20,0
ISW-2025-03144,9.19,9.13,0.7972,0,0,6,0,1,0,0,6.6,10.0,0,2,0,0,0,20,0
ISW-2018-03145,8.07,7.8,0.9229,5,2,6,30,6,1,30,6.7,9.0,0,0,1,1,0,21,0
ISW-2023-03146,8.2,8.29,0.9229,0,0,5,21,4,1,12,7.2,9.6,0,0,0,0,1,21,0
ISW-2021-03147,9.14,8.53,0.8905,0,0,7,28,5,1,13,5.4,10.0,0,3,2,0,0,23,0
ISW-2020-03148,8.09,8.23,0.8473,1,1,7,27,5,0,22,5.7,9.3,0,0,2,1,1,21,1
ISW-2024-03149,8.86,8.72,0.8953,0,0,6,42,7,0,31,6.8,9.4,1,1,2,1,0,22,0
ISW-2023-03150,9.49,9.47,0.8242,0,0,6,0,1,0,0,7.6,9.8,0,0,2,0,0,21,0
ISW-2021-03151,8.53,8.45,0.8135,0,0,7,0,1,0,0,6.7,10.0,0,1,1,0,0,28,0
ISW-2021-03152,8.86,9.12,0.8833,0,0,7,21,4,1,8,7.8,10.0,0,2,0,1,0,21,0
ISW-2020-03153,7.27,7.16,0.8403,3,2,5,4,2,1,12,3.7,7.7,0,0,0,0,1,21,1
ISW-2018-03154,8.58,8.02,0.8319,0,0,6,0,1,0,0,6.2,9.0,1,1,0,1,0,20,0
ISW-2022-03155,9.46,9.98,0.966,0,0,6,0,1,0,0,7.5,10.0,0,3,0,1,0,18,0
ISW-2022-03156,8.25,8.13,0.6623,3,3,5,4,2,1,7,6.9,8.9,1,2,0,1,1,18,0
ISW-2022-03157,8.96,8.98,0.899,0,0,7,0,1,0,0,7.5,9.4,1,0,1,0,0,19,0
ISW-2022-03158,8.02,7.64,0.897,0,0,6,0,1,0,0,4.5,9.2,0,0,1,0,1,24,0
ISW-2024-03159,8.83,8.35,0.7094,1,0,7,48,8,1,77,7.3,9.9,0,2,2,0,0,18,1
ISW-2025-03160,7.9,7.94,0.7822,3,1,6,4,2,0,12,5.2,9.6,0,0,0,0,0,19,0
ISW-2023-03161,9.08,9.06,0.8732,0,0,1,63,10,1,35,6.7,9.4,0,0,1,0,0,23,0
ISW-2025-03162,7.93,7.38,0.8914,2,2,5,54,9,0,75,5.4,8.4,0,0,1,0,0,21,1
ISW-2021-03163,8.36,7.78,0.8499,0,0,5,0,1,0,0,5.9,8.3,0,2,2,0,1,24,0
ISW-2021-03164,9.17,8.51,0.9205,2,2,6,26,5,0,13,5.7,9.6,0,0,1,0,1,24,0
ISW-2019-03165,8.49,8.67,0.8301,0,0,6,21,4,0,9,6.3,9.3,0,0,0,0,1,24,0
ISW-2022-03166,7.9,8.09,0.853,0,0,6,28,5,0,18,5.5,9.5,0,1,0,0,0,20,0
ISW-2021-03167,7.73,7.38,0.8235,0,0,5,0,1,0,0,4.5,8.7,0,0,2,0,0,19,0
ISW-2021-03168,6.65,6.37,0.7734,0,0,6,0,1,0,0,5.0,8.0,1,0,1,1,0,19,0
ISW-2024-03169,5.78,5.73,0.7854,0,0,7,0,1,0,0,4.5,7.3,0,1,2,0,0,23,0
ISW-2025-03170,9.45,9.03,0.8752,0,0,6,21,4,0,11,6.0,9.5,0,0,1,1,0,21,0
ISW-2024-03171,8.3,8.61,0.8843,1,1,1,62,10,1,23,6.4,9.6,1,3,1,0,0,20,0
ISW-2019-03172,8.52,8.7,0.8777,0,0,5,28,5,1,11,6.5,9.4,0,0,1,0,0,20,0
ISW-2023-03173,6.48,6.57,0.6656,2,1,5,26,5,1,63,5.3,7.8,0,2,2,1,1,22,1
ISW-2021-03174,7.64,7.49,0.9323,3,2,1,60,10,1,69,6.6,7.8,0,1,2,0,0,27,1
ISW-2019-03175,8.45,8.11,0.6118,1,1,7,27,5,1,34,5.3,8.5,0,0,0,0,0,22,0
ISW-2025-03176,9.1,9.0,0.932,0,0,6,0,1,0,0,7.0,9.8,1,0,0,1,0,24,0
ISW-2018-03177,7.93,8.28,0.9082,2,0,5,40,7,0,24,5.4,9.0,0,1,0,0,1,21,0
ISW-2018-03178,7.52,7.21,0.8642,4,2,6,3,2,2,10,4.8,8.8,0,0,0,0,1,26,1
ISW-2020-03179,8.28,8.17,0.8435,0,0,5,0,1,0,0,6.2,9.0,0,0,2,1,0,28,0
ISW-2022-03180,8.0,7.98,0.7215,3,2,7,11,3,0,22,6.3,9.3,0,3,2,1,1,23,1
ISW-2021-03181,8.59,8.91,0.8808,0,0,5,49,8,0,24,6.3,9.3,0,1,0,0,1,21,0
ISW-2020-03182,9.72,9.94,0.7945,1,1,7,6,2,1,5,8.3,10.0,1,3,0,0,0,23,0
ISW-2022-03183,8.04,8.21,0.7833,3,2,7,11,3,0,23,6.5,9.2,0,0,0,0,0,26,1
ISW-2024-03184,7.62,7.24,0.6493,0,0,6,0,1,0,0,5.7,8.9,0,0,2,1,1,20,0
ISW-2022-03185,9.86,9.53,0.8686,0,0,6,0,1,0,0,7.2,10.0,0,1,1,1,0,21,0
ISW-2018-03186,8.15,8.47,0.9347,0,0,5,0,1,0,0,5.7,9.4,1,0,0,0,0,24,0
ISW-2023-03187,7.91,7.6,0.9487,0,0,6,28,5,0,28,5.1,8.0,0,0,0,0,0,23,0
ISW-2024-03188,10.0,10.0,0.9351,0,0,7,42,7,1,15,8.9,10.0,0,0,1,1,0,25,0
ISW-2020-03189,8.1,8.32,0.7972,0,0,5,0,1,0,0,6.2,9.3,0,0,0,0,1,25,0
ISW-2021-03190,7.46,7.41,0.8066,0,0,7,7,2,1,7,4.1,8.6,1,2,2,1,1,25,1
ISW-2024-03191,8.86,8.43,0.8375,0,0,5,0,1,0,0,5.4,9.5,0,0,2,0,1,30,0
ISW-2018-03192,7.08,7.47,0.5926,0,0,7,0,1,0,0,5.6,7.9,1,3,0,0,1,22,0
ISW-2019-03193,8.14,8.09,0.8622,2,2,6,19,4,1,12,5.1,9.8,0,0,0,0,1,18,0
ISW-2024-03194,9.71,9.98,0.8822,0,0,7,28,5,1,12,9.0,10.0,1,0,0,0,0,18,0
ISW-2022-03195,9.34,9.16,0.8191,0,0,5,21,4,1,12,5.8,10.0,1,0,0,0,1,29,0
ISW-2019-03196,6.68,7.09,0.8828,1,1,6,6,2,1,5,6.1,7.8,0,1,0,0,0,22,0
ISW-2024-03197,9.65,9.75,0.8605,1,0,6,20,4,1,8,8.3,10.0,0,2,0,0,0,21,0
ISW-2025-03198,7.67,7.83,0.8099,0,0,5,0,1,0,0,5.4,9.6,0,2,0,0,1,27,0
ISW-2020-03199,6.59,6.62,0.7342,0,0,7,0,1,0,0,3.2,8.1,0,0,2,1,1,22,0
ISW-2018-03200,9.32,9.41,0.8302,0,0,6,49,8,0,21,6.8,10.0,0,0,0,0,0,21,0
ISW-2025-03201,6.64,6.34,0.7616,3,3,6,25,5,1,51,3.1,6.9,0,2,2,0,0,26,1
ISW-2023-03202,9.08,9.37,0.9658,0,0,5,49,8,1,17,7.4,10.0,1,0,0,1,0,26,0
ISW-2025-03203,7.13,6.89,0.8365,3,2,6,46,8,1,71,5.4,8.4,0,1,0,0,1,24,1
ISW-2024-03204,8.2,8.11,0.6593,1,1,5,20,4,0,20,5.5,9.2,0,0,0,0,0,24,0
ISW-2018-03205,9.62,9.42,0.8856,1,1,7,48,8,1,13,7.8,10.0,0,0,0,1,0,23,0
ISW-2020-03206,7.57,8.1,0.8876,1,1,7,13,3,1,16,4.9,9.6,0,0,0,0,0,22,0
ISW-2021-03207,7.99,7.95,0.834,0,0,7,0,1,0,0,5.5,8.7,0,0,2,0,1,23,0
ISW-2019-03208,6.43,6.0,0.8419,0,0,6,0,1,0,0,4.6,7.0,0,2,2,1,1,25,0
ISW-2023-03209,8.52,8.42,0.8782,0,0,7,0,1,0,0,7.2,9.4,0,1,0,1,1,22,0
ISW-2020-03210,9.55,9.45,0.9525,0,0,7,0,1,0,0,6.1,9.9,1,3,0,1,1,22,0
ISW-2024-03211,8.2,8.14,0.9461,2,2,7,5,2,1,1,5.1,9.8,0,1,0,0,0,18,0
ISW-2024-03212,7.38,7.23,0.9312,2,1,6,26,5,1,32,4.7,7.8,1,0,1,0,0,21,0
ISW-2021-03213,9.22,9.59,0.9886,0,0,7,35,6,1,18,8.4,10.0,0,1,0,0,0,26,0
ISW-2019-03214,8.2,8.37,0.9143,2,1,6,19,4,0,19,6.0,9.2,0,0,0,0,0,18,0
ISW-2019-03215,7.45,7.91,0.8444,0,0,7,0,1,0,0,4.7,9.7,0,2,2,0,1,22,0
ISW-2022-03216,6.68,7.43,0.8869,0,0,7,28,5,0,31,5.5,9.2,0,0,2,1,0,20,0
ISW-2021-03217,8.36,8.34,0.821,0,0,6,7,2,1,3,5.4,9.7,1,3,1,0,1,21,0
ISW-2018-03218,7.75,7.82,0.8554,0,0,6,0,1,0,0,6.8,8.3,0,1,0,1,0,21,0
ISW-2023-03219,8.2,8.2,0.8856,2,1,7,5,2,1,6,6.6,8.8,0,1,0,1,0,22,0
ISW-2024-03220,7.89,7.83,0.8006,2,1,6,5,2,0,5,5.6,9.1,1,1,0,0,1,23,0
ISW-2024-03221,6.51,6.83,0.7166,3,1,7,4,2,0,17,5.4,8.3,0,1,1,0,1,21,0
ISW-2024-03222,8.77,9.33,0.9257,1,1,5,34,6,1,16,6.3,9.8,1,1,1,1,0,22,0
ISW-2023-03223,6.06,6.14,0.7833,4,2,5,24,5,1,56,4.7,6.6,0,1,0,0,1,23,1
ISW-2019-03224,8.66,8.82,0.8414,0,0,6,28,5,1,20,7.2,9.7,1,0,2,1,1,19,1
ISW-2020-03225,9.66,9.26,0.9063,0,0,7,0,1,0,0,6.2,9.6,0,1,0,0,0,26,0
ISW-2021-03226,8.09,8.4,0.9728,2,2,6,33,6,0,18,5.2,9.2,0,0,1,0,0,22,0
ISW-2018-03227,7.23,6.98,0.7632,3,1,5,25,5,1,57,4.2,8.1,0,1,0,0,1,24,1
ISW-2023-03228,9.51,9.81,0.8739,0,0,6,0,1,0,0,6.4,10.0,0,1,0,0,0,23,0
ISW-2021-03229,6.99,7.16,0.8755,1,1,7,20,4,1,22,4.5,8.8,1,0,0,1,0,24,0
ISW-2019-03230,7.62,7.84,0.7523,3,2,7,11,3,0,23,4.7,9.5,0,1,1,0,0,18,0
ISW-2018-03231,8.44,8.88,0.8666,0,0,5,14,3,0,11,7.6,9.9,0,1,0,0,0,24,0
ISW-2025-03232,8.72,9.02,0.9033,0,0,5,0,1,0,0,7.9,9.7,0,1,0,1,1,20,0
ISW-2022-03233,7.64,7.48,0.9862,2,2,6,12,3,1,18,4.6,8.2,1,1,1,1,0,24,0
ISW-2025-03234,8.08,7.98,0.7742,0,0,5,0,1,0,0,4.8,9.7,0,1,1,0,1,19,0
ISW-2023-03235,6.33,6.24,0.7531,0,0,7,0,1,0,0,3.6,6.9,1,1,1,1,1,20,0
ISW-2022-03236,8.42,8.43,0.9211,0,0,5,0,1,0,0,7.1,8.8,0,0,1,0,0,25,0
ISW-2021-03237,8.02,7.85,0.8588,0,0,6,56,9,0,41,6.8,8.7,1,0,1,1,1,20,0
ISW-2025-03238,7.99,8.0,0.8952,1,0,6,6,2,1,5,6.0,9.0,0,1,1,1,1,25,0
ISW-2022-03239,9.28,9.37,0.8322,1,1,6,6,2,1,3,8.3,10.0,0,0,0,1,1,23,0
ISW-2024-03240,9.32,9.4,0.8668,0,0,5,7,2,1,1,6.6,10.0,0,0,0,0,1,19,0
ISW-2022-03241,7.45,8.13,0.888,1,1,7,41,7,0,25,7.0,8.6,0,0,0,1,0,25,0
ISW-2019-03242,6.19,6.34,0.7574,7,2,5,14,4,1,36,4.4,7.5,1,0,0,0,0,23,0
ISW-2023-03243,8.97,9.09,0.962,1,1,6,48,8,1,29,6.7,10.0,1,3,0,1,0,20,0
ISW-2019-03244,7.22,7.4,0.8314,2,2,7,5,2,1,9,4.8,8.5,0,0,0,1,1,23,0
ISW-2022-03245,8.34,8.63,0.7654,0,0,5,0,1,0,0,6.6,9.8,1,0,0,0,0,23,0
ISW-2020-03246,8.67,8.56,0.8302,0,0,6,21,4,0,11,5.3,9.6,0,3,1,1,1,18,0
ISW-2022-03247,7.14,7.62,0.6175,0,0,7,7,2,1,11,5.7,9.2,0,3,1,1,1,20,0
ISW-2023-03248,7.33,7.39,0.9306,1,1,5,34,6,1,35,5.2,7.8,0,0,1,1,0,22,1
ISW-2019-03249,6.83,6.78,0.8152,0,0,5,42,7,0,61,6.0,7.5,0,2,2,0,1,20,0
ISW-2023-03250,6.96,7.36,0.8146,0,0,6,14,3,1,21,4.5,9.2,0,0,0,1,0,21,0
ISW-2022-03251,7.38,7.74,0.9103,0,0,5,56,9,0,46,4.4,9.0,0,2,0,0,0,22,0
ISW-2022-03252,8.94,8.98,0.8515,1,1,7,20,4,1,4,6.2,10.0,0,0,0,1,1,24,0
ISW-2021-03253,9.18,9.46,0.912,1,1,7,6,2,1,2,8.1,10.0,1,0,0,0,0,21,0
ISW-2023-03254,9.47,9.95,0.8442,0,0,5,14,3,1,3,7.1,10.0,1,0,0,0,0,19,0
ISW-2019-03255,7.3,7.34,0.6864,0,0,7,0,1,0,0,6.5,8.8,0,1,2,0,1,22,0
ISW-2023-03256,8.81,8.86,0.9417,1,0,5,34,6,1,32,6.7,9.9,0,0,0,1,1,20,0
ISW-2019-03257,9.8,9.83,0.9642,0,0,5,0,1,0,0,6.9,10.0,1,1,0,0,1,24,0
ISW-2020-03258,9.66,9.39,0.7393,1,1,5,6,2,0,8,7.9,10.0,0,1,0,1,0,24,0
ISW-2024-03259,8.14,7.94,0.9514,0,0,5,21,4,0,17,6.7,9.6,1,0,0,1,0,20,0
ISW-2019-03260,9.37,9.6,0.9376,0,0,5,0,1,0,0,6.5,10.0,0,2,1,0,0,24,0
ISW-2022-03261,9.76,10.0,0.8373,0,0,7,0,1,0,0,8.0,10.0,0,0,1,1,0,21,0
ISW-2025-03262,8.0,8.3,0.932,2,1,5,26,5,1,19,6.2,9.3,0,0,1,1,1,20,0
ISW-2022-03263,5.73,5.58,0.7124,0,0,7,0,1,0,0,3.9,6.1,1,0,1,0,0,24,0
ISW-2018-03264,7.34,7.22,0.8748,0,0,6,14,3,0,20,4.1,8.1,1,0,0,0,1,22,0
ISW-2022-03265,10.0,10.0,0.9166,0,0,7,7,2,0,3,6.5,10.0,0,0,0,0,0,23,0
ISW-2024-03266,8.03,7.9,0.7025,5,3,7,2,2,1,12,4.8,8.3,1,1,1,0,0,19,1
ISW-2022-03267,9.39,9.28,0.9606,0,0,7,0,1,0,0,7.4,10.0,1,1,0,0,0,24,0
ISW-2020-03268,8.39,8.39,0.8189,0,0,5,28,5,1,15,7.6,9.7,0,0,0,0,0,19,0
ISW-2019-03269,7.88,7.35,0.8418,0,0,6,56,9,0,75,4.8,8.0,1,0,0,0,0,21,0
ISW-2025-03270,7.64,7.8,0.7935,0,0,6,0,1,0,0,6.9,9.2,0,2,1,1,1,24,0
ISW-2020-03271,9.24,9.49,0.9326,0,0,6,56,9,1,18,7.0,10.0,0,0,0,0,1,20,0
ISW-2025-03272,7.92,8.41,0.8357,1,1,6,20,4,0,9,7.1,10.0,0,1,2,1,1,27,0
ISW-2021-03273,9.21,9.29,0.9445,3,2,5,18,4,1,10,7.7,9.6,1,2,0,1,0,24,0
ISW-2024-03274,7.98,8.14,0.9195,0,0,6,28,5,0,19,6.0,9.4,1,0,0,1,1,23,0
ISW-2019-03275,9.35,9.17,0.8603,1,1,6,27,5,0,7,7.5,10.0,0,1,0,0,1,19,0
ISW-2018-03276,8.83,9.17,0.87,1,0,7,34,6,1,11,7.2,9.9,0,3,0,0,0,19,0
ISW-2019-03277,9.51,9.25,0.9272,1,0,5,13,3,1,5,7.5,10.0,0,1,0,1,1,19,0
ISW-2021-03278,7.34,7.27,0.8205,3,1,7,11,3,0,17,5.4,7.8,1,3,1,1,1,24,0
ISW-2022-03279,6.65,6.94,0.8265,1,1,7,6,2,1,12,4.1,7.7,1,0,0,1,1,23,0
ISW-2025-03280,8.72,8.56,0.9323,0,0,6,0,1,0,0,5.7,10.0,0,1,0,0,1,20,0
ISW-2024-03281,9.25,8.86,0.9975,2,1,6,19,4,0,18,7.7,10.0,0,0,0,0,0,22,0
ISW-2022-03282,7.79,8.11,0.8077,0,0,7,0,1,0,0,6.5,9.5,0,0,0,0,0,23,0
ISW-2024-03283,9.38,9.04,0.8898,0,0,5,7,2,1,1,8.1,9.5,0,3,2,0,0,23,0
ISW-2018-03284,9.35,9.26,0.9803,0,0,6,0,1,0,0,7.0,9.9,0,0,0,1,0,19,0
ISW-2018-03285,6.6,6.29,0.8801,0,0,5,0,1,0,0,4.0,6.8,0,3,1,0,0,27,0
ISW-2023-03286,8.23,8.25,0.8211,0,0,5,21,4,0,11,7.0,9.5,0,1,0,0,0,17,0
ISW-2024-03287,7.99,8.11,0.7997,0,0,5,21,4,0,31,6.4,9.0,0,3,0,0,1,23,1
ISW-2018-03288,5.63,5.48,0.8493,2,1,5,12,3,0,29,3.4,7.1,1,3,2,0,0,25,1
ISW-2020-03289,8.49,8.78,0.9472,0,0,5,0,1,0,0,5.8,10.0,0,1,0,0,1,20,0
ISW-2024-03290,8.3,8.25,0.7194,1,1,6,13,3,0,19,5.9,9.7,0,3,2,0,1,22,0
ISW-2025-03291,8.46,8.54,0.855,2,1,6,5,2,0,1,5.5,9.4,1,2,0,0,0,19,0
ISW-2019-03292,8.14,8.41,0.707,4,2,5,24,5,2,34,5.3,9.3,1,1,0,1,0,20,1
ISW-2018-03293,7.09,7.67,0.8662,2,2,5,19,4,1,16,5.0,9.2,0,1,2,1,1,27,1
ISW-2020-03294,9.2,9.57,0.7956,0,0,7,14,3,0,11,8.0,10.0,0,0,0,0,0,24,0
ISW-2021-03295,6.33,6.54,0.7994,4,2,5,10,3,2,26,3.2,7.0,0,0,2,0,0,22,1
ISW-2024-03296,6.95,6.81,0.8799,3,2,7,53,9,1,101,5.2,7.2,0,0,2,1,1,19,0
ISW-2024-03297,8.1,8.44,0.7998,1,1,6,27,5,0,32,6.1,9.4,0,0,0,0,0,21,0
ISW-2025-03298,8.48,8.66,0.9107,0,0,5,14,3,1,10,6.1,9.2,0,0,0,0,1,22,0
ISW-2020-03299,7.63,8.3,0.7949,2,2,6,12,3,0,16,5.6,8.7,0,1,2,0,1,21,0
ISW-2024-03300,7.74,7.88,0.5996,0,0,5,0,1,0,0,5.0,9.4,0,1,0,1,0,22,0
ISW-2019-03301,8.22,8.83,0.8372,0,0,6,49,8,1,27,7.1,9.2,1,1,1,0,1,17,0
ISW-2019-03302,6.39,6.12,0.7839,3,3,6,4,2,1,15,2.9,6.5,0,2,0,1,0,22,0
ISW-2019-03303,8.55,8.64,0.779,1,0,6,6,2,1,5,6.6,9.2,0,3,0,0,0,22,0
ISW-2025-03304,9.28,9.13,0.9473,0,0,1,63,10,1,34,7.0,10.0,0,2,0,0,0,25,0
ISW-2024-03305,9.04,9.23,0.8437,2,2,6,26,5,0,12,6.0,9.8,1,1,1,0,1,21,0
ISW-2024-03306,7.99,7.61,0.871,0,0,5,0,1,0,0,5.2,8.7,0,0,1,1,1,24,0
ISW-2025-03307,8.14,8.66,0.7727,0,0,5,0,1,0,0,6.7,9.4,0,3,1,0,1,24,0
ISW-2020-03308,8.89,8.63,0.7727,0,0,7,0,1,0,0,5.5,9.0,0,0,0,0,1,24,0
ISW-2022-03309,8.21,8.23,0.9076,1,1,6,20,4,1,13,4.8,8.8,0,0,0,1,0,22,0
ISW-2025-03310,7.56,7.58,0.8943,0,0,6,0,1,0,0,4.8,7.9,1,0,0,0,1,22,0
ISW-2019-03311,6.49,6.78,0.8773,2,1,7,47,8,0,70,3.6,8.6,1,1,0,0,0,24,0
ISW-2021-03312,9.79,9.77,0.7562,5,3,5,44,8,1,38,8.6,10.0,0,1,0,1,1,21,1
ISW-2020-03313,9.12,8.85,0.7611,2,1,7,12,3,1,12,7.3,9.7,0,0,1,0,0,22,1
ISW-2024-03314,6.02,6.38,0.8889,2,1,6,19,4,0,50,5.0,7.7,0,2,0,0,1,21,0
ISW-2025-03315,7.07,7.49,0.6374,3,3,7,4,2,1,12,5.4,8.7,0,0,0,1,1,25,1
ISW-2024-03316,8.21,7.85,0.8203,0,0,6,0,1,0,0,6.2,9.2,0,0,1,0,0,24,0
ISW-2024-03317,9.73,9.78,0.8966,0,0,7,28,5,0,10,7.9,10.0,1,0,0,0,0,19,0
ISW-2024-03318,8.29,8.84,0.9164,0,0,7,0,1,0,0,7.7,9.4,1,0,2,0,0,23,0
ISW-2021-03319,9.12,9.42,0.9405,0,0,5,0,1,0,0,7.5,9.9,0,2,0,0,0,24,0
ISW-2024-03320,7.34,7.61,0.9409,1,1,5,6,2,0,10,4.9,8.6,0,0,0,0,0,26,0
ISW-2023-03321,9.48,9.46,0.8186,0,0,7,0,1,0,0,8.3,10.0,0,0,2,0,1,25,0
ISW-2024-03322,8.93,9.29,0.9974,4,3,6,10,3,1,6,7.6,9.9,0,0,1,0,0,23,1
ISW-2022-03323,6.87,6.8,0.8555,4,2,5,24,5,1,52,3.8,8.4,0,2,2,0,0,19,1
ISW-2023-03324,7.48,7.31,0.8332,1,1,6,34,6,0,50,6.4,8.2,1,3,0,0,1,22,0
ISW-2024-03325,8.75,8.67,0.7885,2,1,7,19,4,0,20,7.1,9.6,1,1,0,0,1,22,0
ISW-2025-03326,8.3,8.3,0.9553,0,0,5,35,6,0,19,4.9,9.4,0,1,1,0,0,22,0
ISW-2022-03327,9.74,9.59,0.8656,0,0,5,14,3,0,4,6.3,10.0,0,3,0,1,1,25,0
ISW-2022-03328,7.22,7.34,0.7721,1,1,5,34,6,0,60,3.8,8.4,0,0,1,0,1,24,1
ISW-2025-03329,9.78,9.76,0.9204,1,1,5,13,3,1,3,8.9,10.0,1,0,0,0,1,24,0
ISW-2022-03330,7.62,7.84,0.9259,2,1,5,5,2,1,7,5.1,8.3,0,1,0,1,0,26,0
ISW-2020-03331,8.0,8.6,0.8706,1,1,6,48,8,1,30,5.4,10.0,0,0,0,0,0,23,0
ISW-2018-03332,9.23,9.33,0.9582,0,0,5,7,2,0,3,7.4,10.0,0,1,1,1,0,23,0
ISW-2023-03333,9.05,8.96,0.936,0,0,7,0,1,0,0,6.8,9.4,0,1,0,1,1,24,0
ISW-2022-03334,8.25,8.12,0.846,1,1,6,6,2,1,5,5.9,9.7,0,0,2,0,1,18,0
ISW-2020-03335,7.66,7.5,0.934,4,2,6,3,2,2,7,6.1,8.2,0,1,0,0,1,22,1
ISW-2019-03336,8.03,8.5,0.928,0,0,5,7,2,0,9,5.9,10.0,0,0,0,0,0,21,0
ISW-2019-03337,8.57,8.43,0.7049,1,1,7,13,3,1,16,6.8,9.5,1,0,0,1,0,24,0
ISW-2023-03338,8.35,7.91,0.7895,2,2,7,40,7,1,61,6.0,8.3,0,2,1,0,1,26,0
ISW-2020-03339,7.89,8.14,0.8185,0,0,7,7,2,0,5,5.9,9.2,0,1,2,1,0,22,0
ISW-2019-03340,7.56,7.79,0.8009,2,1,5,12,3,1,9,5.5,9.4,1,0,0,1,0,18,0
ISW-2019-03341,7.07,6.68,0.7547,3,1,5,4,2,0,15,3.8,7.7,0,0,0,1,1,30,1
ISW-2021-03342,8.99,8.91,0.8818,0,0,7,35,6,1,15,7.4,10.0,0,0,1,0,1,22,0
ISW-2023-03343,9.57,9.27,0.915,0,0,7,0,1,0,0,7.8,10.0,0,0,0,1,0,24,0
ISW-2019-03344,7.91,8.05,0.8984,0,0,6,0,1,0,0,5.5,8.7,0,0,1,1,1,26,0
ISW-2024-03345,7.27,6.85,0.9408,2,2,6,12,3,0,21,5.0,8.4,1,0,1,0,0,29,0
ISW-2021-03346,7.99,8.05,0.8852,3,1,5,25,5,0,22,6.5,8.9,0,2,0,1,0,23,0
ISW-2020-03347,8.6,8.81,0.7983,1,1,5,34,6,0,38,5.8,9.4,0,2,1,0,0,28,0
ISW-2018-03348,6.35,6.84,0.7778,5,3,5,16,4,2,42,3.7,8.1,0,2,1,1,0,22,0
ISW-2021-03349,5.93,6.55,0.7242,4,3,5,31,6,1,64,3.6,7.2,0,1,0,0,0,18,0
ISW-2022-03350,8.55,8.21,0.8213,1,1,6,6,2,1,1,5.2,9.5,0,1,0,0,0,24,0
ISW-2024-03351,7.72,7.99,0.9424,0,0,6,0,1,0,0,5.0,8.6,1,1,0,1,0,29,0
ISW-2023-03352,8.0,7.81,0.8983,0,0,5,0,1,0,0,5.2,9.5,1,2,1,0,0,18,0
ISW-2020-03353,7.76,7.39,0.8714,0,0,5,0,1,0,0,4.7,8.7,1,1,1,0,0,20,0
ISW-2022-03354,8.61,8.37,0.7255,0,0,6,7,2,0,5,7.0,9.9,0,1,0,0,1,28,0
ISW-2018-03355,6.61,6.81,0.9181,4,3,7,10,3,1,28,3.4,7.6,0,2,0,1,0,27,1
ISW-2019-03356,8.71,9.18,0.8261,1,1,7,6,2,1,1,6.5,10.0,1,1,0,0,0,20,0
ISW-2018-03357,8.33,8.17,0.9547,0,0,5,21,4,1,16,6.2,9.7,0,0,0,0,0,25,0
ISW-2020-03358,8.65,8.48,0.8351,1,0,6,13,3,0,17,6.9,9.2,0,0,0,0,0,24,0
ISW-2022-03359,8.05,7.67,0.9178,0,0,6,28,5,0,25,6.5,8.0,1,0,0,0,1,21,0
ISW-2024-03360,8.28,8.75,0.9477,1,1,5,20,4,0,17,7.7,10.0,0,0,0,0,1,23,0
ISW-2019-03361,8.66,8.48,0.9608,4,2,6,3,2,2,4,5.9,9.8,0,0,1,0,0,22,0
ISW-2024-03362,7.95,7.5,0.7963,2,1,5,5,2,0,12,6.7,7.9,1,0,1,1,0,22,0
ISW-2024-03363,8.65,8.8,0.8546,0,0,7,21,4,0,14,6.0,9.5,0,0,0,1,0,20,0
ISW-2024-03364,8.5,8.02,0.8721,0,0,7,21,4,0,21,5.4,8.8,0,3,1,1,0,23,0
ISW-2021-03365,8.93,8.91,0.852,1,1,6,6,2,0,2,6.1,9.4,0,0,0,1,1,25,0
ISW-2024-03366,7.46,7.48,0.7059,2,1,5,5,2,1,13,4.5,8.2,1,0,0,1,1,19,1
ISW-2020-03367,7.08,7.61,0.8218,1,1,6,27,5,1,20,4.4,9.0,0,0,2,1,1,20,1
ISW-2025-03368,9.4,9.22,0.8607,0,0,5,21,4,0,8,5.9,10.0,1,0,0,0,1,19,0
ISW-2018-03369,8.09,8.12,0.8259,0,0,5,0,1,0,0,4.7,9.2,0,1,0,1,1,22,0
ISW-2021-03370,8.94,8.63,0.9408,2,2,7,12,3,1,13,7.7,10.0,0,1,0,0,0,20,0
ISW-2025-03371,7.4,7.18,0.6666,3,3,6,39,7,0,85,5.6,7.6,0,0,1,0,1,18,1
ISW-2019-03372,7.69,7.65,0.9575,0,0,7,0,1,0,0,4.3,8.4,0,1,0,0,1,20,0
ISW-2022-03373,8.81,8.59,0.9543,1,1,5,41,7,1,27,5.9,10.0,0,0,2,0,0,25,0
ISW-2025-03374,7.72,8.26,0.8658,0,0,5,0,1,0,0,6.4,9.1,0,1,0,0,1,26,0
ISW-2024-03375,9.19,9.26,0.8514,1,1,5,13,3,0,9,6.4,9.8,0,3,0,0,0,26,0
ISW-2020-03376,6.69,7.19,0.8878,1,1,7,13,3,0,20,6.4,8.1,0,3,0,0,0,26,0
ISW-2025-03377,8.85,8.55,0.9524,0,0,6,0,1,0,0,5.6,9.6,1,0,1,1,1,22,0
ISW-2025-03378,8.68,8.8,0.8984,1,1,7,48,8,1,27,8.0,9.8,1,1,0,0,0,21,0
ISW-2020-03379,7.81,7.77,0.7035,0,0,6,14,3,1,24,5.3,9.5,0,2,2,0,0,26,0
ISW-2020-03380,7.45,6.91,0.8309,5,3,6,51,9,1,83,4.2,8.4,0,2,2,1,0,24,1
ISW-2024-03381,9.07,8.97,0.8935,4,3,7,3,2,2,2,5.6,10.0,0,0,0,0,1,20,0
ISW-2025-03382,8.97,8.76,0.9006,0,0,5,42,7,0,20,5.9,10.0,0,1,0,1,1,28,0
ISW-2018-03383,6.74,7.15,0.7694,2,1,6,47,8,1,85,6.1,8.9,0,0,0,0,1,20,1
ISW-2023-03384,8.14,8.0,0.8586,1,1,6,20,4,1,19,5.2,8.9,0,0,1,0,1,26,0
ISW-2019-03385,6.42,6.63,0.8192,0,0,7,0,1,0,0,5.1,7.0,0,1,1,1,0,25,0
ISW-2024-03386,8.01,8.81,0.8555,1,1,7,27,5,0,14,5.8,10.0,0,0,0,0,1,25,0
ISW-2020-03387,8.73,9.01,0.9042,0,0,5,14,3,0,8,7.4,10.0,1,0,2,1,0,20,0
ISW-2022-03388,9.94,9.76,0.9081,3,2,6,46,8,0,16,7.3,10.0,0,2,0,0,0,21,0
ISW-2025-03389,7.7,8.28,0.7968,1,1,6,13,3,1,15,5.4,9.7,0,1,2,0,1,21,0
ISW-2019-03390,8.92,8.78,0.739,2,2,5,5,2,1,10,5.3,10.0,0,3,2,1,0,23,1
ISW-2022-03391,8.96,8.82,0.8818,0,0,7,0,1,0,0,5.6,9.3,0,2,0,0,1,21,0
ISW-2020-03392,9.61,9.26,0.8325,1,1,6,27,5,1,6,7.0,9.8,0,2,0,0,0,19,0
ISW-2020-03393,9.61,9.33,0.896,0,0,6,56,9,0,23,7.6,10.0,0,2,0,1,1,20,0
ISW-2025-03394,5.02,5.16,0.6541,0,0,6,0,1,0,0,1.8,5.6,1,0,2,0,0,22,0
ISW-2021-03395,8.92,9.03,0.8613,0,0,7,28,5,1,13,6.4,9.4,0,0,0,0,1,20,0
ISW-2024-03396,7.1,7.24,0.8314,1,1,6,48,8,1,59,4.5,8.7,0,3,2,0,1,25,1
ISW-2020-03397,7.89,7.67,0.864,0,0,6,0,1,0,0,5.7,8.0,0,0,0,0,0,26,0
ISW-2025-03398,8.07,8.09,0.7546,0,0,5,0,1,0,0,7.2,9.1,1,0,0,0,1,22,0
ISW-2023-03399,8.46,8.48,0.8527,2,2,7,26,5,0,21,5.6,8.8,1,1,2,0,1,20,0
ISW-2018-03400,8.58,8.37,0.9145,1,1,7,20,4,0,12,5.9,10.0,1,0,0,0,0,19,0
ISW-2022-03401,7.57,8.21,0.8848,0,0,6,0,1,0,0,4.9,8.6,0,0,1,0,1,19,0
ISW-2025-03402,9.74,9.66,0.8833,0,0,6,35,6,0,15,8.3,10.0,0,1,0,1,0,20,0
ISW-2024-03403,8.0,7.81,0.8745,1,1,6,13,3,1,13,5.8,9.1,0,0,0,0,1,25,0
ISW-2020-03404,8.76,9.21,0.813,0,0,7,42,7,0,13,5.9,10.0,1,1,0,1,0,22,0
ISW-2022-03405,8.28,7.98,0.8883,3,2,5,39,7,0,43,5.3,8.7,1,0,0,0,1,20,0
ISW-2019-03406,9.3,9.41,0.9752,1,1,7,34,6,1,17,6.3,9.8,1,1,1,0,0,23,0
ISW-2021-03407,8.0,8.21,0.8605,1,1,5,13,3,0,14,6.2,10.0,0,0,0,1,1,25,0
ISW-2023-03408,9.13,8.93,0.8737,1,0,7,6,2,0,2,6.6,10.0,1,1,0,0,1,19,0
ISW-2025-03409,9.9,10.0,0.9446,2,2,7,12,3,0,3,6.5,10.0,1,0,0,0,1,23,0
ISW-2018-03410,9.36,8.82,0.8171,0,0,7,0,1,0,0,5.9,9.7,0,0,1,1,1,19,0
ISW-2018-03411,7.66,6.94,0.8312,1,1,7,20,4,1,40,5.4,7.5,0,2,2,1,1,19,1
ISW-2025-03412,9.49,8.82,0.826,0,0,6,0,1,0,0,7.7,9.8,0,0,1,0,0,25,0
ISW-2018-03413,7.83,8.14,0.8411,1,1,5,13,3,1,10,5.7,8.7,0,1,2,1,0,27,1
ISW-2021-03414,7.87,7.62,0.8017,0,0,6,0,1,0,0,6.6,8.4,0,0,0,0,1,23,0
ISW-2022-03415,7.01,6.65,0.6598,3,1,5,4,2,1,13,5.6,8.2,0,0,0,1,1,26,1
ISW-2022-03416,7.04,7.47,0.9072,4,2,5,3,2,2,11,5.3,8.6,1,0,0,0,0,22,0
ISW-2022-03417,8.63,9.29,0.8487,0,0,6,21,4,0,13,6.1,10.0,1,2,0,0,1,25,0
ISW-2022-03418,7.62,7.53,0.9534,4,2,7,31,6,2,45,4.4,8.1,1,0,1,0,0,20,0
ISW-2018-03419,5.56,5.94,0.6227,0,0,5,0,1,0,0,4.2,6.8,0,0,1,0,1,19,0
ISW-2020-03420,8.45,7.88,0.7918,6,1,7,36,7,1,68,4.4,9.2,0,1,0,1,0,24,1
ISW-2023-03421,8.5,8.49,0.8033,1,0,6,41,7,0,21,7.2,10.0,0,0,2,0,1,18,0
ISW-2020-03422,9.99,10.0,0.9607,0,0,6,7,2,0,2,7.3,10.0,1,2,0,0,0,22,0
ISW-2020-03423,8.27,8.18,0.8512,1,1,6,20,4,0,22,4.7,9.3,0,3,1,1,0,25,0
ISW-2018-03424,6.72,6.85,0.7603,3,3,6,11,3,1,34,5.8,7.2,1,1,0,0,1,27,1
ISW-2021-03425,6.28,6.55,0.9518,0,0,5,0,1,0,0,4.4,8.1,0,1,1,1,0,22,0
ISW-2023-03426,8.77,8.98,0.8074,1,1,6,13,3,0,7,7.1,10.0,0,0,0,0,0,26,0
ISW-2021-03427,7.59,7.72,0.8459,0,0,7,0,1,0,0,5.7,9.1,1,3,2,0,1,20,0
ISW-2024-03428,8.57,8.57,0.8977,0,0,5,42,7,1,33,6.7,9.7,0,1,2,0,1,19,0
ISW-2022-03429,9.51,9.54,0.9072,3,1,6,46,8,0,27,8.3,10.0,1,0,0,0,1,19,0
ISW-2019-03430,9.17,8.73,0.8849,0,0,6,35,6,1,12,7.1,9.8,0,3,0,0,0,25,0
ISW-2025-03431,8.86,8.72,0.973,0,0,7,21,4,1,15,6.0,10.0,0,3,1,1,0,24,0
ISW-2018-03432,6.8,7.05,0.8139,3,3,6,18,4,1,23,4.4,8.1,0,0,1,0,1,25,1
ISW-2025-03433,9.43,9.44,0.8637,0,0,1,63,10,0,13,7.9,10.0,1,0,0,1,1,22,0
ISW-2020-03434,8.09,8.48,0.8818,1,1,5,6,2,0,7,5.6,10.0,0,1,1,0,1,22,0
ISW-2019-03435,6.68,7.08,0.7717,0,0,6,0,1,0,0,4.4,8.1,1,2,2,1,0,18,0
ISW-2024-03436,8.59,8.12,0.7933,1,1,7,20,4,0,37,6.7,8.6,1,1,1,0,0,24,0
ISW-2023-03437,8.43,8.82,0.9035,0,0,7,7,2,1,1,6.8,9.7,0,0,0,0,1,24,0
ISW-2018-03438,9.02,9.02,0.7704,0,0,7,7,2,0,7,8.2,10.0,1,0,2,0,0,22,0
ISW-2019-03439,9.17,9.08,0.8793,0,0,7,0,1,0,0,7.8,9.8,1,0,0,0,1,19,0
ISW-2021-03440,9.84,10.0,0.9623,1,1,5,20,4,1,5,7.1,10.0,0,0,0,0,0,20,1
ISW-2022-03441,9.54,9.63,0.8607,0,0,7,7,2,0,2,6.5,10.0,1,2,2,0,1,20,0
ISW-2025-03442,8.97,8.84,0.8718,0,0,6,0,1,0,0,5.4,10.0,0,0,0,0,0,20,0
ISW-2019-03443,7.61,7.51,0.794,0,0,7,0,1,0,0,4.1,8.9,0,0,0,1,1,26,0
ISW-2018-03444,8.09,7.85,0.7143,1,1,7,6,2,1,14,4.7,9.4,0,2,1,0,1,22,0
ISW-2024-03445,7.91,8.08,0.8068,2,1,6,40,7,0,34,6.0,8.7,1,0,2,0,0,20,1
ISW-2019-03446,7.32,7.35,0.8863,2,1,5,5,2,1,7,6.4,8.8,0,0,0,0,1,25,0
ISW-2023-03447,7.73,7.5,0.9381,0,0,6,28,5,0,29,4.9,8.3,0,3,0,0,0,20,0
ISW-2022-03448,6.97,7.66,0.8254,2,1,7,26,5,0,28,4.7,8.0,0,0,0,0,0,25,0
ISW-2021-03449,8.88,8.42,0.9479,0,0,7,7,2,1,1,5.5,9.5,0,2,0,0,1,27,0
ISW-2022-03450,8.84,8.06,0.8304,4,3,5,31,6,2,32,4.6,8.9,1,0,0,0,1,20,1
ISW-2025-03451,10.0,9.76,0.8649,0,0,6,28,5,1,8,8.2,10.0,1,0,0,1,0,25,0
ISW-2023-03452,8.22,8.32,0.8666,0,0,6,21,4,0,13,5.5,9.3,0,1,2,0,0,22,0
ISW-2018-03453,8.17,8.2,0.9383,0,0,7,0,1,0,0,4.8,9.4,0,0,1,0,0,18,0
ISW-2018-03454,8.47,8.59,0.9105,0,0,7,0,1,0,0,5.7,10.0,1,1,2,1,0,20,0
ISW-2019-03455,6.76,6.88,0.8385,3,3,1,60,10,0,104,4.1,8.6,0,0,2,0,0,20,1
ISW-2025-03456,8.98,9.01,0.8665,2,2,7,33,6,1,17,6.4,10.0,0,1,2,0,0,21,0
ISW-2023-03457,7.85,7.98,0.7037,0,0,7,49,8,1,60,7.1,9.5,1,0,1,0,1,20,1
ISW-2019-03458,8.75,9.19,0.918,0,0,5,42,7,1,18,7.5,10.0,1,2,0,1,0,22,0
ISW-2020-03459,8.01,8.22,0.8999,0,0,7,0,1,0,0,5.9,9.1,0,1,2,0,1,28,0
ISW-2021-03460,7.48,7.25,0.9394,4,3,6,31,6,2,46,5.9,8.5,0,1,0,1,0,21,1
ISW-2020-03461,9.75,9.26,0.9078,1,1,5,13,3,1,9,5.8,9.8,1,0,0,0,0,20,0
ISW-2020-03462,7.61,8.04,0.9246,3,3,7,32,6,1,36,4.9,8.6,0,1,0,1,0,21,1
ISW-2025-03463,7.52,7.54,0.8623,0,0,7,0,1,0,0,5.2,8.2,0,1,0,0,0,20,0
ISW-2021-03464,8.35,8.66,0.8572,1,1,6,6,2,0,4,6.5,9.1,1,0,0,1,1,23,0
ISW-2022-03465,6.18,6.55,0.7901,5,4,5,23,5,1,57,4.8,8.3,0,1,1,0,0,21,1
ISW-2019-03466,6.87,7.04,0.6875,3,2,7,32,6,1,64,4.7,8.2,0,0,0,1,0,26,1
ISW-2020-03467,6.99,7.02,0.9265,4,3,6,17,4,1,27,5.0,7.5,0,0,0,0,0,25,0
ISW-2021-03468,8.04,7.67,0.8911,0,0,5,7,2,1,8,5.6,9.4,0,1,0,1,1,23,0
ISW-2024-03469,5.55,6.06,0.7583,3,2,5,4,2,0,15,2.7,7.7,0,0,2,1,0,19,1
ISW-2020-03470,7.84,7.93,0.8506,1,1,5,55,9,1,39,5.4,9.5,0,0,0,0,0,27,0
ISW-2022-03471,7.67,8.08,0.877,1,1,7,13,3,1,15,4.9,8.8,0,1,0,0,0,23,0
ISW-2018-03472,7.58,7.49,0.8335,1,1,5,13,3,0,14,4.4,8.7,1,1,1,0,1,28,0
ISW-2020-03473,6.32,6.15,0.8572,1,1,5,20,4,1,45,2.7,6.7,0,0,2,1,1,19,1
ISW-2024-03474,7.98,7.95,0.7857,3,2,6,11,3,0,20,5.3,8.9,0,0,0,1,0,22,1
ISW-2021-03475,7.93,7.98,0.8832,0,0,6,21,4,0,18,6.5,9.3,0,0,1,0,0,18,0
ISW-2020-03476,7.22,7.09,0.6758,2,1,7,12,3,0,28,5.9,7.5,0,1,0,0,0,23,1
ISW-2021-03477,7.58,7.5,0.8731,1,0,5,34,6,1,39,6.2,9.1,1,1,2,0,1,24,1
ISW-2022-03478,9.35,9.41,0.8355,0,0,6,42,7,0,21,6.9,10.0,0,1,1,0,0,19,0
ISW-2024-03479,6.78,7.11,0.8616,1,1,7,48,8,0,66,5.0,7.8,0,2,1,0,1,25,0
ISW-2025-03480,7.43,7.59,0.7498,0,0,5,21,4,0,28,4.9,8.6,1,3,0,1,1,19,0
ISW-2024-03481,7.97,7.99,0.8782,4,3,6,10,3,1,14,6.9,9.7,0,0,1,0,0,20,1
ISW-2023-03482,9.25,9.09,0.9218,0,0,5,28,5,0,10,7.9,10.0,0,0,0,1,1,26,0
ISW-2020-03483,8.35,7.94,0.8766,2,1,5,33,6,0,30,5.9,9.2,1,0,0,1,1,27,0
ISW-2019-03484,8.45,8.4,0.8708,1,1,7,20,4,0,10,6.8,10.0,0,0,1,0,0,22,0
ISW-2022-03485,10.0,9.8,0.9101,0,0,5,28,5,0,6,6.5,10.0,1,0,1,0,0,22,0
ISW-2019-03486,8.09,8.26,0.9214,1,1,5,27,5,0,24,5.4,10.0,1,2,0,0,0,20,0
ISW-2018-03487,9.25,8.74,0.8102,0,0,5,28,5,0,18,6.6,10.0,1,0,2,0,0,21,0
ISW-2019-03488,7.58,7.63,0.7742,0,0,5,28,5,0,46,5.6,9.2,0,0,0,1,1,25,0
ISW-2024-03489,7.41,7.41,0.6744,0,0,5,0,1,0,0,5.1,8.1,1,1,1,0,1,29,0
ISW-2019-03490,7.61,7.75,0.9238,0,0,6,14,3,0,10,6.4,9.4,1,3,0,0,1,21,0
ISW-2019-03491,9.39,9.32,0.9286,0,0,7,21,4,0,5,7.7,10.0,0,0,0,1,0,22,0
ISW-2023-03492,8.31,8.49,0.8706,0,0,5,0,1,0,0,6.8,9.2,1,2,2,0,0,22,0
ISW-2023-03493,8.69,9.14,0.9288,0,0,6,42,7,1,22,7.6,9.6,0,2,0,0,0,25,0
ISW-2020-03494,8.62,9.0,0.809,1,1,5,20,4,0,7,5.8,10.0,1,0,2,1,1,23,0
ISW-2018-03495,8.55,8.17,0.8009,0,0,6,0,1,0,0,5.7,9.0,0,1,0,0,0,26,0
ISW-2025-03496,7.91,7.76,0.8944,1,1,5,34,6,1,26,6.7,8.1,0,0,1,0,0,28,0
ISW-2023-03497,7.45,7.23,0.8366,1,1,6,27,5,1,36,5.6,8.4,0,0,0,0,1,21,1
ISW-2024-03498,9.06,9.16,0.8824,0,0,7,28,5,0,19,6.1,9.8,1,0,1,0,1,25,0
ISW-2023-03499,8.67,8.24,0.9082,1,0,5,6,2,1,5,5.0,8.7,0,0,2,0,0,20,0
ISW-2021-03500,7.63,7.77,0.8084,0,0,5,42,7,1,43,6.0,9.0,0,1,1,1,1,21,0
ISW-2020-03501,9.38,9.3,0.8234,0,0,6,14,3,1,2,8.3,10.0,0,2,0,0,0,27,0
ISW-2023-03502,9.32,9.22,0.8654,0,0,5,21,4,0,19,7.9,10.0,1,0,1,0,1,18,0
ISW-2022-03503,8.85,8.23,0.8067,0,0,5,0,1,0,0,5.4,9.0,0,1,1,0,1,19,0
ISW-2019-03504,8.42,8.69,0.8479,0,0,7,21,4,1,10,5.5,10.0,0,0,0,0,1,20,0
ISW-2023-03505,9.04,8.76,0.8555,2,2,6,26,5,0,25,6.7,10.0,0,0,1,1,0,23,0
ISW-2024-03506,8.82,8.56,0.8809,1,1,5,20,4,1,10,6.9,10.0,0,1,1,1,1,26,0
ISW-2020-03507,9.36,8.83,0.86,1,1,7,13,3,0,5,7.7,10.0,0,0,1,1,0,18,0
ISW-2020-03508,9.99,9.58,0.8429,0,0,6,35,6,1,9,7.7,10.0,0,2,0,0,0,20,0
ISW-2025-03509,9.28,9.59,0.9529,1,0,5,27,5,1,7,8.5,10.0,1,0,0,0,1,23,0
ISW-2021-03510,8.14,7.71,0.9279,1,1,5,6,2,0,6,5.1,8.3,1,2,2,1,0,19,0
ISW-2025-03511,9.46,9.77,0.9187,0,0,7,56,9,0,11,7.5,10.0,0,0,1,1,1,19,0
ISW-2018-03512,7.66,8.09,0.8837,1,1,5,27,5,0,22,5.9,9.8,0,0,0,1,0,23,0
ISW-2025-03513,9.05,9.05,0.8781,1,1,1,62,10,0,38,6.1,9.6,0,2,2,0,0,23,0
ISW-2025-03514,8.52,9.15,0.9987,0,0,6,56,9,1,18,5.9,9.7,1,1,0,0,0,22,0
ISW-2022-03515,7.43,7.44,0.9534,2,2,6,47,8,0,46,5.9,8.7,0,0,0,0,0,21,0
ISW-2019-03516,6.32,6.67,0.6893,4,2,5,24,5,2,47,3.8,7.1,0,2,1,0,1,24,1
ISW-2021-03517,7.97,7.87,0.8363,1,1,7,20,4,1,13,5.4,9.3,1,0,1,0,1,24,0
ISW-2022-03518,8.22,8.39,0.8273,0,0,7,0,1,0,0,6.0,8.8,0,0,2,0,1,25,0
ISW-2023-03519,9.48,10.0,0.9495,0,0,7,14,3,1,3,8.8,10.0,0,0,1,0,1,26,0
ISW-2019-03520,8.65,8.58,0.8854,1,0,5,27,5,1,22,7.8,9.2,0,1,0,0,0,23,0
ISW-2019-03521,7.71,7.65,0.8984,0,0,7,14,3,1,9,5.1,9.1,0,1,0,0,1,22,0
ISW-2025-03522,8.46,8.73,0.9542,0,0,6,42,7,1,24,6.5,9.3,0,2,0,0,0,23,0
ISW-2024-03523,8.83,8.94,0.8689,0,0,5,0,1,0,0,6.9,9.4,1,1,2,0,0,20,0
ISW-2025-03524,9.27,9.52,0.8254,1,0,6,6,2,0,5,8.0,9.8,0,0,0,0,0,25,0
ISW-2023-03525,5.88,6.15,0.7944,6,4,5,8,3,1,30,4.7,7.6,0,0,0,1,0,27,1
ISW-2025-03526,10.0,9.88,0.8157,0,0,5,14,3,1,1,8.3,10.0,1,0,0,0,1,20,0
ISW-2021-03527,7.69,7.61,0.7926,0,0,7,0,1,0,0,6.1,8.0,1,1,0,1,0,20,0
ISW-2021-03528,8.66,7.98,0.9415,0,0,5,0,1,0,0,6.9,8.5,0,0,0,0,0,23,0
ISW-2025-03529,8.42,8.5,0.87,2,1,6,33,6,1,28,6.2,9.7,1,1,1,0,0,22,0
ISW-2022-03530,7.11,7.0,0.6939,3,2,5,11,3,0,32,5.8,7.4,0,1,0,0,0,20,0
ISW-2019-03531,7.02,7.13,0.6492,0,0,7,0,1,0,0,5.0,8.9,0,2,2,1,1,28,0
ISW-2025-03532,6.57,6.74,0.883,0,0,6,0,1,0,0,3.8,7.6,0,0,2,1,0,28,0
ISW-2020-03533,9.11,8.75,0.9454,0,0,5,14,3,1,9,7.9,9.3,0,0,0,0,0,19,1
ISW-2018-03534,8.6,8.33,0.8325,0,0,6,0,1,0,0,5.0,9.4,1,3,2,1,1,24,0
ISW-2025-03535,8.45,8.59,0.8543,0,0,6,28,5,1,16,7.7,9.6,1,1,0,1,1,25,0
ISW-2018-03536,9.05,8.9,0.8095,0,0,5,35,6,1,12,7.8,10.0,0,1,0,1,0,24,0
ISW-2025-03537,7.62,8.08,0.6833,3,3,7,4,2,1,13,5.1,8.9,0,1,0,0,0,20,1
ISW-2025-03538,5.96,6.1,0.7413,5,4,7,16,4,2,36,4.7,7.3,1,3,2,0,1,25,1
ISW-2018-03539,7.72,7.55,0.818,0,0,6,0,1,0,0,5.4,9.1,0,0,1,1,0,25,0
ISW-2019-03540,8.4,8.05,0.9028,0,0,6,7,2,1,4,5.4,9.3,0,3,0,1,0,19,0
ISW-2023-03541,6.99,6.53,0.8815,4,3,7,38,7,1,77,3.4,7.1,0,0,1,1,0,20,1
ISW-2020-03542,6.82,7.14,0.7646,2,1,7,12,3,0,24,3.9,7.5,0,3,1,0,0,22,1
ISW-2025-03543,8.93,8.89,0.9243,1,1,6,41,7,0,21,6.0,9.8,0,0,1,1,1,24,0
ISW-2019-03544,7.55,7.37,0.7874,1,1,5,6,2,0,13,4.5,8.0,1,0,0,1,1,20,0
ISW-2022-03545,7.3,7.42,0.7478,0,0,7,7,2,1,12,6.4,8.6,0,0,2,1,0,19,0
ISW-2021-03546,8.49,8.56,0.7519,0,0,6,14,3,1,15,6.8,10.0,0,2,1,1,1,20,0
ISW-2025-03547,6.29,6.68,0.8682,1,1,7,13,3,1,25,5.6,7.1,1,3,0,0,1,27,0
ISW-2021-03548,8.36,8.57,0.8376,1,1,1,62,10,1,27,5.1,9.3,0,0,2,1,1,20,0
ISW-2022-03549,8.85,9.06,0.877,0,0,7,0,1,0,0,7.9,10.0,1,0,0,0,1,20,0
ISW-2021-03550,7.91,7.96,0.7523,3,1,5,39,7,0,58,6.7,9.4,0,0,1,0,1,21,1
ISW-2022-03551,8.58,8.81,0.9444,0,0,5,42,7,1,28,7.4,10.0,0,0,1,0,0,20,0
ISW-2018-03552,8.56,8.48,0.9043,2,1,6,19,4,0,9,6.3,9.1,0,2,0,1,0,27,0
ISW-2021-03553,6.65,7.06,0.8388,1,1,6,6,2,1,8,6.2,8.3,1,0,0,0,1,27,0
ISW-2022-03554,8.77,8.89,0.8734,0,0,5,14,3,0,8,5.5,10.0,1,3,1,0,1,19,0
ISW-2023-03555,8.74,9.03,0.8172,1,1,6,6,2,1,3,7.4,10.0,1,3,2,0,0,19,0
ISW-2018-03556,9.3,8.86,0.9427,0,0,5,35,6,0,28,5.9,9.3,0,0,2,1,0,17,0
ISW-2020-03557,8.5,8.79,0.8839,4,2,5,10,3,1,6,7.6,10.0,0,1,1,1,1,21,0
ISW-2023-03558,8.63,9.0,0.8212,1,1,6,48,8,0,31,7.0,9.5,1,3,0,0,0,24,0
ISW-2023-03559,8.25,8.54,0.8979,1,1,6,20,4,0,21,7.6,9.3,0,2,0,0,1,24,1
ISW-2019-03560,8.41,8.57,0.7398,3,2,7,11,3,1,14,6.8,10.0,1,1,1,0,1,28,0
ISW-2019-03561,8.03,7.97,0.86,0,0,5,28,5,0,20,6.4,9.1,0,0,0,0,0,27,0
ISW-2019-03562,8.85,9.01,0.8843,0,0,5,14,3,1,5,6.0,9.4,0,0,1,1,1,22,0
ISW-2022-03563,8.85,8.32,0.8907,0,0,5,42,7,1,27,5.4,8.9,1,2,0,0,1,21,0
ISW-2025-03564,8.48,8.31,0.9674,0,0,7,0,1,0,0,7.2,9.8,0,0,0,0,0,22,0
ISW-2018-03565,9.42,9.07,0.8871,1,0,7,55,9,1,31,7.5,10.0,0,1,1,1,0,20,0
ISW-2018-03566,8.53,8.18,0.8551,1,1,5,34,6,1,31,6.1,9.2,0,1,1,0,0,20,1
ISW-2021-03567,7.12,7.5,0.9172,1,1,6,41,7,0,49,4.0,8.8,1,0,1,0,1,24,0
ISW-2019-03568,7.06,7.12,0.6851,3,3,6,11,3,0,29,5.5,7.7,0,0,0,0,1,23,1
ISW-2019-03569,8.02,8.24,0.8917,0,0,7,35,6,1,29,5.4,8.7,0,0,2,0,0,21,0
ISW-2022-03570,9.26,9.32,0.796,0,0,5,7,2,0,5,7.6,10.0,1,2,0,0,1,24,0
ISW-2024-03571,7.89,8.07,0.909,0,0,5,28,5,0,26,6.1,9.1,0,0,1,1,1,19,0
ISW-2020-03572,9.89,9.47,0.7753,0,0,7,0,1,0,0,6.3,10.0,1,0,1,1,0,21,0
ISW-2025-03573,9.86,9.35,0.8764,0,0,5,7,2,1,2,8.2,10.0,1,3,0,1,0,21,0
ISW-2025-03574,7.22,7.47,0.8836,2,1,5,12,3,0,16,5.3,8.2,0,1,1,1,1,20,0
ISW-2022-03575,9.79,9.57,0.9488,0,0,5,7,2,0,4,7.6,10.0,1,1,1,0,0,20,0
ISW-2018-03576,7.94,8.04,0.8341,1,1,6,6,2,0,5,6.6,9.6,0,2,0,1,1,22,0
ISW-2024-03577,8.29,8.24,0.9046,0,0,6,35,6,0,20,5.9,9.7,0,0,1,0,1,23,0
ISW-2020-03578,8.53,8.51,0.914,1,0,5,6,2,1,3,7.6,9.3,0,3,0,0,1,23,0
ISW-2020-03579,7.62,7.51,0.7435,1,0,5,27,5,0,45,4.6,8.2,0,2,2,0,0,25,1
ISW-2024-03580,8.74,8.81,0.9191,0,0,7,0,1,0,0,7.2,9.6,0,0,0,0,0,20,0
ISW-2023-03581,8.66,8.59,0.9142,0,0,6,28,5,0,18,5.5,9.8,0,0,0,0,1,25,0
ISW-2020-03582,9.5,9.6,0.9244,1,1,5,34,6,1,8,8.3,10.0,0,0,1,0,0,23,0
ISW-2021-03583,7.71,7.45,0.8588,3,2,7,11,3,0,12,4.6,9.0,0,1,0,0,0,20,0
ISW-2018-03584,7.35,7.62,0.8684,1,1,6,27,5,1,25,5.3,8.7,0,1,2,0,0,25,0
ISW-2022-03585,9.13,9.12,0.9043,1,1,5,48,8,0,23,6.7,10.0,1,1,0,0,1,26,0
ISW-2022-03586,6.62,6.06,0.87,4,3,7,31,6,2,73,4.6,7.7,0,3,0,0,0,21,0
ISW-2024-03587,8.35,7.6,0.9627,3,3,6,4,2,1,9,4.4,8.4,0,1,0,0,1,24,0
ISW-2024-03588,7.79,7.9,0.835,1,1,6,13,3,0,11,5.3,9.3,0,2,0,0,0,25,0
ISW-2021-03589,7.15,7.51,0.6365,8,7,7,27,6,1,59,5.5,8.1,0,1,0,0,1,25,1
ISW-2022-03590,9.12,9.44,0.8332,0,0,7,7,2,0,1,8.2,10.0,0,1,0,0,1,26,0
ISW-2021-03591,8.49,8.24,0.794,3,2,5,32,6,0,51,7.2,9.3,0,0,0,0,0,25,1
ISW-2021-03592,7.28,7.31,0.8035,5,5,6,2,2,2,5,4.4,8.2,0,1,0,1,1,23,1
ISW-2023-03593,6.36,6.14,0.6036,3,2,6,32,6,0,62,2.8,6.9,1,1,0,0,1,28,0
ISW-2019-03594,9.04,9.04,0.8607,0,0,6,0,1,0,0,6.5,10.0,0,0,0,0,1,27,1
ISW-2025-03595,7.71,7.64,0.9067,0,0,6,0,1,0,0,4.7,8.9,0,2,0,1,0,26,0
ISW-2022-03596,8.66,8.32,0.95,1,0,1,62,10,0,37,6.3,9.2,1,1,0,0,1,23,0
ISW-2021-03597,8.95,8.94,0.9331,0,0,6,42,7,0,26,7.6,10.0,0,0,0,0,0,28,0
ISW-2019-03598,8.66,8.91,0.8478,1,1,5,41,7,1,19,5.4,10.0,0,2,0,0,0,19,0
ISW-2024-03599,7.67,7.37,0.8252,1,0,7,55,9,1,63,6.5,7.7,0,0,0,1,0,20,0
ISW-2020-03600,8.7,8.4,0.8371,1,1,5,13,3,0,10,6.0,9.5,0,1,0,0,0,21,0
ISW-2024-03601,7.05,7.53,0.6347,2,1,7,5,2,0,10,4.8,9.2,0,1,2,1,0,19,1
ISW-2021-03602,8.33,8.39,0.8286,0,0,7,0,1,0,0,5.8,9.1,0,0,0,1,1,21,0
ISW-2024-03603,8.23,8.24,0.8197,2,2,7,12,3,0,12,6.6,9.3,0,0,0,0,1,23,1
ISW-2020-03604,8.88,8.57,1.0,2,1,6,5,2,1,3,6.0,9.5,1,0,1,0,0,18,0
ISW-2025-03605,9.93,9.71,0.9382,0,0,5,49,8,1,12,6.5,10.0,0,0,0,0,0,21,0
ISW-2019-03606,8.64,8.94,0.912,0,0,5,0,1,0,0,5.7,10.0,0,1,0,0,1,29,0
ISW-2023-03607,7.8,8.12,0.8306,0,0,5,0,1,0,0,6.2,9.9,0,0,1,0,0,21,0
ISW-2025-03608,9.19,9.12,0.8752,1,1,7,6,2,0,3,7.2,10.0,1,3,1,0,1,23,0
ISW-2018-03609,8.34,8.17,0.8056,0,0,7,0,1,0,0,7.1,8.9,0,0,2,1,0,28,0
ISW-2023-03610,8.07,8.32,0.7771,6,3,6,1,2,1,6,5.3,9.4,0,0,2,1,1,23,1
ISW-2022-03611,9.14,9.31,0.9065,0,0,6,21,4,0,8,6.0,10.0,0,3,1,1,0,19,0
ISW-2024-03612,8.11,7.54,0.8507,3,1,7,4,2,1,11,5.7,8.0,1,1,1,0,1,27,0
ISW-2021-03613,9.49,9.49,0.8693,0,0,6,21,4,0,4,7.4,10.0,0,1,0,1,0,23,0
ISW-2020-03614,8.83,9.08,0.9085,0,0,6,42,7,1,11,7.6,10.0,0,1,2,1,0,19,0
ISW-2024-03615,9.42,8.95,0.7734,3,2,6,18,4,1,21,6.3,9.6,0,2,1,1,1,22,1
ISW-2022-03616,7.98,8.36,0.8401,1,1,7,27,5,0,19,7.3,9.2,0,0,0,1,1,19,0
ISW-2020-03617,8.82,9.06,0.9089,2,1,5,5,2,0,3,6.3,10.0,0,0,0,0,0,18,0
ISW-2019-03618,9.14,9.22,0.8449,0,0,7,0,1,0,0,6.4,10.0,0,3,1,1,0,23,0
ISW-2022-03619,9.65,9.52,0.7865,2,1,6,5,2,1,8,7.8,10.0,0,0,0,0,1,20,0
ISW-2018-03620,8.37,8.5,0.8096,1,0,7,55,9,0,46,7.4,10.0,1,1,2,1,0,27,0
ISW-2022-03621,7.91,7.79,0.9187,1,1,6,20,4,1,18,4.9,9.1,1,1,0,0,1,22,0
ISW-2021-03622,9.08,9.65,0.7893,0,0,6,7,2,0,7,6.4,10.0,0,1,2,0,0,21,0
ISW-2020-03623,8.09,7.78,0.7596,3,2,7,11,3,1,21,4.3,9.5,0,2,0,0,0,26,1
ISW-2024-03624,8.01,7.72,0.8062,0,0,6,35,6,1,37,4.4,8.6,0,3,1,0,0,19,1
ISW-2021-03625,6.47,7.52,0.8775,1,1,7,20,4,0,19,4.3,8.0,0,0,0,0,0,21,1
ISW-2018-03626,8.04,8.49,0.8929,0,0,6,21,4,0,15,6.4,9.8,0,1,0,1,0,24,0
ISW-2021-03627,8.61,8.79,0.7962,3,2,5,39,7,1,50,6.3,9.4,0,1,0,0,0,24,0
ISW-2022-03628,8.25,8.57,0.9028,1,1,7,27,5,0,17,7.1,10.0,1,0,0,0,1,27,0
ISW-2019-03629,7.81,8.03,0.9,3,3,6,18,4,1,18,6.0,8.7,0,2,0,0,0,26,0
ISW-2019-03630,5.55,5.34,0.7603,0,0,5,0,1,0,0,2.4,6.6,1,1,2,0,1,20,0
ISW-2024-03631,8.7,8.77,0.8582,0,0,6,0,1,0,0,7.9,9.1,0,0,0,0,0,20,0
ISW-2019-03632,7.15,7.45,0.9021,2,2,5,54,9,0,48,5.9,8.4,0,2,1,1,1,21,1
ISW-2021-03633,9.72,9.7,0.8771,0,0,7,21,4,1,5,6.7,10.0,0,3,1,1,0,33,0
ISW-2021-03634,7.58,7.72,0.9299,0,0,7,14,3,0,17,4.4,9.1,0,0,0,0,1,20,0
ISW-2024-03635,7.98,7.97,0.8883,2,2,5,19,4,0,19,4.7,9.5,0,2,2,0,1,19,0
ISW-2019-03636,6.95,6.6,0.8596,0,0,5,0,1,0,0,5.4,8.3,0,0,1,1,1,26,0
ISW-2019-03637,7.3,7.82,0.7872,3,3,5,32,6,1,55,5.5,8.6,0,0,1,0,1,24,1
ISW-2022-03638,8.28,8.21,0.8591,0,0,5,0,1,0,0,6.4,8.9,0,0,2,1,0,20,0
ISW-2018-03639,8.42,9.26,0.8586,2,1,7,33,6,1,14,6.9,10.0,0,2,1,0,0,18,0
ISW-2023-03640,8.29,8.5,0.8593,0,0,5,14,3,0,11,7.3,9.3,0,0,2,1,0,21,0
ISW-2025-03641,8.44,8.29,0.9339,0,0,6,7,2,1,4,5.2,9.3,0,0,0,0,1,22,0
ISW-2021-03642,7.89,7.68,0.8445,0,0,5,0,1,0,0,6.1,8.6,1,1,0,1,0,30,0
ISW-2024-03643,7.24,7.42,0.777,3,2,6,32,6,0,64,5.6,8.3,0,0,1,1,1,22,1
ISW-2024-03644,7.61,7.61,0.8166,0,0,5,0,1,0,0,4.2,8.0,0,0,0,0,1,20,0
ISW-2018-03645,8.01,8.13,0.9429,0,0,7,0,1,0,0,5.4,9.3,0,0,1,0,0,22,0
ISW-2025-03646,7.49,7.62,0.8479,2,1,6,26,5,0,29,5.5,8.5,0,2,0,0,0,21,0
ISW-2023-03647,8.54,8.72,0.7506,1,1,5,6,2,0,10,7.0,10.0,0,1,0,0,0,25,1
ISW-2021-03648,8.55,8.3,0.7571,1,1,6,6,2,1,8,7.1,9.9,0,2,2,1,0,24,0
ISW-2018-03649,8.77,9.26,0.8541,0,0,6,7,2,1,1,8.4,10.0,0,0,0,0,0,21,0
ISW-2018-03650,9.08,8.98,0.9528,1,1,5,41,7,0,25,7.6,10.0,0,1,0,0,0,20,0
ISW-2019-03651,7.94,8.5,0.8548,0,0,6,7,2,0,5,7.6,8.9,0,2,1,0,1,24,0
ISW-2024-03652,9.39,9.3,0.975,0,0,7,0,1,0,0,8.1,10.0,1,0,1,0,1,19,0
ISW-2020-03653,7.72,7.71,0.7759,3,2,6,4,2,0,10,5.7,8.9,1,0,2,1,0,20,0
ISW-2019-03654,8.16,8.21,0.6871,0,0,6,0,1,0,0,5.9,9.0,0,0,0,0,0,18,0
ISW-2023-03655,7.14,6.31,0.7427,2,1,6,5,2,1,15,3.5,7.0,0,0,2,1,1,24,1
ISW-2022-03656,8.02,7.73,0.8887,0,0,7,0,1,0,0,4.7,8.3,0,0,1,0,0,24,0
ISW-2024-03657,6.35,5.75,0.7349,0,0,6,0,1,0,0,4.5,7.1,0,3,2,1,1,23,0
ISW-2025-03658,9.44,9.6,0.9381,0,0,6,14,3,1,7,6.9,10.0,0,1,0,0,0,23,0
ISW-2023-03659,7.67,8.44,0.9068,1,1,5,41,7,1,24,6.4,9.2,0,1,0,0,1,21,0
ISW-2020-03660,6.77,6.95,0.9248,0,0,5,0,1,0,0,4.9,8.4,0,0,0,0,1,22,0
ISW-2018-03661,7.88,7.79,0.8445,0,0,7,0,1,0,0,4.4,8.2,0,1,1,1,1,19,0
ISW-2021-03662,8.44,8.54,0.8938,0,0,5,42,7,1,23,6.7,9.3,0,1,0,1,1,28,1
ISW-2025-03663,8.19,7.84,0.8575,0,0,6,42,7,1,43,5.9,8.6,1,3,0,1,1,22,0
ISW-2025-03664,9.0,8.82,0.6494,2,1,6,26,5,1,33,7.8,9.3,1,0,1,0,0,30,1
ISW-2025-03665,7.55,7.46,0.8326,3,2,6,4,2,0,12,4.9,9.2,0,2,0,0,1,22,1
ISW-2021-03666,7.9,7.82,0.8306,2,1,7,12,3,1,16,5.3,9.0,0,0,0,0,1,21,0
ISW-2019-03667,6.2,6.33,0.8611,0,0,5,0,1,0,0,4.5,8.1,0,1,0,1,0,21,0
ISW-2025-03668,7.92,8.11,0.7521,0,0,7,0,1,0,0,5.1,9.7,0,3,2,1,1,18,0
ISW-2025-03669,5.78,6.27,0.8754,2,1,6,5,2,0,14,3.7,7.0,0,1,1,0,0,18,0
ISW-2018-03670,8.86,8.71,0.8794,1,1,5,20,4,1,16,6.8,9.8,1,1,1,0,0,22,0
ISW-2021-03671,5.7,5.91,0.7908,4,3,6,3,2,1,13,3.1,7.0,0,2,2,0,0,23,0
ISW-2025-03672,8.73,8.12,0.8535,1,1,5,20,4,0,17,5.2,8.9,0,3,1,0,0,24,0
ISW-2025-03673,6.19,6.67,0.9355,3,2,6,4,2,0,16,5.3,8.2,1,0,0,1,0,23,0
ISW-2019-03674,5.46,6.07,0.8213,2,2,5,5,2,0,14,2.8,6.5,0,0,1,1,1,27,1
ISW-2021-03675,7.72,7.31,0.7725,1,1,6,34,6,0,61,5.8,7.8,0,1,2,0,0,22,1
ISW-2022-03676,9.27,9.07,0.7261,2,1,5,40,7,1,42,7.1,10.0,1,3,0,1,1,22,1
ISW-2020-03677,9.54,9.75,0.8813,0,0,5,7,2,0,0,6.8,10.0,1,1,1,1,1,23,0
ISW-2019-03678,8.43,8.68,0.9524,4,2,5,17,4,1,6,7.0,9.0,0,0,0,0,0,24,0
ISW-2019-03679,5.33,5.71,0.7719,6,3,7,1,2,1,15,2.5,7.2,1,1,2,0,1,27,0
ISW-2024-03680,6.51,6.33,0.705,0,0,5,0,1,0,0,3.2,8.0,0,0,1,0,0,19,0
ISW-2023-03681,7.4,7.42,0.711,3,3,7,25,5,1,55,5.7,8.2,0,0,2,1,1,19,1
ISW-2024-03682,7.4,7.22,0.7483,0,0,5,0,1,0,0,6.2,8.4,0,0,1,0,0,19,0
ISW-2019-03683,8.61,8.59,0.9683,1,1,7,13,3,1,10,7.2,9.3,1,0,0,0,0,24,0
ISW-2023-03684,9.33,9.56,0.9313,0,0,6,14,3,0,4,7.9,10.0,1,1,0,0,0,20,0
ISW-2018-03685,6.97,7.23,0.7718,0,0,7,0,1,0,0,4.8,9.0,0,0,2,1,1,23,0
ISW-2023-03686,9.02,9.0,0.8189,0,0,5,0,1,0,0,6.8,9.5,0,0,0,0,0,20,0
ISW-2020-03687,7.74,8.1,0.9537,0,0,7,7,2,1,6,5.7,9.6,1,1,0,1,0,26,0
ISW-2018-03688,9.16,8.87,0.7755,1,1,5,55,9,1,66,6.8,10.0,0,0,1,0,1,25,1
ISW-2020-03689,7.6,7.89,0.8099,4,3,6,17,4,2,19,6.2,9.3,0,0,0,1,0,23,1
ISW-2025-03690,9.93,9.71,0.893,0,0,6,7,2,1,2,6.6,10.0,1,0,0,0,1,24,0
ISW-2020-03691,7.05,7.08,0.8144,0,0,6,0,1,0,0,5.5,7.7,0,0,0,0,1,21,0
ISW-2021-03692,9.59,9.5,0.843,4,3,6,17,4,1,9,7.2,9.8,0,1,0,1,0,26,0
ISW-2024-03693,8.01,7.99,0.8224,0,0,7,0,1,0,0,5.2,9.2,0,0,1,0,0,24,0
ISW-2022-03694,9.28,9.56,0.9819,0,0,5,14,3,0,2,6.5,10.0,0,0,0,0,0,26,0
ISW-2021-03695,9.1,9.11,0.8933,1,0,5,27,5,1,14,6.9,9.5,1,0,0,1,1,19,0
ISW-2021-03696,8.24,8.51,0.8919,0,0,7,14,3,1,14,6.3,9.1,0,0,2,0,1,21,1
ISW-2019-03697,7.76,7.51,0.8347,0,0,7,7,2,0,9,6.3,9.2,0,0,0,0,0,20,0
ISW-2023-03698,6.03,6.1,0.8156,0,0,7,0,1,0,0,4.0,7.6,0,0,1,1,1,20,0
ISW-2022-03699,8.61,8.57,0.8828,0,0,6,0,1,0,0,7.2,9.3,0,0,0,1,0,18,0
ISW-2019-03700,8.19,7.89,0.9453,1,1,6,13,3,0,11,5.3,9.0,0,0,0,0,0,25,0
ISW-2021-03701,8.92,8.78,0.8261,1,1,7,41,7,0,12,7.2,9.6,0,2,1,0,0,19,0
ISW-2021-03702,7.66,7.8,0.844,2,1,5,5,2,1,10,6.7,9.6,0,0,1,0,1,21,0
ISW-2018-03703,9.04,9.19,0.9276,0,0,7,21,4,1,10,5.8,9.9,0,0,2,0,0,24,0
ISW-2023-03704,9.39,8.95,0.8232,1,0,7,27,5,0,13,5.9,9.8,0,1,0,0,1,23,0
ISW-2025-03705,7.36,7.1,0.9368,0,0,7,0,1,0,0,3.8,8.1,0,0,0,0,0,22,0
ISW-2022-03706,8.12,7.37,0.8382,0,0,7,0,1,0,0,6.1,8.7,0,2,0,1,1,20,0
ISW-2022-03707,9.4,9.22,0.9081,1,1,5,6,2,0,5,8.2,10.0,0,0,0,0,1,21,0
ISW-2021-03708,9.5,9.16,0.8579,0,0,5,28,5,1,5,6.0,10.0,0,1,0,0,0,26,0
ISW-2021-03709,7.17,7.39,0.8988,0,0,5,14,3,1,19,4.4,9.1,0,3,2,1,0,21,0
ISW-2024-03710,8.46,8.31,0.8882,2,1,6,26,5,1,19,6.8,9.2,0,0,1,1,1,21,0
ISW-2021-03711,9.2,9.29,0.7018,1,0,7,41,7,0,43,6.2,10.0,1,0,0,1,0,23,0
ISW-2020-03712,7.39,7.97,0.9487,1,0,7,27,5,1,36,5.5,8.3,0,1,0,0,0,21,0
ISW-2019-03713,6.57,6.95,0.9063,1,0,1,62,10,0,88,6.0,7.7,1,3,0,0,1,21,0
ISW-2023-03714,9.56,9.4,0.8352,1,1,6,27,5,1,10,6.8,10.0,1,0,0,1,0,20,0
ISW-2020-03715,7.6,7.19,0.8768,2,2,5,40,7,0,64,4.1,8.8,0,1,1,0,1,20,0
ISW-2025-03716,8.86,8.86,0.7929,2,2,7,33,6,1,45,6.1,9.2,0,0,2,0,0,23,1
ISW-2020-03717,9.81,9.25,0.9358,0,0,7,28,5,0,8,8.0,10.0,0,1,0,0,0,26,0
ISW-2023-03718,9.01,8.97,0.9029,0,0,5,35,6,0,14,6.1,10.0,0,0,0,1,1,22,0
ISW-2025-03719,8.93,9.18,0.8088,0,0,6,49,8,1,34,7.1,10.0,0,1,0,0,1,23,0
ISW-2019-03720,9.0,9.2,0.9765,0,0,6,14,3,1,5,7.4,10.0,0,0,0,0,0,21,0
ISW-2025-03721,8.75,8.28,0.8669,0,0,7,21,4,0,25,5.6,9.8,1,1,2,0,0,24,0
ISW-2018-03722,10.0,10.0,0.9469,0,0,6,14,3,1,2,7.5,10.0,0,0,1,1,0,25,0
ISW-2021-03723,6.87,6.88,0.8174,2,2,7,40,7,0,63,3.5,8.1,1,1,2,0,0,22,1
ISW-2018-03724,8.14,8.17,0.8099,0,0,5,14,3,1,11,4.8,8.7,1,1,2,0,1,21,0
ISW-2022-03725,8.84,8.33,0.8867,0,0,5,35,6,1,27,7.3,9.6,0,2,0,1,0,23,0
ISW-2019-03726,6.74,6.65,0.8735,2,2,5,33,6,1,59,4.2,7.4,1,3,1,0,1,20,0
ISW-2018-03727,8.6,8.74,0.9102,0,0,7,56,9,1,22,5.8,10.0,1,1,1,0,0,21,0
ISW-2019-03728,7.64,7.88,0.8075,0,0,6,7,2,1,7,4.8,8.9,0,1,0,0,0,19,0
ISW-2023-03729,7.08,7.12,0.8053,1,1,6,27,5,1,30,4.7,8.0,0,0,0,0,1,19,1
ISW-2025-03730,7.34,7.48,0.7493,2,1,5,26,5,1,43,5.7,8.6,0,3,1,0,1,22,1
ISW-2020-03731,8.1,7.91,0.8586,1,0,6,48,8,1,42,5.6,8.6,0,1,2,0,0,20,0
ISW-2020-03732,7.73,8.19,0.7962,3,2,7,39,7,0,60,7.3,9.1,0,0,0,0,0,19,1
ISW-2023-03733,7.13,7.26,0.9139,3,2,5,18,4,1,14,5.7,7.8,0,0,2,1,0,23,0
ISW-2024-03734,7.43,7.8,0.7715,1,1,6,20,4,0,34,5.0,8.5,0,2,2,0,0,20,0
ISW-2021-03735,6.62,6.91,0.8848,0,0,6,0,1,0,0,5.4,8.4,1,2,2,0,1,21,0
ISW-2024-03736,7.48,7.05,0.7956,3,3,6,53,9,0,105,4.5,8.6,0,2,0,1,0,19,1
ISW-2019-03737,9.13,9.23,0.8748,1,1,7,6,2,0,5,7.9,9.6,0,1,0,1,0,23,0
ISW-2022-03738,7.74,8.03,0.8696,1,1,6,27,5,1,20,6.7,9.5,0,0,1,0,0,23,0
ISW-2024-03739,8.67,9.16,0.8197,0,0,5,35,6,1,25,7.7,9.9,1,3,0,0,1,24,0
ISW-2022-03740,8.84,8.77,0.8793,1,1,6,13,3,0,9,7.1,9.4,0,1,0,0,0,19,0
ISW-2021-03741,8.06,8.2,0.6291,0,0,7,0,1,0,0,6.0,9.0,0,1,1,1,1,22,0
ISW-2022-03742,8.73,8.38,0.9035,0,0,5,0,1,0,0,6.3,9.7,0,1,0,1,0,26,0
ISW-2023-03743,9.29,8.96,0.9872,0,0,5,42,7,1,21,6.3,10.0,0,1,0,0,0,21,0
ISW-2020-03744,8.23,8.17,0.8463,0,0,5,14,3,1,10,4.7,8.7,1,1,2,0,0,23,0
ISW-2019-03745,8.04,8.24,0.7177,0,0,5,0,1,0,0,4.8,9.5,0,1,0,0,1,20,0
ISW-2022-03746,6.53,6.29,0.9271,0,0,5,28,5,0,55,3.8,7.6,0,2,2,1,0,22,0
ISW-2025-03747,8.18,8.17,0.7863,4,4,6,3,2,1,11,7.1,9.3,0,2,0,0,1,19,0
ISW-2024-03748,10.0,10.0,0.9834,1,1,5,41,7,0,23,6.6,10.0,1,0,0,0,0,23,0
ISW-2023-03749,9.38,9.37,0.9342,2,1,5,5,2,0,1,6.1,10.0,1,0,0,0,1,19,0
ISW-2018-03750,6.8,6.88,0.7644,0,0,7,0,1,0,0,4.5,7.9,0,1,0,1,0,28,0
ISW-2023-03751,7.58,7.93,0.9331,0,0,5,0,1,0,0,4.5,8.9,1,1,0,1,0,19,0
ISW-2021-03752,6.17,5.92,0.7588,3,3,7,11,3,0,29,3.8,6.9,0,1,2,0,1,23,1
ISW-2025-03753,9.01,8.77,0.9289,1,0,6,13,3,0,7,7.0,10.0,1,2,2,1,0,24,0
ISW-2024-03754,10.0,9.92,0.9567,1,1,5,27,5,0,7,6.9,10.0,1,0,0,0,0,17,0
ISW-2018-03755,7.02,7.47,0.9584,2,2,7,12,3,0,13,6.2,9.0,0,0,0,1,1,27,1
ISW-2022-03756,7.81,7.52,0.8364,1,1,5,6,2,1,8,4.1,8.3,0,2,1,1,1,23,0
ISW-2021-03757,7.34,7.38,0.8426,1,0,7,6,2,1,6,4.5,7.7,0,3,0,0,1,23,0
ISW-2025-03758,9.68,9.64,0.8059,0,0,6,7,2,1,0,8.1,10.0,0,0,0,0,0,22,0
ISW-2024-03759,8.37,8.33,0.9626,0,0,7,49,8,1,38,6.5,8.9,0,0,0,0,1,24,0
ISW-2025-03760,9.4,9.51,0.8616,0,0,7,0,1,0,0,6.7,10.0,0,0,0,1,1,22,0
ISW-2025-03761,8.86,8.34,0.7372,0,0,1,63,10,0,79,5.7,9.2,0,1,0,0,1,20,0
ISW-2025-03762,8.96,9.18,0.8776,1,1,5,6,2,1,1,6.9,9.5,0,1,0,0,1,23,0
ISW-2025-03763,6.79,7.23,0.6187,0,0,7,0,1,0,0,4.2,8.9,0,0,1,0,1,21,0
ISW-2018-03764,6.63,7.0,0.5937,6,6,7,1,2,2,15,6.1,8.7,0,0,0,0,1,19,1
ISW-2025-03765,8.45,8.63,0.8394,0,0,7,0,1,0,0,6.3,10.0,0,1,0,0,0,19,0
ISW-2023-03766,8.45,8.77,0.8578,1,0,5,34,6,0,16,5.6,10.0,0,1,0,1,0,20,0
ISW-2023-03767,8.49,8.24,0.8244,1,1,7,13,3,1,12,7.1,9.6,1,1,0,0,0,19,0
ISW-2024-03768,8.36,8.82,0.8452,2,2,7,5,2,1,8,6.5,9.2,1,0,2,0,0,19,0
ISW-2024-03769,7.8,8.46,0.75,4,1,6,17,4,2,24,5.0,9.7,0,0,1,0,1,22,1
ISW-2018-03770,9.11,9.0,0.8813,0,0,7,21,4,0,3,7.6,10.0,0,0,2,1,0,23,0
ISW-2024-03771,7.47,7.37,0.7952,2,2,7,47,8,0,87,5.8,8.4,0,3,0,0,0,25,0
ISW-2025-03772,6.03,6.19,0.8109,4,1,6,52,9,1,108,5.3,7.3,1,0,0,0,1,24,0
ISW-2024-03773,8.77,8.81,0.817,0,0,6,28,5,0,7,5.8,9.4,0,1,0,0,1,22,0
ISW-2022-03774,9.62,10.0,0.9823,0,0,5,35,6,1,8,8.9,10.0,1,1,0,0,0,28,0
ISW-2024-03775,8.22,8.35,0.9251,1,1,6,34,6,0,24,5.1,9.1,0,2,1,0,0,20,0
ISW-2021-03776,7.88,8.0,0.8258,3,2,6,11,3,1,10,6.6,9.0,0,0,0,0,0,23,0
ISW-2022-03777,7.23,7.49,0.8409,1,1,5,27,5,1,36,5.2,8.7,0,0,0,0,0,20,1
ISW-2024-03778,8.84,8.28,0.9116,0,0,5,0,1,0,0,7.4,9.6,1,2,0,0,0,21,0
ISW-2020-03779,9.9,9.68,0.9913,0,0,6,28,5,1,6,7.9,10.0,1,0,0,0,0,24,0
ISW-2019-03780,7.66,7.5,0.9359,0,0,5,56,9,1,51,4.7,8.0,0,1,0,0,1,25,0
ISW-2022-03781,8.61,8.69,0.8496,0,0,7,0,1,0,0,7.1,9.6,0,0,1,1,0,24,0
ISW-2018-03782,5.97,6.0,0.8622,1,1,5,34,6,0,60,2.9,7.1,0,3,2,0,0,21,0
ISW-2021-03783,9.38,9.18,0.8478,0,0,5,49,8,1,29,8.1,10.0,1,1,0,0,1,20,0
ISW-2021-03784,8.27,8.32,0.8695,1,1,6,6,2,0,5,6.7,9.6,0,0,0,1,0,23,0
ISW-2023-03785,8.39,7.98,0.8824,1,1,6,13,3,0,12,4.9,8.8,1,2,0,0,0,24,0
ISW-2025-03786,7.37,7.68,0.8904,1,1,6,48,8,1,47,4.9,9.3,0,1,0,1,0,21,0
ISW-2025-03787,8.01,7.9,0.6919,0,0,7,56,9,1,65,6.9,8.2,0,1,1,0,0,23,0
ISW-2019-03788,8.15,8.17,0.7145,0,0,6,0,1,0,0,6.1,8.5,0,0,0,1,0,20,0
ISW-2019-03789,5.16,5.69,0.7316,3,1,7,4,2,0,9,3.1,7.2,0,0,2,0,0,25,0
ISW-2025-03790,7.11,7.16,0.8528,3,2,6,25,5,0,35,4.2,8.0,1,1,2,0,0,21,1
ISW-2024-03791,9.41,9.54,0.8206,0,0,6,7,2,1,2,7.9,10.0,1,0,0,1,1,23,0
ISW-2022-03792,7.51,7.65,0.7664,2,2,6,5,2,0,14,4.5,8.8,1,2,2,0,1,25,0
ISW-2021-03793,7.56,8.27,0.9637,0,0,6,0,1,0,0,7.2,9.9,0,0,1,0,0,23,0
ISW-2018-03794,6.09,5.85,0.7854,0,0,5,0,1,0,0,4.9,7.1,1,1,2,0,1,24,0
ISW-2024-03795,8.17,8.12,0.7834,1,0,5,20,4,1,24,5.9,9.2,0,0,0,0,0,24,0
ISW-2019-03796,9.26,9.11,0.7689,0,0,7,21,4,0,23,7.3,9.5,0,1,2,1,0,25,0
ISW-2023-03797,7.88,8.07,0.8223,2,1,6,19,4,1,10,5.8,8.6,0,0,0,0,0,24,0
ISW-2018-03798,9.42,9.36,0.8319,1,0,7,34,6,1,15,7.2,10.0,0,0,0,0,0,22,0
ISW-2021-03799,8.02,8.26,0.9073,1,1,7,13,3,0,9,5.3,10.0,0,0,2,0,0,25,0
ISW-2022-03800,7.6,7.9,0.9041,0,0,7,7,2,0,11,5.6,8.3,0,1,0,0,1,22,0
ISW-2020-03801,7.61,8.16,0.9212,0,0,6,0,1,0,0,5.6,8.6,0,0,0,1,0,21,0
ISW-2020-03802,6.59,6.72,0.9188,0,0,5,0,1,0,0,5.5,7.5,0,2,0,0,0,22,0
ISW-2021-03803,8.03,8.44,0.6982,1,1,6,6,2,1,8,5.8,9.1,0,0,0,0,0,26,0
ISW-2023-03804,7.18,7.32,0.8658,0,0,6,0,1,0,0,5.7,8.9,0,1,0,0,1,24,0
ISW-2022-03805,8.55,9.06,0.9682,0,0,5,0,1,0,0,6.6,9.8,1,1,0,0,0,25,0
ISW-2022-03806,6.32,7.0,0.8187,0,0,5,0,1,0,0,3.9,8.6,0,0,0,0,1,24,0
ISW-2023-03807,7.87,8.34,0.7624,2,1,5,19,4,0,26,4.9,9.4,0,0,2,1,0,24,1
ISW-2018-03808,9.24,9.14,0.8327,0,0,6,21,4,1,3,8.3,10.0,1,0,0,0,1,23,0
ISW-2025-03809,9.28,9.42,0.8046,0,0,5,49,8,0,11,6.2,10.0,1,1,2,0,0,23,0
ISW-2023-03810,6.79,6.64,0.8885,3,2,7,32,6,1,64,4.6,8.0,1,3,1,1,0,21,1
ISW-2025-03811,8.18,8.41,0.915,0,0,6,21,4,0,20,7.0,9.9,1,0,1,0,0,28,0
ISW-2020-03812,8.03,8.27,0.905,0,0,6,0,1,0,0,4.9,9.1,1,1,1,1,0,20,0
ISW-2021-03813,9.34,9.21,0.8695,0,0,7,21,4,1,8,7.9,9.8,0,1,2,0,0,21,0
ISW-2022-03814,9.53,9.29,0.8199,0,0,5,0,1,0,0,6.6,10.0,1,1,0,0,0,25,0
ISW-2020-03815,8.61,8.43,0.8411,1,1,6,13,3,1,10,6.3,10.0,1,1,1,0,1,24,0
ISW-2024-03816,7.27,7.11,0.7983,1,1,7,6,2,0,14,4.9,8.4,0,3,2,0,1,21,1
ISW-2019-03817,9.8,9.9,0.897,1,1,6,13,3,0,2,6.7,10.0,1,1,1,1,0,22,0
ISW-2020-03818,8.3,8.01,0.5801,1,1,5,6,2,0,6,4.8,8.6,1,2,0,0,1,23,0
ISW-2025-03819,5.78,5.85,0.5625,6,5,6,22,5,2,51,3.2,6.9,1,0,1,0,1,26,1
ISW-2021-03820,8.05,8.29,0.7718,2,2,6,33,6,1,41,5.8,9.0,1,2,1,1,1,24,1
ISW-2020-03821,8.34,8.42,0.8847,1,1,6,27,5,1,15,6.3,9.3,0,3,0,0,0,26,0
ISW-2022-03822,7.94,8.22,0.9084,0,0,6,21,4,1,12,7.3,9.5,0,3,1,0,0,23,0
ISW-2024-03823,6.45,6.39,0.7673,8,3,7,6,3,2,28,4.2,7.6,0,0,2,0,1,20,1
ISW-2021-03824,8.8,8.17,0.8721,0,0,7,0,1,0,0,5.6,8.5,1,2,0,0,1,21,0
ISW-2019-03825,8.28,8.32,0.7318,2,2,6,26,5,0,28,5.0,8.9,1,0,0,1,1,21,0
ISW-2019-03826,8.1,8.28,0.853,0,0,7,14,3,0,10,5.7,8.7,1,1,0,0,1,22,0
ISW-2019-03827,9.7,9.4,0.8526,1,1,6,6,2,0,1,6.0,10.0,1,0,1,0,1,20,0
ISW-2019-03828,6.32,6.46,0.8492,1,0,5,6,2,0,14,3.3,8.1,1,1,0,0,1,20,0
ISW-2019-03829,6.95,7.24,0.7821,1,1,5,48,8,0,84,4.4,7.7,0,0,1,0,0,22,1
ISW-2025-03830,10.0,9.94,0.9734,0,0,5,21,4,0,5,6.7,10.0,1,0,0,0,0,25,0
ISW-2021-03831,7.29,7.13,0.9373,1,1,7,13,3,0,15,5.4,7.5,0,0,2,0,1,18,0
ISW-2025-03832,7.62,7.66,0.8788,2,2,5,19,4,0,21,6.4,8.3,0,0,1,0,1,30,0
ISW-2021-03833,8.29,8.36,0.8626,1,1,5,13,3,0,11,6.3,10.0,0,0,2,0,0,22,0
ISW-2018-03834,8.48,8.8,0.9393,2,2,5,12,3,1,7,6.4,9.3,0,2,0,0,0,20,0
ISW-2022-03835,8.16,8.12,0.7951,1,1,6,6,2,1,15,7.0,9.7,0,1,0,0,1,17,0
ISW-2023-03836,6.85,7.05,0.8539,2,1,7,12,3,0,18,5.3,8.4,0,2,1,0,0,24,0
ISW-2021-03837,7.72,7.5,0.7886,1,0,6,27,5,1,47,6.2,8.5,0,2,0,0,1,21,0
ISW-2023-03838,8.71,8.51,0.8459,0,0,7,0,1,0,0,7.7,10.0,1,0,0,1,0,21,0
ISW-2021-03839,8.52,8.69,0.873,1,1,7,34,6,1,14,6.4,9.2,0,1,0,0,0,22,0
ISW-2020-03840,6.97,6.86,0.8221,2,2,6,5,2,1,9,5.7,7.8,0,1,0,0,1,22,0
ISW-2022-03841,7.58,7.68,0.7054,3,2,5,25,5,0,37,4.5,8.1,0,0,1,1,1,23,1
ISW-2018-03842,8.11,8.6,0.9355,0,0,5,21,4,1,12,6.1,9.8,0,1,0,0,0,19,0
ISW-2018-03843,7.3,6.99,0.7038,3,2,5,18,4,1,43,5.7,8.5,0,1,0,0,0,28,0
ISW-2022-03844,8.26,8.4,0.8426,2,1,5,19,4,1,15,5.3,10.0,0,1,0,1,0,20,0
ISW-2021-03845,6.85,7.3,0.8204,3,2,7,53,9,0,57,6.1,7.7,1,1,0,0,0,21,1
ISW-2025-03846,8.96,9.47,0.8589,0,0,5,14,3,1,2,6.2,10.0,0,0,0,0,1,22,0
ISW-2020-03847,8.41,8.15,0.8774,0,0,7,28,5,1,26,6.8,9.1,1,2,2,0,0,20,0
ISW-2022-03848,8.58,8.51,0.7,1,1,7,27,5,0,40,7.4,9.0,0,0,2,0,1,19,1
ISW-2021-03849,8.03,8.47,0.7196,3,3,7,4,2,1,7,6.6,10.0,1,2,2,0,1,20,1
ISW-2023-03850,8.42,8.7,0.9519,0,0,7,7,2,0,3,5.5,10.0,1,0,0,0,0,22,0
ISW-2023-03851,9.66,9.9,0.9495,0,0,7,14,3,0,6,8.7,10.0,0,1,0,0,0,19,0
ISW-2019-03852,8.28,8.93,0.908,0,0,5,7,2,1,0,5.6,10.0,0,1,0,0,1,19,0
ISW-2020-03853,7.51,7.27,0.8851,0,0,5,7,2,1,9,6.3,8.1,0,0,1,0,0,23,0
ISW-2022-03854,7.3,7.27,0.8193,1,1,7,6,2,1,7,4.0,8.9,0,0,1,0,1,26,0
ISW-2018-03855,8.48,8.55,0.8289,1,0,5,20,4,1,8,6.8,9.3,0,0,1,0,0,19,0
ISW-2022-03856,8.63,8.76,0.8852,0,0,6,0,1,0,0,6.2,9.7,0,1,0,0,0,24,1
ISW-2020-03857,6.62,6.8,0.8566,3,2,6,32,6,0,47,3.9,7.3,1,3,1,0,0,23,0
ISW-2023-03858,7.96,8.18,0.9171,2,1,7,12,3,1,10,6.4,8.9,1,0,2,0,0,21,0
ISW-2021-03859,9.47,9.18,0.9021,2,2,7,26,5,1,14,7.2,10.0,0,1,0,1,1,24,0
ISW-2019-03860,8.95,8.83,0.9105,0,0,6,0,1,0,0,6.9,9.7,0,2,2,1,1,24,0
ISW-2018-03861,7.77,7.98,0.8958,0,0,5,14,3,1,11,4.5,9.3,0,1,1,0,0,20,0
ISW-2018-03862,8.17,8.08,0.9458,0,0,7,0,1,0,0,6.7,9.5,0,2,0,0,0,21,0
ISW-2021-03863,7.61,8.1,0.8595,1,1,5,27,5,0,22,5.4,9.0,1,0,2,1,0,23,0
ISW-2018-03864,7.59,7.75,0.642,3,2,5,4,2,0,8,5.8,9.1,0,0,2,0,1,22,0
ISW-2023-03865,7.82,7.86,0.9186,1,1,6,48,8,1,46,6.4,9.4,0,0,1,1,1,22,0
ISW-2023-03866,8.62,9.56,0.885,1,0,6,6,2,1,4,7.3,10.0,0,0,0,1,1,26,0
ISW-2018-03867,9.18,8.91,0.8076,0,0,5,21,4,0,14,6.6,9.3,0,1,0,1,1,24,0
ISW-2018-03868,7.29,7.44,0.9162,1,0,5,6,2,0,11,4.4,8.6,0,2,1,0,0,18,0
ISW-2025-03869,8.1,7.88,0.7843,4,2,6,17,4,2,32,5.1,9.6,0,0,0,0,0,18,1
ISW-2018-03870,7.95,8.36,0.8178,0,0,7,14,3,1,8,5.6,10.0,0,3,0,0,0,23,0
ISW-2024-03871,10.0,10.0,0.9311,2,1,7,5,2,1,3,6.7,10.0,0,0,0,0,1,23,0
ISW-2021-03872,8.95,9.17,0.8927,0,0,6,0,1,0,0,6.7,9.7,1,0,0,1,0,30,0
ISW-2024-03873,7.87,7.56,0.8352,0,0,7,0,1,0,0,4.1,8.6,0,2,1,1,1,20,0
ISW-2023-03874,9.46,9.08,0.933,0,0,7,0,1,0,0,7.7,9.9,1,2,0,0,0,20,0
ISW-2024-03875,8.12,8.25,0.9301,1,0,1,62,10,0,70,6.6,8.6,0,1,0,0,0,25,0
ISW-2018-03876,6.26,6.04,0.8354,5,4,5,9,3,1,28,2.6,6.6,0,0,0,1,0,26,1
ISW-2019-03877,8.2,8.59,0.8198,0,0,5,0,1,0,0,5.8,9.7,1,0,0,1,1,21,0
ISW-2025-03878,8.53,8.34,0.9708,1,1,5,55,9,0,28,7.2,9.9,0,0,0,1,0,21,0
ISW-2022-03879,8.12,8.26,0.8553,0,0,7,0,1,0,0,5.8,8.7,0,2,0,0,1,22,0
ISW-2020-03880,7.7,7.82,0.8329,1,1,6,13,3,1,10,6.6,8.4,0,0,0,1,1,22,0
ISW-2024-03881,8.26,8.15,0.7212,2,1,5,26,5,1,37,5.9,9.6,1,1,0,0,0,20,0
ISW-2023-03882,8.12,8.38,0.9373,2,2,5,47,8,0,33,6.9,9.9,1,0,1,0,1,19,0
ISW-2022-03883,9.91,10.0,0.9869,0,0,6,28,5,0,14,8.2,10.0,0,1,0,0,0,25,1
ISW-2018-03884,7.7,7.64,0.7076,0,0,7,14,3,0,21,4.3,8.1,0,0,1,0,1,21,1
ISW-2020-03885,9.29,9.4,0.9468,1,1,5,55,9,1,16,6.5,10.0,0,1,0,1,0,25,0
ISW-2019-03886,5.91,6.4,0.7293,0,0,6,0,1,0,0,3.6,7.0,0,1,1,0,1,19,0
ISW-2024-03887,7.71,7.85,0.8307,1,1,1,62,10,1,66,5.5,8.2,0,3,1,0,0,20,0
ISW-2020-03888,9.63,9.73,0.9059,0,0,7,35,6,0,8,6.6,10.0,0,2,0,0,0,23,0
ISW-2025-03889,7.63,7.21,0.7954,3,2,7,46,8,1,93,6.1,9.0,1,1,1,1,1,22,1
ISW-2021-03890,8.41,8.26,0.8705,1,1,5,6,2,1,4,6.2,9.0,0,0,1,0,0,21,0
ISW-2024-03891,6.79,6.51,0.7174,0,0,6,0,1,0,0,4.8,7.4,1,3,0,0,1,26,0
ISW-2019-03892,8.31,8.74,0.964,1,1,7,20,4,0,10,7.6,9.8,1,2,1,0,0,19,0
ISW-2023-03893,9.1,9.42,0.8186,1,0,7,13,3,1,5,7.2,10.0,1,2,1,0,0,22,0
ISW-2025-03894,8.31,8.47,0.8549,0,0,7,14,3,1,6,5.1,9.3,0,1,0,0,0,23,0
ISW-2024-03895,7.41,7.59,0.7815,1,0,6,48,8,0,81,4.7,9.3,0,0,2,0,1,23,0
ISW-2023-03896,9.62,9.72,0.8938,2,1,7,19,4,1,12,6.5,10.0,0,2,0,0,0,25,0
ISW-2020-03897,8.55,8.48,0.9054,1,1,7,6,2,0,9,5.7,10.0,0,0,1,1,0,21,0
ISW-2018-03898,7.4,6.96,0.8167,1,0,5,13,3,1,20,4.7,8.5,0,0,2,1,0,22,1
ISW-2024-03899,7.61,7.79,0.9355,0,0,5,0,1,0,0,6.0,9.3,0,0,2,0,0,21,0
ISW-2024-03900,7.42,7.47,0.7233,0,0,7,0,1,0,0,5.1,9.3,0,1,1,0,1,25,0
ISW-2018-03901,8.25,7.98,0.8789,0,0,6,0,1,0,0,4.6,9.6,0,0,1,0,1,20,0
ISW-2020-03902,7.72,7.66,0.8373,1,0,5,34,6,0,38,4.9,8.9,1,1,0,0,1,25,0
ISW-2025-03903,9.72,9.93,0.8581,0,0,6,28,5,1,11,6.7,10.0,1,1,0,0,0,20,0
ISW-2023-03904,7.16,7.44,0.8364,0,0,5,14,3,1,18,4.6,8.4,0,1,2,1,0,19,0
ISW-2019-03905,9.17,9.25,0.8088,0,0,5,7,2,0,4,5.8,10.0,1,0,0,1,1,20,0
ISW-2022-03906,9.24,8.9,0.8388,0,0,7,21,4,1,10,7.0,9.3,0,3,2,0,1,24,0
ISW-2019-03907,9.26,9.0,0.8684,0,0,7,35,6,1,15,7.6,10.0,0,0,0,1,0,21,1
ISW-2025-03908,8.63,8.78,0.8264,1,0,7,41,7,1,25,6.9,10.0,1,0,0,1,1,19,0
ISW-2019-03909,9.34,9.39,0.8447,0,0,6,14,3,0,5,6.0,10.0,0,1,0,0,0,20,0
ISW-2018-03910,8.05,7.81,0.9539,1,0,7,34,6,0,23,6.8,8.7,0,0,0,1,0,21,0
ISW-2020-03911,8.11,7.73,0.8413,3,2,7,11,3,1,15,5.6,9.0,0,1,0,1,0,23,1
ISW-2019-03912,9.99,9.4,0.8778,0,0,5,14,3,1,5,6.5,10.0,0,0,0,1,0,22,0
ISW-2018-03913,8.68,8.51,0.8098,0,0,7,42,7,1,32,5.6,10.0,0,2,2,1,0,24,0
ISW-2022-03914,9.3,9.56,0.8336,0,0,5,7,2,1,2,8.3,10.0,0,0,1,0,0,24,0
ISW-2024-03915,8.49,8.63,0.714,3,2,6,4,2,1,5,6.5,9.9,0,3,1,0,0,21,0
ISW-2021-03916,8.07,7.86,0.9437,4,2,6,3,2,2,3,4.8,9.4,0,1,0,1,0,18,0
ISW-2019-03917,7.45,7.08,0.9238,2,1,5,12,3,0,22,4.2,7.7,0,0,0,0,0,21,0
ISW-2025-03918,8.35,9.06,0.9061,1,1,7,13,3,0,7,7.4,10.0,0,1,1,0,0,23,0
ISW-2023-03919,7.94,7.94,0.8666,1,0,5,20,4,1,21,6.5,9.7,1,0,0,0,1,21,0
ISW-2018-03920,10.0,9.88,0.9136,0,0,6,14,3,0,4,7.7,10.0,1,3,0,0,1,20,0
ISW-2022-03921,7.71,7.75,0.7849,0,0,7,0,1,0,0,4.9,9.0,0,2,2,0,0,22,0
ISW-2021-03922,8.66,8.27,0.8961,2,0,6,40,7,1,27,6.0,9.4,1,1,0,1,0,24,0
ISW-2020-03923,8.83,9.18,0.9731,0,0,6,7,2,1,2,8.1,10.0,0,0,2,0,0,24,0
ISW-2022-03924,8.67,9.1,0.9267,1,1,6,48,8,0,23,7.4,10.0,0,3,0,0,0,24,0
ISW-2020-03925,9.76,9.3,0.7701,0,0,6,0,1,0,0,6.2,10.0,0,1,0,0,0,22,0
ISW-2022-03926,8.61,8.28,0.8094,1,1,5,20,4,1,15,5.7,8.6,0,1,0,0,0,21,0
ISW-2019-03927,8.33,8.25,0.8903,1,0,6,13,3,0,9,6.4,9.2,1,0,2,1,0,24,0
ISW-2018-03928,6.69,6.91,0.7566,1,1,7,34,6,0,65,3.5,8.0,1,0,1,1,1,22,0
ISW-2021-03929,7.73,8.05,0.8205,0,0,6,0,1,0,0,6.2,8.7,0,1,1,1,0,26,0
ISW-2022-03930,7.75,7.7,0.8707,0,0,7,42,7,0,38,4.3,9.1,0,1,0,0,0,25,0
ISW-2024-03931,8.87,8.54,0.7801,2,2,6,12,3,1,17,5.4,9.9,0,2,2,1,0,21,1
ISW-2022-03932,8.72,8.73,0.8898,0,0,7,21,4,0,7,6.9,9.8,0,1,1,0,1,24,0
ISW-2021-03933,8.83,8.66,0.8653,1,0,7,13,3,0,7,7.0,10.0,0,1,1,0,1,19,0
ISW-2022-03934,8.11,8.16,0.8047,0,0,6,0,1,0,0,7.2,9.2,1,1,1,1,1,20,0
ISW-2020-03935,8.38,8.68,0.8339,0,0,5,14,3,0,11,5.4,9.4,1,2,1,0,1,24,0
ISW-2025-03936,9.43,9.88,0.953,0,0,5,7,2,1,6,8.0,10.0,1,0,1,0,0,25,0
ISW-2020-03937,8.96,8.7,0.8731,0,0,5,7,2,0,7,6.2,9.4,0,2,0,1,0,20,0
ISW-2025-03938,7.92,7.74,0.7389,1,1,7,20,4,0,38,6.7,9.1,0,0,2,0,1,17,1
ISW-2020-03939,8.44,8.35,0.9065,2,2,6,12,3,0,12,5.1,8.7,0,1,0,1,0,30,0
ISW-2018-03940,9.02,8.84,0.7962,0,0,6,0,1,0,0,7.8,9.7,1,2,2,0,1,20,0
ISW-2020-03941,6.97,7.58,0.8759,0,0,5,0,1,0,0,5.7,8.4,0,2,0,0,0,21,0
ISW-2021-03942,9.29,9.61,0.9602,0,0,6,0,1,0,0,8.5,10.0,0,0,0,1,0,22,0
ISW-2024-03943,7.22,7.11,0.8365,0,0,7,0,1,0,0,4.7,8.6,0,1,0,0,0,23,0
ISW-2019-03944,7.99,7.43,0.8658,4,2,7,17,4,1,22,6.3,9.2,1,0,1,0,0,24,0
ISW-2018-03945,8.05,8.1,0.9086,0,0,6,0,1,0,0,5.6,8.5,1,0,0,0,1,26,0
ISW-2020-03946,6.26,6.43,0.7745,6,4,6,36,7,1,89,5.1,7.0,0,2,2,0,0,25,1
ISW-2024-03947,8.82,9.01,0.7976,0,0,7,0,1,0,0,8.0,10.0,0,2,1,0,0,19,0
ISW-2019-03948,9.39,9.5,0.882,0,0,7,0,1,0,0,8.3,10.0,1,0,0,1,0,18,0
ISW-2020-03949,7.31,7.02,0.9256,1,1,6,41,7,0,59,3.7,7.7,0,3,0,0,1,19,0
ISW-2019-03950,8.49,8.28,0.7276,2,1,7,5,2,1,9,5.6,9.5,0,0,1,0,1,22,1
ISW-2021-03951,5.27,5.58,0.7494,8,5,5,6,3,2,27,2.4,5.9,0,3,2,0,1,23,1
ISW-2022-03952,9.38,9.21,0.9155,2,1,7,54,9,0,32,6.2,9.6,0,2,0,0,0,19,0
ISW-2019-03953,7.64,7.52,0.6911,3,1,6,46,8,1,69,5.7,9.0,0,3,2,0,0,22,1
ISW-2023-03954,8.95,8.41,0.7484,2,1,6,26,5,0,32,6.7,9.9,1,2,0,1,0,23,0
ISW-2019-03955,7.06,7.14,0.7641,0,0,6,0,1,0,0,6.0,8.9,0,3,1,0,0,20,0
ISW-2020-03956,9.22,9.09,0.7741,3,2,7,18,4,0,19,5.9,10.0,0,1,1,0,0,26,1
ISW-2021-03957,7.72,8.16,0.8878,0,0,1,63,10,1,36,5.6,9.5,0,0,0,0,1,24,0
ISW-2019-03958,9.15,8.93,0.8597,0,0,6,49,8,0,33,6.4,10.0,0,0,0,0,0,19,0
ISW-2024-03959,6.06,6.11,0.7642,0,0,5,0,1,0,0,2.8,7.2,0,2,1,0,0,20,0
ISW-2024-03960,8.25,8.07,0.9817,1,1,7,6,2,0,7,6.6,9.7,0,0,0,0,0,26,0
ISW-2021-03961,8.15,8.05,0.8188,0,0,7,7,2,0,7,6.1,9.7,0,3,0,0,0,21,0
ISW-2022-03962,8.41,8.14,0.9344,0,0,6,0,1,0,0,7.0,8.8,0,0,0,0,0,26,0
ISW-2018-03963,8.03,7.96,0.8413,1,1,6,27,5,1,34,5.0,9.5,1,2,1,0,1,27,0
ISW-2024-03964,8.17,7.9,0.9509,1,1,7,6,2,0,9,6.9,8.5,0,1,0,1,1,22,0
ISW-2021-03965,10.0,9.57,0.8603,1,1,6,6,2,0,2,7.8,10.0,0,2,0,0,1,22,0
ISW-2021-03966,8.86,8.47,0.8288,0,0,6,0,1,0,0,6.2,9.5,0,3,2,1,1,18,0
ISW-2025-03967,8.29,8.55,0.7717,1,1,6,13,3,1,14,7.1,9.7,0,0,1,0,0,21,0
ISW-2021-03968,9.28,9.09,0.976,0,0,5,0,1,0,0,7.7,10.0,0,1,0,0,1,20,0
ISW-2018-03969,7.91,7.62,0.9459,0,0,6,14,3,0,10,4.5,8.5,1,0,0,0,1,21,0
ISW-2021-03970,7.4,7.26,0.9517,0,0,7,0,1,0,0,4.6,8.0,0,2,0,0,0,24,0
ISW-2025-03971,9.66,9.61,0.8643,0,0,5,56,9,0,24,7.6,10.0,1,2,0,1,1,20,0
ISW-2018-03972,7.62,7.73,0.9421,0,0,7,0,1,0,0,6.8,9.2,0,0,0,0,1,19,0
ISW-2022-03973,8.75,8.81,0.8889,0,0,6,14,3,1,6,6.1,10.0,1,0,0,0,1,22,0
ISW-2021-03974,8.03,8.24,0.9444,0,0,5,0,1,0,0,6.6,8.6,0,0,0,0,0,22,0
ISW-2021-03975,6.35,6.3,0.896,0,0,6,0,1,0,0,3.2,7.1,0,0,1,1,0,21,0
ISW-2021-03976,9.19,8.62,0.8866,0,0,6,0,1,0,0,6.4,9.5,0,2,0,0,1,26,0
ISW-2020-03977,7.97,8.04,0.9381,0,0,6,0,1,0,0,6.5,8.4,0,0,0,1,1,20,0
ISW-2022-03978,8.78,8.39,0.891,0,0,7,0,1,0,0,6.0,9.9,1,3,2,0,0,23,0
ISW-2023-03979,10.0,10.0,0.8656,0,0,5,14,3,1,4,7.0,10.0,1,3,0,0,0,22,0
ISW-2023-03980,8.66,8.66,0.796,2,2,6,19,4,1,34,6.9,9.1,0,3,1,1,0,23,0
ISW-2020-03981,7.58,7.43,0.8344,0,0,7,0,1,0,0,5.0,8.0,0,1,0,0,0,27,0
ISW-2020-03982,8.37,8.04,0.9066,2,2,6,12,3,0,12,4.6,9.8,0,0,1,0,1,24,0
ISW-2019-03983,9.89,9.92,0.9015,0,0,5,21,4,0,6,8.9,10.0,0,2,0,0,0,21,0
ISW-2023-03984,7.16,7.46,0.765,0,0,7,7,2,0,10,5.7,7.8,1,1,0,1,0,22,0
ISW-2021-03985,6.69,7.15,0.8186,3,2,5,4,2,1,7,5.2,7.9,0,3,2,1,1,22,1
ISW-2022-03986,8.72,8.84,0.9739,0,0,7,0,1,0,0,5.3,9.8,1,0,0,0,0,20,0
ISW-2023-03987,6.58,6.6,0.93,3,2,5,4,2,0,14,4.1,7.1,0,0,0,1,1,24,0
ISW-2020-03988,8.78,8.63,0.6836,2,2,5,12,3,0,16,5.4,9.2,1,3,0,0,0,24,0
ISW-2021-03989,8.29,8.1,0.7745,2,0,1,61,10,1,91,5.0,9.8,0,2,0,0,0,21,1
ISW-2018-03990,6.32,6.51,0.8074,2,1,1,61,10,0,120,4.0,8.3,0,0,0,1,1,20,1
ISW-2021-03991,9.81,9.77,0.9405,0,0,6,56,9,1,2,7.2,10.0,1,1,0,1,0,22,0
ISW-2023-03992,7.74,7.29,0.5677,2,1,5,12,3,0,26,4.5,8.2,0,0,0,1,0,21,1
ISW-2021-03993,9.44,8.82,0.8594,0,0,7,0,1,0,0,5.7,9.8,0,1,1,1,0,23,0
ISW-2022-03994,9.51,8.88,0.8296,3,2,7,4,2,0,9,6.6,9.5,0,0,2,0,1,20,0
ISW-2022-03995,7.6,7.4,0.8144,1,0,5,6,2,0,6,6.5,8.3,0,0,0,1,0,24,0
ISW-2025-03996,7.9,8.01,0.8297,0,0,5,0,1,0,0,6.9,9.1,1,0,2,0,0,21,0
ISW-2023-03997,8.44,8.18,0.726,0,0,7,0,1,0,0,4.8,8.7,1,0,0,0,0,26,0
ISW-2022-03998,7.39,7.41,0.8117,2,2,6,12,3,1,20,4.1,8.6,0,1,0,1,1,21,1
ISW-2024-03999,7.9,7.36,0.8993,2,1,6,5,2,1,9,5.8,8.3,1,0,1,0,1,22,1
ISW-2023-04000,7.66,7.59,0.8206,0,0,7,0,1,0,0,5.4,8.8,0,1,1,0,1,19,0
ISW-2024-04001,7.64,7.51,0.8272,1,1,7,27,5,0,26,4.8,9.3,1,1,0,1,1,21,0
ISW-2025-04002,7.46,8.11,0.8568,2,2,7,5,2,1,8,6.8,9.2,0,1,2,0,1,22,1
ISW-2019-04003,7.57,8.07,0.8314,1,1,6,41,7,0,34,6.9,8.6,0,1,2,0,0,23,1
ISW-2019-04004,8.79,8.43,0.8917,0,0,7,7,2,1,5,6.6,9.2,0,0,0,0,0,26,0
ISW-2019-04005,8.22,8.16,0.8221,1,1,6,13,3,1,10,6.0,9.8,0,0,1,0,1,19,0
ISW-2025-04006,7.61,8.06,0.8536,0,0,6,0,1,0,0,4.7,9.2,1,2,1,0,1,25,0
ISW-2024-04007,8.06,7.82,0.8358,0,0,6,14,3,1,10,5.0,8.7,0,2,2,0,1,23,0
ISW-2024-04008,6.59,6.24,0.7999,0,0,5,0,1,0,0,5.3,7.5,0,3,1,1,1,19,0
ISW-2020-04009,8.78,9.12,0.9145,0,0,5,0,1,0,0,6.2,9.6,0,3,0,0,1,26,0
ISW-2021-04010,8.58,8.19,0.8234,1,1,5,20,4,1,17,6.4,9.9,0,1,1,1,0,23,0
ISW-2019-04011,8.35,8.19,0.8124,2,2,6,5,2,0,7,6.6,9.7,0,2,0,1,1,21,0
ISW-2021-04012,9.09,9.31,0.9278,0,0,5,0,1,0,0,7.9,10.0,0,0,1,0,0,26,0
ISW-2019-04013,7.14,7.31,0.8502,0,0,7,49,8,1,55,5.4,8.1,1,2,1,1,1,18,0
ISW-2022-04014,8.62,8.26,0.8435,0,0,7,0,1,0,0,6.6,9.9,0,3,1,0,1,25,0
ISW-2025-04015,9.61,9.55,0.8198,1,1,7,20,4,1,18,8.1,10.0,1,2,0,0,1,19,0
ISW-2021-04016,9.61,9.59,0.9055,0,0,5,14,3,1,9,8.6,10.0,1,0,0,1,0,22,0
ISW-2025-04017,7.62,7.93,0.8233,2,0,7,5,2,1,8,5.7,9.7,0,0,1,1,1,23,0
ISW-2023-04018,8.45,8.24,0.9682,0,0,7,14,3,0,7,5.0,9.9,0,0,0,0,1,21,0
ISW-2020-04019,7.1,7.46,0.9247,0,0,7,0,1,0,0,4.4,7.8,1,0,0,0,0,19,0
ISW-2019-04020,8.63,7.91,0.787,0,0,5,28,5,1,31,4.5,8.6,1,2,0,0,0,21,0
ISW-2022-04021,8.44,7.69,0.8465,0,0,5,7,2,0,9,4.4,8.4,0,1,2,1,1,23,0
ISW-2021-04022,9.1,8.67,0.9472,0,0,6,0,1,0,0,5.9,9.3,1,0,0,0,1,25,0
ISW-2024-04023,7.96,7.86,0.8841,3,2,5,4,2,0,7,6.3,8.5,1,1,1,0,1,19,0
ISW-2018-04024,7.34,7.47,0.8454,1,0,5,41,7,0,55,4.4,8.8,0,0,0,0,1,19,0
ISW-2023-04025,6.19,6.4,0.8471,2,2,6,33,6,0,76,3.7,7.5,1,1,2,0,0,22,1
ISW-2022-04026,5.99,5.99,0.8754,1,0,5,48,8,1,93,4.8,7.3,0,0,0,0,0,20,0
ISW-2024-04027,7.02,7.35,0.8313,0,0,5,21,4,0,27,5.8,8.0,1,1,0,0,1,19,0
ISW-2025-04028,9.36,8.79,0.699,2,1,7,19,4,0,25,5.9,9.9,1,1,0,0,0,19,0
ISW-2023-04029,8.35,8.19,0.7339,2,1,6,12,3,1,17,4.9,9.5,0,1,0,0,0,24,1
ISW-2022-04030,6.17,6.13,0.8665,3,1,7,39,7,1,84,5.1,7.5,0,2,2,0,0,26,1
ISW-2023-04031,7.99,7.98,0.87,1,1,7,13,3,1,14,5.2,9.4,0,0,1,0,0,21,1
ISW-2023-04032,8.41,8.51,0.9664,1,0,7,6,2,1,2,5.9,8.9,1,1,1,0,0,25,0
ISW-2018-04033,8.6,8.4,0.7858,1,1,7,20,4,0,27,5.6,10.0,0,0,1,1,1,21,0
ISW-2024-04034,8.26,7.77,0.8467,0,0,5,14,3,1,19,5.0,8.9,1,1,2,0,0,24,0
ISW-2024-04035,6.59,6.59,0.7543,0,0,7,0,1,0,0,3.4,7.6,0,1,2,0,1,22,0
ISW-2021-04036,8.27,8.34,0.893,2,0,5,5,2,0,7,6.0,9.2,0,1,1,0,0,21,0
ISW-2023-04037,7.77,7.94,0.8206,1,1,5,6,2,0,10,6.1,8.6,1,3,0,0,1,20,0
ISW-2018-04038,8.53,8.61,0.8457,0,0,7,35,6,1,13,7.4,10.0,0,0,0,1,0,21,0
ISW-2024-04039,8.81,8.83,0.7651,1,1,6,6,2,1,4,6.2,10.0,0,2,1,1,0,19,0
ISW-2023-04040,5.9,6.65,0.854,1,1,6,34,6,1,63,4.9,7.4,0,0,1,0,0,19,0
ISW-2020-04041,7.82,7.71,0.8625,3,2,7,11,3,1,16,5.6,8.5,0,1,1,0,1,21,0
ISW-2024-04042,8.46,8.8,0.6767,3,2,6,25,5,0,33,5.9,9.7,0,2,0,0,1,23,1
ISW-2025-04043,8.89,8.74,0.8716,0,0,5,0,1,0,0,7.8,10.0,0,1,1,1,1,22,0
ISW-2025-04044,8.46,8.95,0.8562,0,0,6,49,8,1,16,6.1,10.0,0,2,0,0,0,21,0
ISW-2023-04045,10.0,10.0,0.9003,0,0,5,14,3,1,2,9.1,10.0,0,2,0,1,0,24,1
ISW-2025-04046,7.98,7.72,0.8417,1,1,5,6,2,1,6,6.2,8.3,0,0,2,0,1,26,0
ISW-2022-04047,8.43,8.72,0.7971,1,1,6,6,2,0,11,7.6,10.0,0,3,1,1,0,22,0
ISW-2023-04048,9.09,8.82,0.8204,0,0,5,7,2,1,3,5.7,9.4,0,3,0,0,1,21,0
ISW-2019-04049,6.53,7.04,0.9412,3,3,6,4,2,1,10,4.3,8.3,1,0,0,0,1,23,0
ISW-2025-04050,9.55,9.2,0.8395,0,0,6,28,5,1,16,6.9,10.0,0,0,1,0,1,20,0
ISW-2020-04051,8.93,9.05,1.0,1,1,5,48,8,1,29,5.8,9.9,0,0,0,0,0,26,0
ISW-2018-04052,8.69,8.52,0.8375,1,1,7,20,4,0,10,6.2,9.1,0,2,0,1,0,20,0
ISW-2024-04053,6.82,6.79,0.6694,3,2,5,11,3,0,30,4.7,7.4,1,3,1,0,0,19,1
ISW-2022-04054,9.33,9.31,0.8661,0,0,5,14,3,1,2,7.1,10.0,1,2,1,0,1,22,0
ISW-2019-04055,8.13,7.87,0.7887,1,1,6,34,6,1,52,6.1,8.9,1,0,0,1,1,22,0
ISW-2020-04056,6.91,7.04,0.9104,4,2,5,31,6,2,46,5.5,7.4,1,0,0,0,0,22,1
ISW-2019-04057,8.49,8.33,0.6798,0,0,5,7,2,1,11,6.6,8.9,0,1,1,0,1,22,0
ISW-2018-04058,9.99,10.0,0.9159,1,1,6,55,9,1,14,9.0,10.0,1,0,0,0,0,24,0
ISW-2018-04059,8.97,8.54,0.8234,4,3,6,3,2,2,2,5.5,9.8,0,0,0,0,0,21,1
ISW-2021-04060,7.59,7.82,0.9115,1,0,5,34,6,1,30,6.8,9.2,1,0,0,1,0,21,0
ISW-2019-04061,8.44,8.12,0.9413,2,2,7,54,9,1,36,4.8,9.6,1,0,0,0,1,20,0
ISW-2024-04062,7.05,7.15,0.9178,0,0,5,28,5,1,43,4.2,7.6,1,0,2,1,0,20,0
ISW-2018-04063,9.37,9.29,0.854,0,0,6,0,1,0,0,7.3,9.6,0,2,0,0,0,23,0
ISW-2023-04064,6.88,7.04,0.7822,4,3,5,17,4,1,36,4.5,8.7,1,0,2,0,0,25,1
ISW-2021-04065,6.68,7.13,0.8808,0,0,6,0,1,0,0,5.9,7.8,0,0,0,1,0,26,0
ISW-2023-04066,7.61,7.7,0.8071,2,2,7,33,6,0,27,4.3,9.4,0,1,1,1,0,26,0
ISW-2020-04067,9.02,9.22,0.9191,0,0,6,7,2,1,2,7.9,10.0,0,3,0,0,0,19,0
ISW-2024-04068,7.79,7.64,0.7975,2,2,6,26,5,0,52,4.8,9.3,0,2,1,0,1,21,1
ISW-2021-04069,7.66,7.85,0.8379,3,2,7,46,8,0,29,7.0,9.5,0,1,2,0,1,20,1
ISW-2020-04070,8.22,8.56,0.9012,0,0,6,0,1,0,0,7.4,10.0,0,1,0,1,0,20,0
ISW-2025-04071,9.16,8.6,0.7906,4,2,5,3,2,2,9,7.2,9.5,0,1,0,0,1,21,1
ISW-2025-04072,7.61,7.55,0.8697,1,1,5,20,4,1,23,5.6,8.0,0,1,2,0,1,20,0
ISW-2025-04073,8.14,7.94,0.7631,3,3,6,11,3,0,23,5.0,9.2,0,1,2,0,1,24,1
ISW-2018-04074,8.21,7.75,0.6645,0,0,5,0,1,0,0,4.8,8.7,0,1,2,1,0,22,1
ISW-2025-04075,8.54,8.81,0.8463,0,0,7,0,1,0,0,6.8,10.0,1,1,0,0,1,21,0
ISW-2020-04076,7.17,7.47,0.6197,1,1,6,13,3,0,20,5.2,8.8,0,0,0,0,1,30,1
ISW-2020-04077,10.0,9.71,0.8691,0,0,6,21,4,0,5,8.8,10.0,1,0,0,1,0,23,0
ISW-2018-04078,6.57,6.65,0.9425,2,2,5,19,4,0,36,3.3,8.0,0,0,1,0,1,25,1
ISW-2023-04079,8.23,8.03,0.9052,0,0,5,0,1,0,0,6.6,8.8,0,0,0,0,0,23,0
ISW-2024-04080,8.12,8.13,0.832,1,1,6,13,3,0,13,7.3,9.1,0,1,0,0,1,22,0
ISW-2023-04081,8.12,8.0,0.9189,1,0,5,6,2,1,5,4.6,8.9,0,1,1,0,1,23,0
ISW-2021-04082,9.62,9.54,0.9505,0,0,5,7,2,1,2,6.3,10.0,0,0,0,1,0,20,0
ISW-2023-04083,7.68,7.44,0.7642,4,3,7,24,5,2,49,4.5,8.7,0,0,1,0,0,21,1
ISW-2019-04084,7.73,8.09,0.8107,0,0,7,7,2,0,6,5.6,9.5,0,0,0,0,1,25,0
ISW-2019-04085,6.27,6.05,0.9123,3,2,7,11,3,0,26,4.3,7.8,0,1,2,0,0,28,0
ISW-2024-04086,7.68,7.87,0.9038,3,2,7,46,8,1,48,5.2,8.3,0,0,0,0,1,18,1
ISW-2023-04087,8.34,8.07,0.9315,1,1,6,13,3,0,8,7.2,8.6,0,0,1,0,1,22,0
ISW-2023-04088,8.77,9.33,0.967,2,1,6,19,4,1,10,7.0,10.0,1,0,0,1,0,21,1
ISW-2023-04089,8.44,8.48,0.9831,0,0,7,0,1,0,0,7.2,10.0,0,1,0,0,0,19,0
ISW-2025-04090,8.75,8.51,0.8077,0,0,7,0,1,0,0,6.3,10.0,0,0,0,0,1,21,0
ISW-2025-04091,7.65,7.85,0.934,0,0,6,0,1,0,0,5.6,8.2,0,1,2,0,1,18,0
ISW-2021-04092,7.99,7.62,0.8475,3,2,7,25,5,0,21,6.1,8.4,0,1,0,1,0,25,0
ISW-2022-04093,8.94,9.16,0.9188,0,0,7,35,6,1,15,5.7,9.7,0,3,0,1,0,20,0
ISW-2022-04094,8.17,8.39,0.8133,0,0,6,0,1,0,0,5.4,9.6,0,1,1,0,0,20,0
ISW-2019-04095,8.32,8.03,0.9573,0,0,7,0,1,0,0,6.2,9.4,0,0,0,0,1,22,0
ISW-2020-04096,9.41,9.45,0.7722,3,2,6,4,2,1,7,6.8,10.0,0,0,0,1,0,20,0
ISW-2022-04097,8.54,8.14,0.9406,1,1,5,20,4,1,22,6.4,9.7,0,2,0,1,0,21,0
ISW-2025-04098,8.21,8.15,0.8052,2,1,7,19,4,0,21,6.7,8.6,0,0,0,0,0,22,0
ISW-2024-04099,8.71,8.98,0.885,0,0,5,28,5,0,19,7.1,9.7,0,3,0,1,1,19,0
ISW-2021-04100,9.7,9.26,0.8801,0,0,7,42,7,1,13,5.9,9.6,1,1,0,1,0,23,0
ISW-2019-04101,7.6,7.43,0.9,1,0,5,6,2,0,8,5.3,8.2,0,0,0,0,1,20,0
ISW-2020-04102,9.51,9.55,0.9425,1,0,6,20,4,1,8,6.2,9.9,0,0,0,0,0,23,0
ISW-2022-04103,8.11,8.19,0.7661,0,0,5,21,4,0,20,5.4,9.9,0,3,1,0,1,21,0
ISW-2025-04104,8.89,8.9,0.8599,2,1,6,5,2,1,3,5.4,9.4,1,3,1,0,1,19,0
ISW-2023-04105,8.6,8.53,0.8977,0,0,7,42,7,0,34,5.8,9.1,1,2,0,1,1,18,0
ISW-2019-04106,7.84,8.01,0.8161,0,0,6,0,1,0,0,6.9,9.0,1,0,0,0,1,22,0
ISW-2024-04107,9.53,9.17,0.9509,0,0,6,28,5,1,12,7.7,10.0,0,2,1,0,0,26,0
ISW-2018-04108,8.54,8.18,0.8751,1,0,7,27,5,1,19,5.5,9.9,0,0,0,0,0,20,0
ISW-2019-04109,8.07,7.98,0.8702,0,0,6,49,8,1,33,6.2,9.5,1,0,2,1,0,19,0
ISW-2021-04110,7.56,7.61,0.872,2,1,6,12,3,0,17,5.6,8.9,0,1,0,0,0,24,0
ISW-2022-04111,9.92,9.91,0.7627,4,4,5,3,2,2,5,7.1,10.0,1,3,0,0,1,26,0
ISW-2018-04112,8.93,9.09,0.8345,0,0,5,35,6,1,23,7.3,10.0,0,0,0,0,0,23,0
ISW-2018-04113,8.61,8.54,0.8547,1,1,7,34,6,1,25,6.8,9.2,0,1,1,1,1,19,1
ISW-2025-04114,8.14,7.96,0.9049,0,0,6,14,3,0,10,7.0,8.5,0,0,0,0,0,19,0
ISW-2022-04115,9.05,8.84,0.8427,0,0,7,28,5,1,21,5.9,9.9,0,0,0,0,1,27,0
ISW-2021-04116,8.35,8.33,0.7366,2,1,5,5,2,1,6,5.8,9.8,1,0,0,1,1,27,0
ISW-2018-04117,7.05,7.18,0.8592,0,0,7,21,4,0,27,4.3,7.5,0,2,1,0,1,24,0
ISW-2019-04118,8.43,8.77,0.8484,3,1,6,39,7,1,17,7.3,9.6,0,0,0,1,0,18,0
ISW-2023-04119,6.63,7.16,0.8517,4,2,7,3,2,2,9,5.4,8.8,0,1,1,0,1,25,0
ISW-2018-04120,7.19,6.78,0.8497,3,3,7,11,3,0,20,4.8,7.8,1,0,0,1,1,24,1
ISW-2018-04121,8.41,8.09,0.891,0,0,6,56,9,0,47,6.7,9.2,0,1,0,0,0,19,0
ISW-2025-04122,9.05,9.02,0.987,1,1,7,34,6,0,12,6.8,10.0,1,0,0,0,1,21,0
ISW-2022-04123,8.71,8.7,0.7151,1,0,7,41,7,0,44,6.8,9.3,1,0,2,0,1,23,0
ISW-2023-04124,9.07,9.52,0.864,0,0,7,7,2,0,4,7.5,10.0,0,1,0,1,0,23,0
ISW-2020-04125,9.71,9.1,0.8771,1,1,1,62,10,0,28,7.7,10.0,1,1,0,1,0,22,0
ISW-2019-04126,8.98,8.77,0.7995,0,0,5,0,1,0,0,5.8,9.5,1,3,2,0,0,24,0
ISW-2023-04127,7.55,7.55,0.9575,1,1,7,13,3,1,17,6.4,8.6,0,0,0,0,0,18,0
ISW-2018-04128,8.99,8.56,0.9481,0,0,6,14,3,1,10,6.1,10.0,0,1,0,0,1,28,0
ISW-2024-04129,8.32,8.87,0.7956,2,2,6,33,6,1,34,6.7,10.0,0,3,0,0,1,23,1
ISW-2019-04130,7.84,7.96,0.78,1,1,6,41,7,1,75,7.1,9.6,0,0,1,0,0,20,0
ISW-2023-04131,8.95,8.97,0.8203,0,0,6,28,5,0,24,7.3,9.3,0,2,0,1,1,23,0
ISW-2019-04132,9.81,9.97,0.8822,0,0,7,21,4,1,14,8.3,10.0,1,3,2,0,0,25,0
ISW-2020-04133,9.69,8.99,0.8929,0,0,7,14,3,0,10,7.0,10.0,0,2,1,1,0,21,0
ISW-2023-04134,7.03,7.26,0.8911,1,1,7,13,3,1,20,4.5,7.9,0,1,0,0,1,23,1
ISW-2021-04135,7.51,7.49,0.8002,2,0,7,12,3,0,21,4.7,8.6,0,1,0,1,1,19,1
ISW-2024-04136,8.47,7.83,0.8949,0,0,6,0,1,0,0,6.5,9.2,0,1,1,0,0,25,0
ISW-2023-04137,7.49,7.02,0.9143,0,0,7,14,3,0,20,4.7,7.5,0,1,2,0,0,25,1
ISW-2019-04138,7.56,7.72,0.7314,1,0,7,41,7,1,72,6.2,8.8,0,3,2,1,1,26,0
ISW-2022-04139,9.31,9.53,0.9654,0,0,7,28,5,1,20,7.9,10.0,0,0,0,0,0,25,0
ISW-2022-04140,6.4,6.76,0.7283,5,3,6,30,6,2,66,4.9,7.6,0,2,1,1,0,21,1
ISW-2024-04141,9.18,8.68,0.7656,2,2,6,5,2,0,17,7.6,9.1,0,1,1,1,1,26,1
ISW-2022-04142,9.36,9.38,0.8225,0,0,7,14,3,0,2,7.8,10.0,1,0,2,1,1,24,0
ISW-2021-04143,8.21,8.62,0.8258,0,0,6,0,1,0,0,6.9,9.4,0,1,0,1,1,28,0
ISW-2019-04144,6.72,7.01,0.6274,4,2,5,3,2,1,13,5.6,8.0,0,2,1,0,0,23,1
ISW-2025-04145,6.36,6.78,0.629,3,1,5,11,3,0,25,4.3,7.1,0,1,1,0,1,21,0
ISW-2020-04146,7.39,7.8,0.8099,0,0,7,7,2,0,7,6.1,8.7,1,2,2,1,1,26,0
ISW-2022-04147,9.52,9.28,0.9096,0,0,5,0,1,0,0,7.0,10.0,0,0,1,0,0,25,0
ISW-2019-04148,7.79,7.99,0.8233,2,1,5,26,5,0,32,6.9,9.0,0,3,2,0,0,19,1
ISW-2019-04149,8.05,8.57,0.8775,3,2,7,11,3,0,4,7.6,9.4,0,1,0,0,0,24,0
ISW-2020-04150,10.0,10.0,0.9606,1,1,6,13,3,1,6,7.8,10.0,0,2,0,1,0,22,0
ISW-2025-04151,6.56,6.72,0.8218,1,1,5,6,2,0,9,5.0,7.8,0,0,0,0,1,24,0
ISW-2023-04152,6.76,6.76,0.7895,6,4,5,8,3,1,24,3.5,7.9,0,0,2,0,1,24,0
ISW-2025-04153,7.24,7.36,0.7693,4,2,7,10,3,2,17,4.0,9.0,0,3,0,1,0,19,1
ISW-2024-04154,8.74,8.81,0.7977,1,1,7,13,3,0,14,5.9,9.6,1,0,1,1,0,27,0
ISW-2022-04155,6.92,6.8,0.8825,4,2,7,17,4,2,39,4.3,7.7,0,0,2,0,0,23,1
ISW-2025-04156,7.09,6.79,0.7778,0,0,7,0,1,0,0,5.6,7.8,1,2,2,0,0,23,0
ISW-2018-04157,9.29,8.88,0.9539,1,1,6,41,7,1,16,6.3,9.7,0,1,1,1,0,20,0
ISW-2020-04158,8.96,9.1,0.8247,0,0,6,0,1,0,0,6.3,10.0,0,2,1,0,1,22,0
ISW-2022-04159,9.19,9.22,0.9253,0,0,5,14,3,1,2,5.9,10.0,0,1,0,0,1,26,0
ISW-2023-04160,7.53,7.5,0.789,0,0,7,0,1,0,0,4.3,8.9,0,3,0,1,1,22,0
ISW-2025-04161,9.26,8.98,0.9445,0,0,6,14,3,1,6,6.1,10.0,0,1,0,0,0,28,0
ISW-2020-04162,8.08,7.97,0.626,1,0,7,6,2,1,9,5.4,9.0,1,1,1,0,1,22,0
ISW-2019-04163,6.35,6.56,0.9045,0,0,7,42,7,0,70,3.8,7.7,0,2,0,0,1,19,0
ISW-2021-04164,9.66,9.66,0.8954,2,2,7,5,2,0,2,7.1,10.0,0,1,0,0,0,23,0
ISW-2021-04165,9.38,9.0,0.8999,0,0,6,21,4,0,10,5.7,10.0,0,0,1,0,0,23,0
ISW-2018-04166,8.01,8.09,0.8968,2,2,5,5,2,1,7,4.9,9.4,0,0,0,0,0,19,0
ISW-2023-04167,7.34,7.34,0.7434,0,0,7,0,1,0,0,4.2,7.8,0,1,2,1,0,18,0
ISW-2019-04168,8.85,8.81,0.8381,1,1,6,13,3,0,9,8.0,10.0,0,2,0,1,1,19,0
ISW-2019-04169,5.0,5.15,0.8365,5,4,6,9,3,2,30,1.7,6.3,0,1,2,0,1,22,1
ISW-2024-04170,8.65,8.56,0.7857,3,3,5,11,3,0,20,6.9,9.3,0,2,0,0,1,22,1
ISW-2022-04171,8.57,8.55,0.8196,3,1,6,53,9,1,27,5.9,9.2,0,2,1,0,1,23,0
ISW-2019-04172,8.25,7.81,0.9258,1,1,7,27,5,1,25,6.9,9.5,0,0,1,0,0,19,0
ISW-2025-04173,9.63,9.48,0.9049,0,0,1,63,10,1,21,7.1,10.0,0,1,0,0,0,23,0
ISW-2018-04174,8.07,8.51,0.8222,3,1,6,4,2,1,4,5.6,9.8,0,1,0,0,0,18,0
ISW-2025-04175,8.02,7.55,0.798,2,1,7,33,6,0,61,5.9,8.2,1,0,2,0,1,20,1
ISW-2019-04176,9.5,9.35,0.9277,1,1,7,20,4,1,3,7.1,10.0,1,1,0,0,0,23,0
ISW-2024-04177,7.36,8.0,0.6748,4,3,7,17,4,2,26,6.4,8.8,0,1,1,0,0,24,1
ISW-2024-04178,8.63,8.65,0.8895,3,2,1,60,10,1,35,6.3,9.0,0,2,0,1,0,19,0
ISW-2023-04179,8.92,9.15,0.8285,2,2,5,19,4,1,7,6.7,10.0,1,1,1,1,1,22,0
ISW-2025-04180,9.14,9.49,0.8785,0,0,7,42,7,1,19,8.6,10.0,0,0,0,1,0,20,0
ISW-2021-04181,7.92,7.68,0.8774,0,0,7,28,5,1,38,5.6,9.0,0,1,1,1,0,20,1
ISW-2024-04182,6.53,6.83,0.7557,0,0,6,0,1,0,0,5.3,8.0,0,2,1,0,1,20,0
ISW-2020-04183,9.45,9.65,0.9063,0,0,5,28,5,0,15,8.0,10.0,0,1,0,0,0,23,0
ISW-2020-04184,9.24,8.99,0.7887,0,0,5,14,3,1,10,6.6,9.4,1,0,0,1,1,21,0
ISW-2018-04185,9.09,9.14,0.9065,0,0,7,49,8,0,17,6.0,9.8,1,3,2,0,1,22,0
ISW-2018-04186,7.63,7.85,0.7716,3,2,5,32,6,1,42,6.8,9.2,1,0,1,0,0,23,1
ISW-2024-04187,7.27,7.47,0.9093,0,0,7,0,1,0,0,5.8,8.0,1,0,2,1,0,24,0
ISW-2021-04188,8.04,7.97,0.8663,0,0,7,0,1,0,0,6.3,9.6,0,0,1,1,0,21,0
ISW-2019-04189,7.72,7.56,0.8564,0,0,7,0,1,0,0,4.3,8.8,1,1,1,1,0,23,0
ISW-2020-04190,6.05,6.2,0.7715,5,1,7,9,3,2,31,2.8,7.7,0,2,1,0,1,23,1
ISW-2018-04191,7.09,7.17,0.9123,0,0,6,0,1,0,0,5.0,8.9,0,0,2,1,0,23,0
ISW-2021-04192,8.35,8.24,0.9483,2,1,5,26,5,0,17,4.9,9.6,0,2,0,0,0,24,0
ISW-2022-04193,8.41,8.29,0.7944,4,3,7,17,4,2,27,7.0,9.1,0,1,0,0,1,21,1
ISW-2021-04194,6.59,7.15,0.7643,3,3,5,32,6,1,64,5.5,8.2,0,2,2,1,1,22,1
ISW-2023-04195,6.64,6.4,0.7325,7,5,5,0,2,1,11,4.1,7.5,0,3,2,0,1,18,0
ISW-2021-04196,6.73,6.51,0.814,1,0,5,13,3,0,28,4.9,7.9,0,2,0,1,1,20,1
ISW-2020-04197,6.55,7.02,0.8557,0,0,6,0,1,0,0,4.0,7.5,0,0,0,1,0,20,0
ISW-2025-04198,8.56,8.53,0.9308,0,0,7,42,7,1,41,5.4,9.4,0,0,1,1,0,23,0
ISW-2023-04199,7.39,7.15,0.6036,0,0,7,0,1,0,0,4.3,8.9,0,3,1,0,1,23,0
ISW-2024-04200,9.12,9.48,0.9125,0,0,7,0,1,0,0,7.6,10.0,0,1,0,0,1,26,0
ISW-2025-04201,8.62,8.37,0.8155,0,0,5,0,1,0,0,6.4,10.0,0,1,1,1,0,23,0
ISW-2020-04202,7.2,7.08,0.9618,1,1,5,34,6,0,45,5.7,8.5,1,3,0,0,1,23,0
ISW-2021-04203,7.38,7.54,0.8133,0,0,6,0,1,0,0,5.3,8.3,0,2,0,0,1,22,0
ISW-2020-04204,10.0,10.0,0.9516,0,0,6,21,4,1,7,8.2,10.0,0,1,1,0,0,21,0
ISW-2019-04205,8.19,8.03,0.9157,3,2,7,25,5,1,30,7.2,9.5,0,2,0,0,1,20,0
ISW-2023-04206,9.36,9.93,0.9262,0,0,6,28,5,1,6,7.1,10.0,1,0,1,1,0,19,0
ISW-2024-04207,8.32,8.52,0.9696,0,0,6,0,1,0,0,7.6,9.7,0,2,0,0,1,22,1
ISW-2019-04208,8.09,8.07,0.8736,0,0,6,0,1,0,0,4.6,8.6,0,3,2,1,0,26,0
ISW-2024-04209,8.82,8.51,0.912,0,0,5,14,3,0,8,5.9,9.5,0,0,0,0,1,24,0
ISW-2020-04210,8.07,7.83,0.8383,0,0,5,0,1,0,0,4.6,8.2,1,0,2,0,1,23,0
ISW-2025-04211,9.5,9.29,0.8652,0,0,7,28,5,1,14,6.7,9.8,1,2,1,0,0,27,0
ISW-2022-04212,9.3,8.92,0.8326,0,0,7,7,2,0,2,5.5,9.4,0,1,0,1,1,23,0
ISW-2024-04213,6.43,6.24,0.8483,1,1,7,13,3,1,27,3.2,7.3,0,0,2,0,0,21,1
ISW-2024-04214,8.43,8.67,0.8963,0,0,6,0,1,0,0,7.6,10.0,0,0,0,0,0,25,0
ISW-2020-04215,7.64,8.13,0.8415,0,0,5,21,4,1,23,6.1,9.8,0,0,0,0,0,21,0
ISW-2022-04216,8.38,8.84,0.8989,0,0,6,0,1,0,0,7.9,9.8,1,0,2,0,1,20,0
ISW-2018-04217,7.91,8.1,0.8924,2,2,5,26,5,1,22,4.8,8.6,1,2,2,0,1,22,0
ISW-2025-04218,8.65,8.4,0.983,0,0,5,0,1,0,0,7.3,9.2,1,1,1,0,0,20,0
ISW-2025-04219,6.57,6.57,0.8638,1,0,7,55,9,1,109,4.9,8.2,1,1,2,0,1,24,1
ISW-2023-04220,8.61,8.26,0.8647,0,0,6,28,5,1,19,6.6,9.7,0,0,0,0,1,19,0
ISW-2022-04221,8.17,8.39,0.9082,0,0,6,0,1,0,0,7.1,10.0,1,0,0,0,0,24,0
ISW-2019-04222,8.28,8.39,0.8715,0,0,7,0,1,0,0,6.5,8.7,0,0,0,1,1,24,0
ISW-2021-04223,8.18,7.81,0.9218,1,1,7,6,2,1,9,4.4,8.4,0,2,0,1,0,23,0
ISW-2025-04224,7.74,7.65,0.8368,0,0,6,0,1,0,0,6.4,9.3,0,3,1,1,1,25,0
ISW-2025-04225,8.07,7.91,0.6435,0,0,5,0,1,0,0,5.4,8.7,0,0,0,1,1,23,0
ISW-2024-04226,6.79,6.76,0.8682,1,0,7,41,7,0,52,5.0,8.2,1,3,1,0,1,19,1
ISW-2019-04227,8.03,8.0,0.9291,1,1,6,20,4,0,13,4.6,8.4,1,0,0,0,0,26,0
ISW-2022-04228,8.24,8.94,0.9535,0,0,7,0,1,0,0,6.1,10.0,1,0,0,0,0,21,0
ISW-2018-04229,6.89,7.11,0.8427,0,0,7,21,4,0,29,4.0,7.4,1,2,1,0,1,26,0
ISW-2022-04230,8.84,8.57,0.8554,1,1,7,6,2,0,3,6.0,9.3,0,0,0,1,1,23,0
ISW-2018-04231,7.74,7.77,0.8211,0,0,5,56,9,1,52,6.5,8.1,0,3,1,0,1,27,0
ISW-2025-04232,7.53,7.38,0.7421,0,0,7,0,1,0,0,5.8,8.0,1,0,1,0,1,23,0
ISW-2018-04233,7.41,7.68,0.7744,1,0,5,27,5,1,40,5.0,9.5,0,2,1,0,1,21,0
ISW-2025-04234,8.46,8.47,0.7337,5,4,5,30,6,1,43,6.3,9.7,1,0,2,1,0,19,1
ISW-2021-04235,9.1,9.06,0.8952,0,0,6,0,1,0,0,6.9,10.0,0,0,2,0,0,19,0
ISW-2019-04236,9.68,9.52,0.9144,0,0,7,0,1,0,0,8.6,10.0,0,0,0,0,0,27,0
ISW-2020-04237,9.06,9.21,0.8419,2,1,5,5,2,1,2,7.3,9.7,0,3,1,0,0,24,0
ISW-2024-04238,8.18,7.98,0.6867,2,1,5,40,7,1,60,6.5,9.4,0,1,0,1,1,21,1
ISW-2023-04239,7.68,7.47,0.8536,1,1,6,13,3,0,12,6.5,7.9,1,1,0,1,0,20,0
ISW-2018-04240,7.44,8.26,0.926,0,0,6,21,4,0,15,5.2,9.9,1,0,1,0,0,28,0
ISW-2022-04241,9.29,8.7,0.9155,2,1,7,33,6,1,30,5.3,9.5,0,0,1,1,0,23,0
ISW-2020-04242,9.58,9.07,0.838,1,1,5,34,6,1,23,7.1,10.0,0,0,2,0,1,24,1
ISW-2019-04243,7.01,6.94,0.8453,0,0,5,14,3,1,22,5.3,8.7,0,2,1,0,0,19,0
ISW-2022-04244,7.6,7.82,0.9654,1,1,7,13,3,0,14,6.6,8.3,0,0,1,0,0,19,0
ISW-2024-04245,8.96,8.66,0.8291,0,0,6,28,5,1,12,7.7,9.3,0,0,1,0,1,18,0
ISW-2020-04246,8.01,7.72,0.9202,1,1,7,6,2,0,5,4.7,8.5,0,1,0,0,0,25,0
ISW-2018-04247,9.86,9.69,0.8008,2,2,5,40,7,0,8,8.7,10.0,0,1,0,0,1,25,0
ISW-2021-04248,10.0,9.88,0.8978,0,0,5,0,1,0,0,8.0,10.0,0,0,0,1,0,24,0
ISW-2023-04249,9.6,9.26,0.8011,0,0,6,0,1,0,0,6.3,9.9,0,0,1,0,1,21,0
ISW-2025-04250,7.74,7.56,0.8172,2,1,7,33,6,0,29,4.9,8.3,1,0,0,0,0,25,0
ISW-2025-04251,8.17,7.88,0.9246,6,4,6,1,2,2,5,5.8,9.5,0,1,0,0,0,20,0
ISW-2021-04252,7.89,7.53,0.7632,0,0,5,0,1,0,0,4.8,8.8,0,0,0,1,0,21,0
ISW-2021-04253,9.03,9.05,0.8139,0,0,6,0,1,0,0,7.6,10.0,1,1,1,0,1,25,0
ISW-2019-04254,9.47,9.47,0.7986,1,1,6,13,3,1,14,7.7,10.0,1,0,0,0,1,25,0
ISW-2024-04255,8.86,8.91,0.933,0,0,6,35,6,0,16,5.8,10.0,1,3,0,0,0,21,0
ISW-2019-04256,8.18,8.62,0.8031,0,0,6,0,1,0,0,7.4,10.0,0,3,0,0,1,19,0
ISW-2021-04257,8.69,8.53,0.9241,0,0,5,0,1,0,0,7.0,10.0,0,0,0,0,0,23,0
ISW-2024-04258,8.47,8.24,0.7991,0,0,5,14,3,0,17,6.1,8.8,1,1,0,1,1,22,0
ISW-2018-04259,6.51,6.79,0.8584,5,3,7,51,9,2,92,4.7,7.1,0,0,2,0,1,21,0
ISW-2019-04260,9.11,9.13,0.8111,0,0,6,7,2,1,2,8.2,10.0,0,2,0,0,0,19,0
ISW-2018-04261,8.48,8.79,0.8714,0,0,6,56,9,0,34,6.4,9.8,1,1,0,1,0,21,0
ISW-2020-04262,8.55,8.35,0.8814,0,0,6,42,7,1,22,5.6,9.0,0,1,1,1,1,21,0
ISW-2018-04263,7.44,7.54,0.8685,0,0,7,7,2,0,7,5.4,8.8,1,0,1,0,1,22,0
ISW-2020-04264,7.7,8.51,0.8796,0,0,6,35,6,0,26,7.7,9.5,1,0,0,0,1,26,0
ISW-2024-04265,7.83,7.64,0.894,2,2,6,26,5,1,28,5.1,8.0,0,1,0,1,0,23,0
ISW-2019-04266,7.23,7.37,0.8324,4,3,6,10,3,1,13,4.5,8.5,1,1,2,0,1,18,0
ISW-2021-04267,5.21,5.36,0.7942,11,8,5,3,3,3,28,3.7,6.6,0,2,2,0,0,24,1
ISW-2025-04268,8.39,8.4,0.8501,1,1,6,34,6,0,24,5.7,10.0,1,2,0,0,1,23,0
ISW-2025-04269,8.85,8.55,0.8839,0,0,6,35,6,1,21,7.0,10.0,1,1,1,0,1,19,0
ISW-2020-04270,8.87,9.06,0.9264,0,0,6,28,5,0,14,6.4,10.0,1,1,0,0,1,22,0
ISW-2022-04271,8.22,8.06,0.6762,1,1,1,62,10,1,97,5.4,8.5,0,3,0,1,1,20,1
ISW-2024-04272,7.57,8.32,0.7565,2,1,5,12,3,0,14,5.3,8.6,1,2,0,0,1,23,0
ISW-2024-04273,8.45,8.06,0.8768,1,0,6,34,6,1,50,5.9,8.6,1,2,1,0,0,24,0
ISW-2025-04274,8.45,8.41,0.8091,2,1,6,40,7,0,25,6.0,8.8,0,3,0,0,1,19,1
ISW-2020-04275,6.84,6.86,0.7583,0,0,7,0,1,0,0,5.4,8.6,0,0,0,0,0,26,0
ISW-2019-04276,8.48,8.82,1.0,0,0,7,0,1,0,0,6.3,10.0,0,1,0,1,0,22,0
ISW-2019-04277,7.77,8.15,0.8064,2,1,7,12,3,1,12,7.2,9.7,1,1,0,1,0,21,0
ISW-2025-04278,7.91,7.99,0.8632,0,0,6,42,7,0,23,6.9,9.2,0,0,0,1,0,19,0
ISW-2020-04279,8.19,7.76,0.7636,3,2,5,4,2,1,10,4.6,9.3,0,1,0,1,0,20,1
ISW-2025-04280,8.62,8.8,0.8123,1,1,7,27,5,0,9,6.5,10.0,1,0,1,0,0,20,0
ISW-2025-04281,9.49,9.57,0.8836,0,0,6,0,1,0,0,6.8,10.0,1,1,0,0,0,17,0
ISW-2019-04282,9.58,9.71,0.9659,1,1,5,6,2,1,3,7.4,10.0,1,0,0,0,0,24,0
ISW-2021-04283,9.1,9.27,0.8802,2,1,6,19,4,1,10,6.0,10.0,0,1,1,1,0,19,0
ISW-2020-04284,7.91,8.23,0.9205,0,0,6,0,1,0,0,4.8,9.6,0,1,0,0,1,20,0
ISW-2021-04285,6.26,6.5,0.7638,3,1,6,39,7,0,80,3.8,7.7,0,1,0,0,1,26,1
ISW-2018-04286,8.25,8.53,0.8802,0,0,5,0,1,0,0,6.4,8.9,0,0,2,0,1,24,0
ISW-2020-04287,8.32,7.76,0.8979,1,1,6,41,7,0,40,5.3,8.7,1,1,1,0,1,18,0
ISW-2020-04288,8.24,8.41,0.8959,0,0,6,0,1,0,0,5.4,9.7,0,0,0,0,1,24,0
ISW-2021-04289,9.11,9.66,0.9051,0,0,1,63,10,1,22,6.9,10.0,0,0,0,1,0,19,0
ISW-2018-04290,8.42,8.55,0.845,1,1,7,20,4,0,14,7.7,9.9,0,0,0,0,0,23,0
ISW-2019-04291,6.99,6.86,0.7833,0,0,7,0,1,0,0,4.6,7.6,0,2,0,0,0,20,0
ISW-2020-04292,8.37,7.92,0.8458,0,0,6,0,1,0,0,5.1,8.3,1,0,2,0,0,20,0
ISW-2022-04293,7.86,8.16,0.914,0,0,5,0,1,0,0,6.0,8.8,1,1,1,0,1,21,0
ISW-2021-04294,7.44,7.38,0.877,1,0,6,20,4,1,28,6.2,8.0,0,2,0,0,0,22,0
ISW-2023-04295,8.38,8.18,0.8416,0,0,7,35,6,1,31,5.4,9.8,0,0,0,0,1,21,0
ISW-2023-04296,9.71,9.54,0.9772,0,0,5,14,3,0,9,7.1,10.0,0,2,0,0,0,24,0
ISW-2021-04297,7.08,7.51,0.9097,2,2,5,12,3,1,15,4.6,8.7,0,0,0,0,1,21,0
ISW-2019-04298,9.5,9.12,0.8137,1,1,6,20,4,0,6,7.6,10.0,1,0,0,1,0,25,0
ISW-2024-04299,7.6,7.87,0.9214,2,2,7,12,3,1,12,6.8,9.3,0,0,0,0,1,25,0
ISW-2023-04300,7.41,7.15,0.7758,3,2,7,25,5,1,53,4.3,8.8,0,1,2,1,1,18,1
ISW-2025-04301,9.76,9.25,0.9093,0,0,6,14,3,1,4,6.6,10.0,1,3,1,1,0,25,0
ISW-2020-04302,7.87,8.04,0.855,1,1,5,27,5,1,29,5.2,8.8,0,1,2,0,0,18,1
ISW-2022-04303,8.71,8.33,0.7646,2,1,1,61,10,1,87,5.6,8.9,0,1,2,0,1,23,1
ISW-2018-04304,7.64,7.51,0.7879,3,2,6,4,2,1,8,4.5,8.0,0,0,2,0,0,27,0
ISW-2021-04305,8.81,9.02,0.7562,0,0,7,0,1,0,0,8.1,10.0,0,3,2,0,0,33,0
ISW-2020-04306,7.01,7.71,0.8077,0,0,7,0,1,0,0,5.3,9.4,0,1,0,0,1,21,0
ISW-2024-04307,8.18,8.02,0.7968,2,1,6,19,4,0,19,5.3,9.6,1,0,0,0,1,21,0
ISW-2020-04308,8.73,8.94,0.9545,0,0,7,7,2,0,3,6.7,10.0,1,3,0,1,0,26,0
ISW-2024-04309,8.9,8.96,0.9627,1,1,7,48,8,0,18,6.4,9.8,0,0,1,1,0,18,0
ISW-2025-04310,8.73,8.72,0.817,1,0,6,20,4,1,15,7.0,9.8,0,0,1,0,0,22,0
ISW-2019-04311,6.92,6.93,0.8408,1,0,6,13,3,1,22,3.4,8.2,0,0,0,1,1,24,0
ISW-2019-04312,7.01,7.24,0.6973,6,4,6,29,6,2,54,4.3,8.6,0,0,2,1,0,24,1
ISW-2024-04313,7.69,7.64,0.9106,2,2,7,5,2,1,4,4.7,9.1,0,2,1,0,0,24,0
ISW-2020-04314,7.1,7.93,0.8158,0,0,6,35,6,0,30,6.0,9.4,0,1,1,0,0,23,0
ISW-2019-04315,8.8,8.39,0.7397,0,0,7,0,1,0,0,7.5,9.0,0,3,0,1,1,23,0
ISW-2025-04316,8.96,8.74,0.7774,1,1,6,20,4,0,23,5.3,9.2,1,0,0,1,0,22,0
ISW-2021-04317,7.02,6.6,0.7282,1,0,5,48,8,0,95,4.3,7.6,1,1,0,1,1,23,0
ISW-2020-04318,8.33,8.52,0.9642,1,1,5,34,6,0,21,6.0,9.4,0,1,0,0,0,24,0
ISW-2019-04319,8.44,8.18,0.8764,1,1,6,41,7,1,34,7.1,9.5,1,1,1,1,1,20,0
ISW-2018-04320,9.37,8.87,0.9018,0,0,6,7,2,0,2,5.6,10.0,0,1,0,0,0,19,0
ISW-2020-04321,6.74,6.7,0.9134,6,5,6,29,6,2,63,4.1,7.9,1,1,0,0,1,24,0
ISW-2022-04322,6.96,6.64,0.8484,3,1,7,18,4,0,35,3.3,7.0,0,1,0,0,1,22,0
ISW-2025-04323,8.53,7.95,0.859,0,0,6,21,4,1,20,5.9,9.3,0,2,1,1,0,24,0
ISW-2020-04324,9.82,9.71,0.8693,0,0,5,0,1,0,0,6.8,10.0,0,0,0,0,0,23,1
ISW-2019-04325,7.14,7.08,0.8616,0,0,7,0,1,0,0,4.9,7.7,0,1,2,0,1,22,0
ISW-2022-04326,8.65,8.33,0.8412,1,0,6,20,4,0,14,4.9,10.0,0,1,0,1,0,20,0
ISW-2024-04327,8.22,8.11,0.8208,0,0,6,0,1,0,0,6.9,9.1,0,0,2,0,1,20,0
ISW-2022-04328,7.62,8.05,0.8395,0,0,6,28,5,0,15,5.0,9.8,0,0,0,1,1,27,0
ISW-2020-04329,8.21,8.15,0.938,0,0,6,35,6,1,34,4.9,8.5,0,3,0,0,0,24,0
ISW-2018-04330,8.11,8.04,0.8938,1,1,6,48,8,0,36,5.5,9.6,0,0,2,0,0,27,0
ISW-2024-04331,7.31,7.23,0.7993,0,0,6,0,1,0,0,5.9,8.4,0,0,1,0,0,20,0
ISW-2020-04332,7.64,7.41,0.8799,0,0,6,49,8,0,60,5.5,7.8,0,1,1,1,1,20,0
ISW-2018-04333,8.04,8.05,0.8488,0,0,5,0,1,0,0,5.1,9.4,0,0,1,1,0,21,0
ISW-2024-04334,8.28,8.37,0.9083,0,0,6,14,3,0,9,6.2,9.3,0,0,0,0,1,21,0
ISW-2023-04335,6.77,6.67,0.6491,1,1,6,34,6,0,63,3.2,7.1,0,0,1,1,0,22,1
ISW-2018-04336,7.11,7.17,0.9066,0,0,7,0,1,0,0,5.5,8.8,1,0,0,1,1,27,0
ISW-2023-04337,7.33,7.33,0.8683,0,0,7,0,1,0,0,4.9,9.1,0,0,1,0,0,21,0
ISW-2018-04338,8.03,7.75,0.8547,0,0,6,0,1,0,0,6.8,9.3,0,2,2,0,0,21,0
ISW-2021-04339,8.17,7.87,0.7676,3,3,5,11,3,0,23,6.3,8.2,0,0,2,1,0,24,1
ISW-2019-04340,8.84,8.87,0.8904,1,0,7,34,6,0,27,7.1,9.9,0,0,1,0,0,23,0
ISW-2019-04341,8.1,7.9,0.7771,0,0,5,0,1,0,0,6.5,9.3,0,1,1,1,0,27,0
ISW-2021-04342,7.8,8.06,0.937,0,0,7,0,1,0,0,5.5,9.8,0,0,0,0,1,24,0
ISW-2020-04343,8.46,8.64,0.9194,0,0,7,21,4,1,7,5.5,9.8,1,0,0,1,0,20,0
ISW-2021-04344,7.19,7.47,0.7531,4,2,5,3,2,1,12,4.9,8.7,0,0,2,1,0,22,1
ISW-2020-04345,8.4,8.24,0.963,1,1,7,27,5,0,21,6.3,9.8,0,0,1,0,1,20,1
ISW-2023-04346,7.49,7.67,0.9074,3,1,7,46,8,0,36,4.7,8.7,0,0,0,0,1,22,0
ISW-2022-04347,9.66,9.7,0.8337,2,2,7,26,5,0,12,6.7,10.0,0,0,1,0,0,22,0
ISW-2018-04348,8.25,8.33,0.8718,1,0,6,41,7,1,27,7.3,9.8,1,2,0,1,0,20,0
ISW-2018-04349,7.76,7.94,0.8527,3,2,7,11,3,0,10,5.4,8.9,0,3,2,0,0,21,0
ISW-2018-04350,8.25,9.29,0.9604,1,1,5,34,6,0,18,7.9,10.0,0,2,2,0,0,19,0
ISW-2019-04351,9.07,8.89,0.8292,0,0,6,0,1,0,0,6.6,10.0,1,0,0,1,0,22,0
ISW-2019-04352,6.89,6.8,0.8784,0,0,7,0,1,0,0,4.5,7.1,0,2,0,0,0,26,0
ISW-2018-04353,9.07,9.07,0.9144,0,0,5,21,4,1,11,6.6,10.0,0,1,1,0,1,22,0
ISW-2022-04354,7.3,7.82,0.8649,0,0,6,0,1,0,0,5.0,8.6,1,0,0,0,1,25,0
ISW-2023-04355,6.44,6.52,0.7912,5,4,6,37,7,1,81,3.0,7.3,0,3,2,1,0,26,1
ISW-2021-04356,8.07,7.97,0.9491,1,0,6,27,5,0,29,6.1,9.0,0,2,0,0,0,22,0
ISW-2021-04357,8.36,8.51,0.9355,0,0,5,56,9,1,40,5.5,10.0,1,0,0,1,1,22,0
ISW-2018-04358,8.65,8.71,0.8395,1,0,5,6,2,1,3,6.8,9.1,0,3,0,0,1,22,0
ISW-2023-04359,7.64,7.71,0.8577,1,1,5,13,3,0,17,4.3,8.8,0,0,1,1,1,19,0
ISW-2020-04360,9.51,9.23,0.8566,1,1,6,27,5,1,9,7.8,10.0,0,1,1,0,1,20,0
ISW-2018-04361,8.34,8.57,0.9039,0,0,7,7,2,1,6,6.1,9.2,0,0,2,0,1,23,0
ISW-2025-04362,5.66,5.84,0.8103,2,1,6,12,3,1,25,4.4,6.8,0,0,2,1,1,20,1
ISW-2021-04363,8.78,8.86,0.7724,2,2,6,19,4,0,23,5.9,10.0,0,3,1,1,0,23,1
ISW-2018-04364,7.07,7.04,0.8421,3,2,7,53,9,0,81,4.7,8.6,0,1,0,0,1,22,0
ISW-2018-04365,7.75,8.14,0.9156,1,1,5,27,5,1,16,6.7,8.7,1,0,0,0,1,23,0
ISW-2024-04366,6.98,6.51,0.8146,0,0,6,0,1,0,0,4.5,7.9,0,2,2,0,0,25,0
ISW-2023-04367,7.11,6.42,0.8707,3,2,7,11,3,1,27,5.4,7.5,1,2,0,0,1,22,1
ISW-2019-04368,7.0,6.79,0.8219,2,1,7,19,4,0,34,4.3,7.2,1,3,2,1,0,23,1
ISW-2025-04369,9.16,8.75,0.8634,0,0,7,0,1,0,0,7.3,10.0,1,3,2,1,0,20,0
ISW-2018-04370,6.09,6.59,0.9367,4,2,6,10,3,1,27,5.4,7.0,1,3,1,0,0,19,0
ISW-2018-04371,10.0,9.78,0.9772,1,0,6,6,2,0,3,7.0,10.0,1,1,1,0,1,21,1
ISW-2020-04372,6.58,7.13,0.836,0,0,6,0,1,0,0,6.1,8.8,0,0,2,0,0,23,0
ISW-2018-04373,7.88,8.0,0.8615,3,1,7,11,3,0,9,5.6,9.7,0,3,1,0,1,23,0
ISW-2019-04374,9.12,8.9,0.7577,0,0,5,0,1,0,0,5.8,10.0,1,0,1,0,1,21,0
ISW-2024-04375,8.92,8.73,0.91,3,2,7,18,4,1,10,5.9,9.4,0,0,0,1,0,24,0
ISW-2020-04376,8.58,8.45,0.826,0,0,7,0,1,0,0,6.9,9.9,0,0,0,0,0,23,0
ISW-2021-04377,8.08,8.63,0.8395,0,0,7,28,5,0,22,6.8,9.2,1,0,0,0,0,24,0
ISW-2022-04378,8.33,8.16,0.7375,0,0,7,0,1,0,0,7.3,9.2,0,1,2,1,1,20,0
ISW-2024-04379,8.6,8.41,0.8969,3,3,5,39,7,0,31,7.0,9.3,0,3,1,0,1,19,0
ISW-2024-04380,8.01,8.46,0.8379,0,0,7,0,1,0,0,6.2,9.2,0,1,1,0,0,20,0
ISW-2022-04381,8.25,8.32,0.8726,1,1,7,13,3,0,10,5.7,9.8,0,1,0,0,1,19,0
ISW-2019-04382,5.26,5.71,0.7204,3,2,5,4,2,0,13,4.1,6.9,0,0,2,0,1,21,1
ISW-2018-04383,8.36,8.51,0.8869,0,0,7,7,2,1,4,6.7,10.0,0,1,0,0,1,19,0
ISW-2018-04384,9.64,9.8,0.9376,1,1,5,13,3,1,3,7.1,10.0,1,0,1,0,0,25,0
ISW-2025-04385,8.78,9.19,0.835,1,1,7,34,6,1,16,7.1,9.8,0,0,0,1,0,21,0
ISW-2018-04386,8.14,8.06,0.9042,1,1,5,48,8,0,62,5.4,9.3,0,1,2,0,1,26,1
ISW-2021-04387,8.48,8.54,0.8148,0,0,6,7,2,1,7,7.0,9.2,1,1,1,0,0,20,0
ISW-2025-04388,8.9,8.54,0.8176,0,0,5,0,1,0,0,7.2,10.0,1,0,0,1,0,27,0
ISW-2018-04389,8.58,8.66,0.9319,1,1,5,27,5,0,18,6.1,9.4,0,0,0,0,0,24,0
ISW-2021-04390,9.03,9.26,0.9991,1,1,7,20,4,1,7,7.5,10.0,0,0,0,0,0,19,0
ISW-2022-04391,8.52,8.81,0.8545,0,0,7,0,1,0,0,5.8,9.9,0,1,0,0,1,24,0
ISW-2020-04392,9.32,9.05,0.9091,0,0,5,28,5,0,18,7.5,9.6,1,0,0,0,1,27,0
ISW-2024-04393,7.72,7.66,0.812,1,1,7,13,3,0,11,6.2,8.1,0,0,0,0,1,30,0
ISW-2019-04394,8.9,8.72,0.9302,0,0,7,21,4,0,13,7.5,9.1,0,2,0,1,1,19,0
ISW-2023-04395,10.0,10.0,0.8984,0,0,5,7,2,1,5,9.0,10.0,1,1,0,0,1,19,0
ISW-2018-04396,8.73,8.66,0.9103,0,0,5,14,3,1,10,6.6,9.8,0,0,1,0,1,23,0
ISW-2025-04397,8.46,8.23,0.8226,0,0,6,0,1,0,0,6.9,9.3,0,1,0,0,1,24,0
ISW-2025-04398,8.14,8.23,0.783,1,1,6,27,5,0,25,6.2,9.0,1,0,0,0,1,25,0
ISW-2022-04399,7.94,7.73,0.7203,0,0,7,0,1,0,0,6.4,8.6,1,0,2,1,1,19,0
ISW-2018-04400,8.43,8.57,0.7732,1,1,7,34,6,1,37,6.3,9.4,0,1,0,1,0,19,0
ISW-2020-04401,9.42,9.9,0.9044,1,0,5,34,6,0,12,8.8,10.0,0,0,1,1,0,20,0
ISW-2018-04402,7.83,8.38,0.9384,0,0,7,28,5,1,23,6.6,9.4,0,0,2,0,0,18,0
ISW-2022-04403,8.85,8.75,0.8056,0,0,6,0,1,0,0,5.3,9.6,0,2,1,0,1,18,0
ISW-2019-04404,8.83,8.55,0.8485,1,1,5,6,2,0,3,6.7,9.1,0,1,0,1,1,21,0
ISW-2021-04405,8.8,8.73,0.6846,1,0,6,13,3,0,15,5.7,10.0,1,3,0,0,1,22,0
ISW-2021-04406,6.61,7.01,0.758,2,1,5,19,4,1,47,5.5,7.8,0,2,2,0,1,21,1
ISW-2021-04407,8.11,8.01,0.8714,0,0,5,49,8,0,27,5.7,9.8,0,0,2,0,1,20,0
ISW-2021-04408,7.72,8.25,0.8627,0,0,7,7,2,0,5,6.0,9.4,0,1,0,0,0,18,0
ISW-2019-04409,7.03,7.49,0.898,2,1,5,40,7,1,51,4.7,8.5,1,0,1,1,0,25,0
ISW-2022-04410,7.17,7.63,0.7451,0,0,6,0,1,0,0,6.6,8.5,0,1,2,1,1,26,0
ISW-2025-04411,9.08,9.17,0.9639,0,0,7,7,2,1,5,8.3,10.0,0,0,2,0,0,20,0
ISW-2021-04412,8.18,7.56,0.7659,0,0,7,0,1,0,0,5.3,8.7,0,0,0,0,1,25,0
ISW-2024-04413,8.58,8.9,0.9115,1,1,5,27,5,0,12,7.0,9.2,0,0,0,1,1,27,0
ISW-2023-04414,8.99,8.55,0.8803,0,0,5,0,1,0,0,6.5,9.9,1,2,0,0,0,24,0
ISW-2023-04415,9.83,9.58,0.8939,0,0,6,7,2,0,1,7.6,9.9,1,0,0,1,1,22,0
ISW-2025-04416,7.61,7.43,0.8496,1,1,5,34,6,0,34,6.4,9.1,0,1,1,0,1,29,1
ISW-2020-04417,8.27,8.02,0.8013,0,0,7,14,3,1,6,5.3,9.4,0,2,0,1,1,24,0
ISW-2019-04418,8.39,8.1,0.8898,0,0,5,0,1,0,0,5.3,9.8,1,1,0,0,1,25,0
ISW-2022-04419,7.57,7.07,0.9658,0,0,7,0,1,0,0,6.0,7.5,0,0,0,0,0,22,0
ISW-2020-04420,7.97,8.41,0.7691,1,0,5,13,3,0,15,6.6,9.4,1,0,2,1,1,24,0
ISW-2023-04421,5.21,5.36,0.8029,4,3,6,3,2,1,14,4.3,6.0,0,3,2,1,0,22,0
ISW-2022-04422,7.93,7.7,0.8812,0,0,5,0,1,0,0,5.3,8.7,0,1,2,1,0,21,0
ISW-2020-04423,8.4,8.53,0.8107,0,0,7,21,4,0,15,5.1,9.9,0,0,2,0,0,18,0
ISW-2019-04424,7.08,6.89,0.7574,3,2,6,4,2,1,15,6.0,7.5,0,3,2,1,1,20,1
ISW-2021-04425,8.63,8.72,0.9675,1,1,7,20,4,1,12,7.4,10.0,0,0,0,0,1,19,0
ISW-2020-04426,9.26,9.32,0.6416,2,2,7,5,2,1,4,6.5,10.0,1,0,0,0,0,20,0
ISW-2019-04427,8.52,8.05,0.768,0,0,6,0,1,0,0,5.5,9.3,0,0,2,0,1,24,0
ISW-2020-04428,7.15,7.32,0.7089,0,0,7,0,1,0,0,4.2,8.3,0,0,1,0,1,24,0
ISW-2023-04429,8.61,8.38,0.8662,0,0,7,7,2,0,8,7.0,9.5,0,0,0,1,1,20,0
ISW-2023-04430,6.63,6.63,0.8855,0,0,7,0,1,0,0,4.4,7.1,1,1,2,1,0,26,0
ISW-2023-04431,7.82,8.14,0.8581,1,1,6,6,2,1,5,6.0,8.9,0,0,0,0,0,26,0
ISW-2018-04432,7.93,8.23,0.8959,0,0,5,42,7,1,31,6.6,10.0,0,1,2,0,0,20,0
ISW-2021-04433,6.54,6.1,0.8804,6,5,6,29,6,2,66,3.6,6.7,0,2,1,0,1,24,0
ISW-2018-04434,9.92,9.43,0.946,0,0,6,7,2,0,2,7.9,10.0,0,2,0,0,0,24,0
ISW-2018-04435,9.1,9.16,0.7505,0,0,6,21,4,0,23,7.3,10.0,1,0,2,0,0,20,0
ISW-2023-04436,7.52,7.86,0.8509,0,0,6,21,4,1,18,6.7,8.5,0,2,1,1,1,23,1
ISW-2018-04437,8.62,8.66,0.8027,2,1,6,33,6,1,14,5.8,10.0,0,0,1,0,0,25,0
ISW-2025-04438,8.91,8.66,0.7879,3,2,5,4,2,0,8,7.0,9.2,1,1,1,0,1,21,0
ISW-2019-04439,9.94,9.44,0.7627,2,1,6,5,2,1,4,6.7,10.0,0,0,0,1,1,25,0
ISW-2019-04440,5.71,6.19,0.955,2,2,5,5,2,1,13,3.4,7.4,0,1,0,0,0,26,0
ISW-2023-04441,7.96,7.5,0.8867,0,0,7,0,1,0,0,5.7,8.3,0,0,0,0,0,28,0
ISW-2020-04442,9.58,9.42,0.9153,0,0,5,7,2,0,2,7.9,10.0,1,1,0,0,0,21,0
ISW-2020-04443,7.6,7.72,0.7545,1,1,6,41,7,1,65,5.0,9.3,1,0,0,0,1,19,0
ISW-2025-04444,7.65,7.62,0.9615,1,0,7,48,8,0,54,6.2,8.7,0,0,0,0,0,20,0
ISW-2024-04445,9.02,8.61,0.8559,0,0,5,0,1,0,0,6.8,9.8,1,1,0,1,0,26,0
ISW-2024-04446,7.31,7.35,0.8272,1,1,5,13,3,1,16,4.0,8.9,0,0,1,0,0,23,0
ISW-2024-04447,9.66,9.58,0.8761,2,2,6,5,2,0,0,8.4,10.0,0,1,0,1,0,26,0
ISW-2024-04448,6.05,6.44,0.7495,2,2,6,12,3,0,31,4.4,7.9,0,1,0,1,1,25,0
ISW-2018-04449,7.37,7.43,0.7324,0,0,6,21,4,0,38,3.9,8.1,0,1,2,1,0,28,0
ISW-2020-04450,7.19,7.14,0.9198,0,0,6,0,1,0,0,5.0,8.3,0,1,2,1,1,23,0
ISW-2025-04451,7.92,7.76,0.8092,1,1,6,34,6,1,32,6.9,8.4,1,2,2,1,1,27,1
ISW-2022-04452,6.9,6.99,0.7506,2,1,5,54,9,0,108,3.6,8.6,0,3,0,1,1,19,1
ISW-2025-04453,7.92,7.96,0.908,1,1,6,20,4,1,16,4.6,8.7,1,0,1,0,1,19,0
ISW-2022-04454,7.51,7.6,0.8931,1,1,7,20,4,0,23,4.7,9.3,0,1,0,0,0,25,0
ISW-2019-04455,6.24,6.23,0.7802,4,2,6,10,3,2,26,3.7,7.7,0,1,1,1,0,26,1
ISW-2022-04456,9.44,9.63,0.9621,0,0,5,7,2,1,1,7.5,10.0,0,0,2,1,0,27,0
ISW-2018-04457,9.29,9.51,0.9017,0,0,5,0,1,0,0,6.8,10.0,0,0,0,1,0,22,0
ISW-2020-04458,7.27,6.99,0.7923,2,1,5,19,4,1,44,4.6,8.6,0,0,2,0,1,25,1
ISW-2025-04459,6.83,6.58,0.7417,0,0,6,0,1,0,0,4.5,7.2,0,1,1,1,0,21,0
ISW-2020-04460,10.0,9.49,0.9321,0,0,7,35,6,0,14,7.1,9.8,1,0,0,1,0,23,0
ISW-2019-04461,8.94,8.92,0.872,2,1,6,12,3,0,6,7.9,10.0,1,1,0,1,1,22,0
ISW-2023-04462,5.56,5.49,0.8545,4,3,7,10,3,1,28,3.2,6.2,0,1,2,0,1,20,0
ISW-2019-04463,9.5,9.28,0.8891,1,0,7,6,2,0,0,5.9,10.0,0,1,0,0,1,21,0
ISW-2020-04464,8.89,9.33,0.9259,1,1,5,55,9,1,31,5.9,10.0,0,0,0,0,0,20,0
ISW-2021-04465,8.48,8.6,0.901,0,0,5,0,1,0,0,7.7,9.6,1,2,0,0,1,20,0
ISW-2021-04466,8.73,9.0,0.9197,0,0,5,0,1,0,0,7.6,10.0,0,1,2,0,0,19,0
ISW-2024-04467,8.06,8.14,0.8673,0,0,5,0,1,0,0,6.6,9.5,0,0,0,0,1,24,0
ISW-2020-04468,8.19,7.94,0.8696,1,1,6,20,4,1,25,6.8,8.8,0,0,2,1,1,26,1
ISW-2023-04469,7.99,8.4,0.9228,0,0,1,63,10,0,57,6.2,9.9,0,0,1,0,1,26,0
ISW-2020-04470,7.41,7.24,0.8578,2,2,6,5,2,1,9,4.0,7.8,0,3,0,1,0,19,0
ISW-2024-04471,7.77,7.57,0.7248,2,1,5,40,7,1,62,6.0,8.8,0,0,0,0,1,24,1
ISW-2021-04472,7.09,7.62,0.8135,2,2,6,5,2,0,8,6.6,9.1,0,0,1,1,0,25,1
ISW-2018-04473,7.59,7.86,0.8703,0,0,5,21,4,1,21,5.8,8.4,0,0,0,0,0,23,0
ISW-2024-04474,7.22,6.91,0.8203,0,0,6,0,1,0,0,4.9,8.0,0,0,0,0,1,24,0
ISW-2025-04475,9.74,9.2,0.9841,1,0,7,13,3,0,5,7.6,9.6,0,0,0,0,0,22,0
ISW-2020-04476,9.1,9.2,0.8807,0,0,6,21,4,0,1,6.6,9.6,1,2,2,0,0,22,0
ISW-2023-04477,7.75,7.78,0.8668,4,2,7,10,3,1,13,7.0,9.1,0,1,1,0,0,23,0
ISW-2021-04478,8.1,8.27,0.6878,1,1,7,6,2,1,11,5.2,10.0,1,2,0,1,0,20,0
ISW-2022-04479,8.76,9.23,0.9646,1,1,6,34,6,1,13,7.6,10.0,0,0,0,1,0,20,0
ISW-2020-04480,8.54,7.94,0.9248,0,0,7,56,9,0,41,4.7,8.9,1,1,0,0,1,25,0
ISW-2024-04481,8.08,8.26,0.7988,1,1,6,13,3,1,20,4.9,10.0,1,2,1,1,0,22,0
ISW-2022-04482,8.89,8.87,0.938,0,0,6,21,4,0,9,7.8,9.8,0,1,0,0,1,25,0
ISW-2025-04483,6.82,7.07,0.773,0,0,6,35,6,0,66,5.1,8.1,1,2,2,0,1,20,0
ISW-2023-04484,7.56,8.15,0.8918,1,1,7,6,2,0,6,4.7,8.5,0,0,2,0,1,27,0
ISW-2018-04485,8.11,7.95,0.7165,3,2,6,39,7,1,66,5.7,8.9,1,1,0,0,1,26,1
ISW-2021-04486,6.92,7.18,0.8473,0,0,6,7,2,0,10,6.3,8.5,0,1,2,0,1,24,0
ISW-2019-04487,8.43,8.25,0.9807,0,0,7,35,6,0,24,6.4,10.0,0,0,1,1,0,22,0
ISW-2023-04488,8.99,8.85,0.9453,0,0,5,0,1,0,0,5.7,10.0,0,2,1,0,1,18,0
ISW-2022-04489,9.38,9.14,0.8387,0,0,6,7,2,1,2,6.7,10.0,1,0,0,1,0,18,0
ISW-2021-04490,8.5,8.2,0.8742,1,1,6,13,3,0,10,5.0,8.9,1,0,2,0,0,25,0
ISW-2024-04491,8.15,8.11,0.8678,3,2,5,11,3,0,3,5.0,9.2,0,2,0,0,1,24,0
ISW-2019-04492,10.0,9.88,0.8699,0,0,7,42,7,0,15,8.4,10.0,1,1,2,0,0,24,0
ISW-2022-04493,10.0,9.99,0.942,1,1,1,62,10,1,30,7.8,10.0,1,2,0,0,1,25,0
ISW-2024-04494,7.69,7.85,0.8133,0,0,6,0,1,0,0,4.4,8.4,0,2,0,0,1,20,0
ISW-2018-04495,7.51,7.53,0.736,6,1,7,1,2,2,13,5.6,8.9,0,0,2,1,1,26,1
ISW-2019-04496,8.14,7.81,0.9166,0,0,6,7,2,1,6,5.7,8.9,0,1,0,1,0,23,0
ISW-2023-04497,8.34,8.48,0.9137,2,2,6,12,3,0,17,6.3,9.7,0,3,0,0,0,27,0
ISW-2024-04498,8.62,8.84,0.918,0,0,7,14,3,1,9,6.3,10.0,0,0,2,0,0,23,0
ISW-2021-04499,10.0,10.0,0.9668,0,0,5,42,7,0,12,6.7,10.0,1,1,0,0,0,24,0
ISW-2018-04500,7.94,8.23,0.7897,2,1,7,33,6,1,40,5.2,9.1,0,3,2,0,1,21,1
ISW-2021-04501,8.55,8.77,0.8731,0,0,5,0,1,0,0,6.4,10.0,0,0,2,1,1,20,0
ISW-2023-04502,6.98,7.2,0.9186,3,2,5,11,3,0,15,6.4,8.2,0,3,0,0,1,21,0
ISW-2021-04503,7.26,7.34,0.9095,2,2,5,19,4,1,19,4.7,9.0,0,1,1,1,1,20,0
ISW-2021-04504,7.57,7.23,0.85,3,2,7,11,3,1,17,6.1,8.9,0,2,2,1,0,19,1
ISW-2018-04505,8.07,8.15,0.9477,0,0,7,0,1,0,0,6.5,9.5,0,1,2,0,0,24,0
ISW-2022-04506,8.19,7.88,0.8035,2,2,7,5,2,1,4,5.6,9.0,0,1,0,1,1,21,0
ISW-2021-04507,9.91,9.46,0.7977,0,0,5,14,3,0,9,8.2,10.0,0,2,1,1,0,26,0
ISW-2020-04508,8.08,8.13,0.8675,0,0,7,0,1,0,0,4.8,8.9,0,0,1,0,0,26,0
ISW-2022-04509,8.69,8.36,0.8281,0,0,5,28,5,0,18,4.9,9.9,1,1,0,1,1,19,0
ISW-2025-04510,7.74,7.46,0.8788,3,1,6,4,2,1,6,5.7,8.6,0,3,1,0,0,26,0
ISW-2024-04511,8.08,8.29,0.8603,1,1,5,20,4,1,19,5.1,9.2,0,3,0,1,0,26,0
ISW-2020-04512,7.34,7.64,0.6871,1,1,7,13,3,1,25,4.3,8.5,0,3,0,1,0,22,1
ISW-2022-04513,9.08,8.7,0.7536,1,1,7,41,7,1,55,7.9,10.0,0,1,0,1,0,23,0
ISW-2025-04514,9.87,9.82,0.9358,0,0,6,0,1,0,0,9.0,10.0,1,1,2,1,1,24,0
ISW-2019-04515,7.08,6.85,0.8324,0,0,7,0,1,0,0,5.0,7.7,0,1,0,1,0,22,0
ISW-2021-04516,9.87,9.42,0.9382,0,0,5,7,2,0,2,6.5,10.0,1,1,0,0,1,18,0
ISW-2018-04517,8.5,8.56,0.8877,1,0,5,13,3,0,6,6.8,9.4,1,1,0,1,0,22,0
ISW-2024-04518,6.81,6.81,0.8463,1,1,7,6,2,0,13,5.7,7.1,0,0,0,1,0,19,0
ISW-2023-04519,7.47,7.94,0.9113,1,1,5,27,5,0,35,6.5,8.6,0,0,2,1,0,26,1
ISW-2023-04520,8.47,8.37,0.8274,1,1,6,6,2,1,1,5.6,9.8,0,1,0,1,1,24,0
ISW-2023-04521,9.09,8.7,0.9498,0,0,5,0,1,0,0,7.5,9.0,1,0,0,0,0,25,0
ISW-2024-04522,8.63,8.48,0.8648,1,1,6,13,3,0,8,7.2,9.5,0,0,2,0,1,23,0
ISW-2024-04523,7.81,8.07,0.7823,0,0,5,35,6,1,54,6.4,8.5,0,0,0,1,1,25,0
ISW-2018-04524,9.89,9.88,0.8836,1,1,7,41,7,1,16,8.3,10.0,0,2,0,1,0,22,0
ISW-2025-04525,7.64,7.56,0.8002,2,1,5,26,5,0,27,4.7,8.2,0,3,2,1,0,21,1
ISW-2024-04526,7.98,7.93,0.9074,0,0,7,21,4,1,13,6.8,9.4,0,1,1,0,1,20,0
ISW-2021-04527,8.29,7.77,0.8979,2,2,5,26,5,0,29,4.8,8.8,0,3,0,0,1,20,0
ISW-2019-04528,7.81,7.95,0.949,4,2,7,24,5,2,24,6.5,8.5,0,2,1,0,0,19,0
ISW-2023-04529,9.19,9.35,0.952,0,0,5,7,2,1,2,7.7,9.9,1,0,1,0,1,26,0
ISW-2022-04530,8.08,7.97,0.8336,1,1,6,20,4,1,20,5.7,9.4,0,0,1,1,1,21,1
ISW-2025-04531,8.87,8.44,0.846,1,1,6,34,6,0,27,6.7,9.5,0,0,0,0,1,21,0
ISW-2025-04532,9.23,8.62,0.8553,0,0,7,7,2,1,8,7.7,9.2,0,0,2,0,0,22,0
ISW-2021-04533,9.06,8.93,0.7507,2,1,6,19,4,0,25,7.7,10.0,1,1,1,0,0,19,0
ISW-2021-04534,7.56,7.66,0.8934,1,0,6,13,3,0,10,6.5,9.3,0,0,1,1,0,29,0
ISW-2020-04535,7.7,7.93,0.9496,2,2,6,12,3,1,16,5.2,9.1,1,3,2,0,1,22,0
ISW-2019-04536,6.79,7.05,0.7035,0,0,6,0,1,0,0,5.5,8.5,0,1,2,0,0,27,0
ISW-2019-04537,8.5,8.0,0.904,1,0,5,20,4,0,10,6.2,8.6,1,0,1,0,1,26,0
ISW-2021-04538,9.09,8.68,0.8297,1,1,6,41,7,0,19,6.6,9.3,0,3,0,0,0,21,0
ISW-2018-04539,8.4,8.78,0.935,0,0,7,0,1,0,0,7.4,9.2,1,3,0,0,0,19,0
ISW-2023-04540,8.76,8.55,0.87,1,0,7,6,2,1,3,5.7,9.5,0,2,1,1,0,22,0
ISW-2025-04541,8.39,8.51,0.9046,0,0,6,0,1,0,0,6.8,9.5,1,2,0,0,1,25,0
ISW-2021-04542,8.33,8.04,0.9133,0,0,6,0,1,0,0,5.5,9.7,1,3,1,0,0,18,0
ISW-2022-04543,8.21,8.14,0.9009,3,2,1,60,10,1,63,5.4,8.6,0,1,1,0,1,21,0
ISW-2020-04544,7.15,7.38,0.8334,1,0,5,13,3,0,11,4.1,8.6,0,2,1,0,1,23,0
ISW-2022-04545,7.54,7.16,0.8895,2,1,6,5,2,1,7,4.8,8.5,0,0,0,0,1,25,0
ISW-2025-04546,7.67,7.69,0.9396,2,2,7,5,2,0,4,5.2,8.6,0,1,2,1,1,20,0
ISW-2020-04547,8.28,7.98,0.7773,2,1,1,61,10,1,83,4.5,8.7,0,1,1,0,1,24,1
ISW-2021-04548,9.13,9.36,0.9145,0,0,6,7,2,1,2,6.6,10.0,0,0,0,0,1,21,0
ISW-2024-04549,8.6,8.64,0.8387,0,0,5,28,5,1,19,7.4,9.2,0,0,1,1,0,24,0
ISW-2025-04550,6.25,6.85,0.7763,4,2,6,3,2,1,12,4.5,8.1,0,0,0,1,0,18,1
ISW-2024-04551,7.37,7.72,0.8639,0,0,5,0,1,0,0,5.9,8.8,1,0,1,0,1,25,0
ISW-2024-04552,9.2,9.36,0.9028,1,1,6,27,5,0,13,7.9,10.0,0,0,0,0,0,21,0
ISW-2025-04553,7.15,7.69,0.8252,0,0,7,0,1,0,0,4.8,9.0,0,0,1,1,0,24,0
ISW-2025-04554,7.73,7.16,0.7539,4,3,7,24,5,2,50,5.5,7.7,0,2,0,0,1,25,1
ISW-2018-04555,8.58,8.53,0.9118,0,0,6,7,2,1,4,7.1,9.8,0,1,0,1,1,21,0
ISW-2023-04556,9.36,9.42,0.8922,2,2,5,26,5,1,16,6.0,10.0,0,1,0,1,0,21,0
ISW-2024-04557,9.89,9.97,0.9201,0,0,6,28,5,1,10,7.8,10.0,0,0,0,0,1,21,0
ISW-2023-04558,7.49,7.4,0.8399,1,1,6,27,5,0,34,6.3,9.1,0,2,2,0,0,22,1
ISW-2021-04559,8.39,8.21,0.879,0,0,6,0,1,0,0,6.0,8.8,0,0,2,1,0,28,0
ISW-2022-04560,9.29,8.79,0.859,0,0,5,28,5,1,9,7.4,9.9,0,0,0,0,1,22,0
ISW-2020-04561,8.61,8.42,0.7134,1,1,1,62,10,1,75,6.9,9.5,0,1,0,0,0,24,1
ISW-2021-04562,8.37,8.37,0.8508,0,0,6,7,2,0,7,7.1,8.7,0,3,1,0,1,23,0
ISW-2018-04563,9.94,9.95,0.8838,0,0,6,7,2,0,1,6.9,10.0,0,3,0,0,1,20,0
ISW-2022-04564,8.37,8.11,0.8377,1,1,7,34,6,0,24,5.4,9.2,0,2,0,1,0,19,0
ISW-2018-04565,7.61,7.75,0.7282,0,0,7,0,1,0,0,6.8,8.9,0,1,0,1,0,27,0
ISW-2023-04566,5.74,5.94,0.7219,7,4,6,14,4,2,45,4.7,6.4,0,1,1,0,1,29,1
ISW-2024-04567,7.12,7.09,0.8503,2,1,7,26,5,1,37,5.3,8.5,0,1,2,0,1,19,1
ISW-2025-04568,9.26,8.95,0.8699,0,0,6,0,1,0,0,7.1,10.0,1,0,0,1,1,21,0
ISW-2024-04569,6.76,6.95,0.8138,4,4,6,17,4,1,37,6.1,8.4,0,0,2,0,1,21,0
ISW-2020-04570,7.24,7.01,0.6347,3,3,6,18,4,0,44,4.5,8.3,0,3,2,1,1,20,1
ISW-2024-04571,6.86,7.16,0.7021,2,1,5,5,2,1,17,4.0,8.5,0,3,2,0,0,26,1
ISW-2021-04572,7.97,8.44,0.9086,0,0,7,42,7,1,20,5.4,9.1,0,0,1,0,0,22,0
ISW-2023-04573,7.79,7.24,0.9374,0,0,5,0,1,0,0,6.2,8.4,0,0,2,1,0,22,0
ISW-2021-04574,7.64,7.89,0.8878,0,0,6,7,2,1,3,5.1,9.5,1,0,1,0,0,20,0
ISW-2021-04575,9.42,9.07,0.7742,0,0,5,35,6,1,42,6.6,9.6,0,1,2,0,1,18,0
ISW-2021-04576,8.34,8.13,0.7991,0,0,5,0,1,0,0,7.0,8.7,0,0,0,0,1,28,0
ISW-2023-04577,10.0,9.47,0.9017,1,1,5,34,6,1,9,6.6,10.0,0,1,1,0,1,20,0
ISW-2021-04578,7.4,7.82,0.7934,0,0,5,0,1,0,0,5.5,8.8,0,0,1,0,1,27,0
ISW-2021-04579,8.35,8.7,0.7823,2,1,6,12,3,0,15,7.2,9.4,0,0,0,0,0,20,0
ISW-2023-04580,9.75,9.85,0.971,0,0,7,0,1,0,0,7.7,10.0,0,0,0,1,0,19,0
ISW-2023-04581,8.16,8.84,0.8828,0,0,6,28,5,0,23,5.9,9.6,1,2,0,0,0,24,0
ISW-2025-04582,8.5,8.66,0.8726,1,0,7,34,6,1,23,5.2,9.1,0,0,0,0,1,22,0
ISW-2022-04583,9.72,9.4,0.8567,2,2,6,33,6,0,21,8.5,10.0,0,1,0,1,1,23,0
ISW-2019-04584,8.5,8.26,0.8813,0,0,1,63,10,0,46,7.2,9.9,1,1,0,1,1,18,0
ISW-2020-04585,8.73,8.85,0.865,0,0,7,28,5,1,15,7.9,10.0,1,2,0,0,1,24,0
ISW-2020-04586,8.02,8.37,0.9031,2,2,7,26,5,1,12,7.4,9.7,1,0,1,1,0,22,0
ISW-2023-04587,8.36,8.9,0.8416,0,0,6,14,3,1,5,7.3,10.0,0,1,0,0,0,26,0
ISW-2018-04588,7.01,7.11,0.8454,5,3,5,44,8,2,63,3.8,8.0,0,0,0,0,0,28,1
ISW-2022-04589,9.8,9.59,0.8685,0,0,5,21,4,1,8,6.2,10.0,1,1,0,0,1,27,0
ISW-2024-04590,6.57,6.53,0.8961,1,1,6,41,7,1,86,4.1,7.2,0,1,0,0,0,25,0
ISW-2024-04591,10.0,10.0,0.84,0,0,7,7,2,0,1,6.8,10.0,1,3,0,0,1,20,0
ISW-2021-04592,8.91,8.55,0.8357,2,1,5,12,3,1,6,7.6,9.1,0,3,2,0,0,18,0
ISW-2020-04593,7.78,7.87,0.8784,2,1,5,26,5,1,20,4.7,8.3,1,2,0,0,1,23,0
ISW-2019-04594,9.29,9.39,0.8483,0,0,6,0,1,0,0,8.2,10.0,0,3,0,1,1,22,0
ISW-2023-04595,8.45,8.35,0.8396,0,0,7,0,1,0,0,5.5,9.5,0,0,1,1,0,24,0
ISW-2020-04596,7.72,7.41,0.9265,0,0,5,56,9,1,67,6.5,8.2,0,1,2,1,1,24,0
ISW-2020-04597,7.52,8.03,0.8784,0,0,7,14,3,0,8,5.1,8.7,0,0,0,1,1,25,0
ISW-2022-04598,7.38,7.43,0.6449,0,0,5,0,1,0,0,5.0,8.5,0,0,0,1,1,26,0
ISW-2025-04599,8.76,8.72,0.8806,2,2,6,5,2,0,4,7.2,9.6,1,1,1,0,0,22,0
ISW-2025-04600,7.92,8.32,0.8281,2,1,6,5,2,0,4,7.2,9.8,0,1,0,0,1,24,0
ISW-2018-04601,8.74,8.35,0.9306,1,1,6,20,4,1,17,5.3,9.9,0,1,0,0,0,20,0
ISW-2019-04602,9.06,9.14,0.9302,0,0,5,49,8,1,32,5.9,10.0,0,2,2,0,0,20,0
ISW-2019-04603,7.65,8.02,0.8993,0,0,1,63,10,1,46,6.9,8.5,0,1,2,0,0,22,0
ISW-2023-04604,8.67,8.55,0.8708,0,0,5,21,4,0,8,5.9,9.7,0,3,1,0,1,26,0
ISW-2018-04605,7.45,7.48,0.8963,3,2,6,25,5,1,32,5.1,9.0,0,2,0,0,0,21,0
ISW-2024-04606,8.27,8.54,0.7399,2,1,5,5,2,0,6,6.2,10.0,1,2,1,0,1,28,0
ISW-2021-04607,9.35,9.19,0.8549,0,0,6,42,7,1,9,5.8,10.0,0,0,2,1,0,23,0
ISW-2025-04608,5.51,6.0,0.9381,0,0,5,0,1,0,0,2.7,7.8,0,1,2,0,0,21,0
ISW-2019-04609,8.28,8.36,0.9002,0,0,7,0,1,0,0,5.8,8.8,1,1,0,0,1,22,0
ISW-2019-04610,7.86,7.89,0.7666,1,1,7,55,9,0,71,6.7,9.6,0,3,0,0,0,20,0
ISW-2024-04611,7.74,7.81,0.9097,4,3,5,38,7,2,31,6.0,8.7,1,0,0,0,0,22,0
ISW-2023-04612,9.6,9.22,0.7898,1,1,6,6,2,1,7,8.3,10.0,0,0,2,1,0,20,0
ISW-2022-04613,9.36,8.92,0.9671,1,1,7,27,5,1,17,6.6,10.0,0,0,0,0,0,26,0
ISW-2019-04614,9.08,8.52,0.945,1,1,7,13,3,0,8,6.4,9.2,0,0,0,0,0,18,0
ISW-2019-04615,7.08,7.37,0.7718,1,1,7,6,2,0,15,4.9,8.2,0,2,0,1,1,27,0
ISW-2019-04616,8.9,9.16,0.8774,0,0,5,7,2,0,1,5.8,10.0,0,0,0,0,1,31,0
ISW-2018-04617,7.57,7.89,0.905,0,0,7,0,1,0,0,6.5,9.2,0,0,2,0,0,21,0
ISW-2024-04618,8.48,8.49,0.9323,1,1,5,13,3,0,10,7.6,9.0,0,1,0,0,0,21,0
ISW-2021-04619,8.26,8.6,0.925,0,0,6,14,3,0,8,7.6,10.0,0,0,0,0,1,20,0
ISW-2020-04620,8.93,8.9,0.9456,0,0,6,14,3,1,15,6.3,9.7,1,0,1,0,0,24,0
ISW-2024-04621,7.63,8.14,0.9065,0,0,7,0,1,0,0,5.0,9.3,0,1,1,0,0,21,0
ISW-2025-04622,8.59,9.02,0.9003,1,1,7,48,8,1,21,6.0,10.0,1,1,1,0,0,20,0
ISW-2018-04623,8.33,8.42,0.6793,3,2,5,18,4,0,32,6.6,9.9,1,3,2,0,1,25,1
ISW-2021-04624,7.84,7.83,0.7009,1,0,7,41,7,1,71,5.8,9.3,1,1,0,0,1,23,0
ISW-2023-04625,7.02,7.57,0.9495,0,0,7,0,1,0,0,6.4,8.0,1,3,0,0,0,19,0
ISW-2025-04626,9.93,9.84,0.9301,1,1,6,20,4,0,3,8.9,10.0,1,0,0,0,0,19,0
ISW-2019-04627,9.04,8.51,0.8543,1,0,5,34,6,0,28,6.8,9.4,0,2,1,0,1,25,0
ISW-2022-04628,8.87,8.09,0.8475,0,0,6,7,2,1,6,5.2,9.3,0,1,2,0,0,20,0
ISW-2023-04629,7.56,7.54,0.7141,0,0,7,0,1,0,0,4.8,8.5,1,1,0,0,0,24,0
ISW-2021-04630,7.53,7.66,0.8204,3,2,7,4,2,0,8,5.2,8.7,0,1,1,0,1,24,0
ISW-2024-04631,8.62,8.53,0.9657,0,0,6,7,2,1,3,6.3,9.6,1,0,1,1,0,28,0
ISW-2020-04632,8.2,7.91,0.8175,0,0,5,14,3,0,15,5.9,9.7,1,0,2,1,0,21,0
ISW-2025-04633,8.1,7.87,0.6843,1,1,6,6,2,0,16,6.8,8.9,0,2,0,0,1,29,0
ISW-2018-04634,9.44,8.91,0.8308,0,0,5,7,2,0,4,5.8,9.4,0,2,0,1,1,25,0
ISW-2020-04635,8.25,8.37,0.918,1,1,6,20,4,0,17,4.9,9.5,0,0,1,0,0,20,0
ISW-2022-04636,9.12,9.23,0.8096,0,0,7,0,1,0,0,7.4,10.0,0,1,2,0,0,19,0
ISW-2018-04637,7.62,7.62,0.6529,3,2,6,4,2,0,13,5.4,9.0,0,1,1,0,0,22,0
ISW-2025-04638,7.68,8.29,0.8505,1,1,7,27,5,0,13,6.8,9.0,1,1,2,0,0,26,0
ISW-2022-04639,8.79,8.97,0.8003,0,0,7,0,1,0,0,8.2,10.0,0,0,0,1,0,22,0
ISW-2025-04640,7.83,7.98,0.906,0,0,6,7,2,1,6,5.5,8.4,0,2,1,0,0,27,0
ISW-2022-04641,9.7,9.84,0.849,0,0,7,0,1,0,0,9.0,10.0,1,1,0,0,0,18,0
ISW-2024-04642,7.57,7.49,0.733,0,0,5,0,1,0,0,5.3,9.2,0,1,0,1,0,20,0
ISW-2019-04643,9.8,9.5,0.9595,0,0,7,14,3,1,1,6.6,10.0,1,1,0,0,0,24,0
ISW-2022-04644,8.92,8.37,0.9582,0,0,6,0,1,0,0,5.7,9.9,0,1,0,0,1,21,0
ISW-2020-04645,8.93,9.21,0.8846,1,1,5,6,2,0,2,6.0,9.7,1,0,0,0,1,22,0
ISW-2018-04646,6.66,6.6,0.6614,1,0,1,62,10,0,124,5.0,7.1,0,3,1,1,1,22,0
ISW-2018-04647,8.58,8.65,0.8456,0,0,6,49,8,0,38,7.2,9.5,0,0,2,0,1,20,0
ISW-2021-04648,7.61,7.59,0.7501,0,0,6,0,1,0,0,5.2,9.0,0,2,0,1,1,27,0
ISW-2023-04649,8.7,8.79,0.8804,0,0,7,7,2,1,4,7.0,9.8,0,2,0,0,0,18,0
ISW-2023-04650,7.66,7.81,0.8194,1,1,5,13,3,0,19,4.5,9.2,0,1,0,1,1,23,0
ISW-2023-04651,9.35,9.46,0.8125,0,0,5,35,6,1,4,8.6,10.0,1,1,0,1,0,21,0
ISW-2018-04652,7.08,7.28,0.8919,2,0,6,33,6,0,46,5.7,8.5,1,0,0,1,1,28,0
ISW-2022-04653,8.53,8.42,0.7846,0,0,7,0,1,0,0,7.4,9.8,0,0,1,0,1,20,0
ISW-2022-04654,6.79,6.66,0.8878,0,0,6,0,1,0,0,4.6,7.7,0,1,2,0,0,20,0
ISW-2021-04655,7.87,8.38,0.8231,1,1,6,13,3,1,12,5.9,10.0,1,0,0,1,1,19,0
ISW-2024-04656,7.75,8.08,0.8827,3,1,5,39,7,1,43,6.4,8.7,1,0,1,0,1,21,0
ISW-2023-04657,8.38,8.38,0.8195,1,1,6,41,7,1,24,7.3,8.9,0,3,1,1,1,22,1
ISW-2023-04658,9.75,10.0,0.9514,0,0,5,0,1,0,0,8.5,10.0,0,0,0,1,0,24,0
ISW-2022-04659,7.47,7.69,0.9507,0,0,7,21,4,1,17,5.2,8.2,1,0,0,0,0,24,0
ISW-2020-04660,9.71,9.38,0.8715,0,0,6,0,1,0,0,7.8,9.9,0,0,0,0,1,22,0
ISW-2023-04661,7.61,7.54,0.8271,1,1,7,27,5,0,29,6.1,8.3,0,1,0,0,0,23,0
ISW-2023-04662,5.98,5.76,0.7391,4,3,5,45,8,2,102,3.9,6.1,1,1,2,1,0,24,0
ISW-2019-04663,9.72,10.0,0.9402,0,0,7,14,3,0,4,8.0,10.0,0,2,0,0,0,22,0
ISW-2023-04664,9.16,8.76,0.932,0,0,7,0,1,0,0,6.0,9.8,1,1,0,0,0,17,0
ISW-2018-04665,6.64,6.89,0.8039,2,2,7,19,4,0,34,4.2,7.9,0,0,0,1,1,23,1
ISW-2019-04666,9.32,9.92,0.8803,0,0,7,14,3,1,1,7.9,10.0,1,1,0,0,1,21,0
ISW-2019-04667,9.38,9.38,0.8672,1,1,5,34,6,1,23,7.0,10.0,1,0,2,0,1,21,1
ISW-2024-04668,8.9,8.94,0.8649,0,0,6,7,2,1,1,7.3,10.0,1,2,0,0,1,22,0
ISW-2023-04669,9.68,10.0,0.9745,1,1,5,41,7,0,15,8.3,10.0,1,0,1,0,1,22,0
ISW-2021-04670,9.03,8.99,0.9178,2,2,7,5,2,1,2,7.4,10.0,1,0,0,0,1,20,0
ISW-2024-04671,7.67,7.84,0.8156,0,0,5,0,1,0,0,6.6,8.4,0,1,0,1,0,20,0
ISW-2024-04672,7.08,6.77,0.9158,1,1,6,6,2,0,11,4.3,8.1,1,0,0,1,1,24,0
ISW-2020-04673,5.87,6.06,0.8518,0,0,7,0,1,0,0,5.3,6.8,1,1,2,1,1,24,0
ISW-2020-04674,8.06,8.11,0.7708,1,0,7,6,2,0,9,5.0,8.6,0,1,0,1,1,24,0
ISW-2020-04675,6.12,6.63,0.9471,2,1,5,19,4,0,37,3.4,7.8,0,3,1,0,1,24,1
ISW-2021-04676,8.94,8.68,0.8324,0,0,5,0,1,0,0,5.2,9.8,0,0,0,0,0,26,0
ISW-2020-04677,7.18,6.96,0.8791,0,0,7,0,1,0,0,5.8,7.8,0,1,1,0,0,20,0
ISW-2019-04678,8.91,8.99,0.9005,0,0,7,0,1,0,0,6.1,9.5,1,1,1,1,1,23,0
ISW-2020-04679,8.98,9.28,0.825,0,0,5,0,1,0,0,5.9,10.0,0,0,1,0,1,25,0
ISW-2018-04680,8.13,8.38,0.6985,2,2,7,40,7,1,58,6.3,9.2,0,1,0,1,0,23,1
ISW-2023-04681,7.41,7.45,0.9374,1,1,5,48,8,1,50,4.1,9.1,0,2,0,0,0,22,1
ISW-2022-04682,8.53,8.72,0.8426,0,0,5,0,1,0,0,6.9,10.0,0,2,2,1,0,22,0
ISW-2019-04683,8.24,8.23,0.7874,2,1,5,26,5,0,33,5.7,9.4,1,3,1,0,0,19,0
ISW-2025-04684,7.82,7.71,0.9681,3,2,7,25,5,0,34,6.0,8.3,0,1,0,1,0,18,0
ISW-2024-04685,9.08,8.81,0.9474,0,0,1,63,10,1,33,6.1,9.8,0,0,0,0,0,18,0
ISW-2019-04686,8.67,8.86,0.9011,2,1,6,5,2,0,6,8.0,9.7,0,3,0,0,0,23,0
ISW-2024-04687,9.2,9.47,0.8781,1,0,7,6,2,0,4,7.2,10.0,1,0,0,1,0,18,0
ISW-2022-04688,9.19,9.21,0.7925,1,0,7,13,3,1,4,7.0,10.0,1,1,0,0,1,22,0
ISW-2021-04689,7.9,7.87,0.8921,2,2,5,40,7,1,21,5.3,9.1,0,2,0,1,0,19,1
ISW-2019-04690,6.68,7.13,0.6387,4,1,6,24,5,1,59,4.2,8.6,0,2,0,1,1,27,1
ISW-2024-04691,9.65,9.95,0.8585,0,0,7,14,3,0,2,7.2,10.0,0,3,1,1,0,20,0
ISW-2020-04692,8.19,8.05,0.8616,1,0,6,6,2,0,4,5.0,9.2,0,0,2,0,0,23,0
ISW-2022-04693,9.1,9.47,1.0,0,0,7,28,5,0,5,7.6,10.0,1,1,1,0,0,21,0
ISW-2022-04694,7.39,7.17,0.7491,2,2,7,40,7,0,65,6.1,8.7,0,0,0,0,0,22,1
ISW-2021-04695,9.11,8.58,0.832,0,0,6,7,2,0,5,6.1,10.0,0,2,1,0,0,25,0
ISW-2021-04696,9.17,9.15,0.9245,0,0,5,21,4,0,9,8.3,10.0,0,1,0,0,0,22,0
ISW-2019-04697,7.98,8.07,0.8483,1,1,5,13,3,1,10,6.1,9.2,0,0,1,1,0,24,0
ISW-2022-04698,8.74,8.36,0.7911,1,1,5,13,3,0,14,6.3,8.7,0,2,0,1,1,22,0
ISW-2020-04699,8.14,8.18,0.8731,1,0,7,13,3,1,11,6.0,8.7,0,1,0,0,0,26,0
ISW-2021-04700,9.12,9.02,0.8079,1,0,5,34,6,0,17,6.6,9.8,0,1,1,1,0,22,0
ISW-2021-04701,9.32,9.47,0.8128,3,1,6,53,9,0,37,6.7,10.0,0,3,0,0,1,21,1
ISW-2024-04702,9.58,8.82,0.8619,0,0,5,14,3,1,5,5.4,10.0,0,1,1,0,0,21,0
ISW-2023-04703,8.66,8.98,0.9647,1,1,6,6,2,0,7,7.3,10.0,1,1,1,0,0,26,0
ISW-2023-04704,8.44,8.44,0.8133,3,2,6,4,2,0,8,6.2,9.7,0,0,0,1,1,27,0
ISW-2018-04705,6.63,6.97,0.8402,0,0,5,0,1,0,0,3.5,8.3,0,0,0,1,1,24,0
ISW-2023-04706,7.16,7.09,0.6926,4,2,6,3,2,2,15,5.2,8.2,0,0,1,0,1,19,1
ISW-2022-04707,9.62,9.41,0.8801,0,0,7,0,1,0,0,8.2,9.9,1,0,1,0,1,21,0
ISW-2025-04708,8.06,8.32,0.8802,1,1,5,13,3,1,11,6.6,8.9,1,0,2,0,0,29,0
ISW-2018-04709,8.76,9.12,0.8464,0,0,7,0,1,0,0,6.1,10.0,1,1,0,0,0,26,0
ISW-2020-04710,8.5,8.85,0.874,1,1,5,6,2,0,1,5.4,9.8,0,1,2,0,1,19,0
ISW-2021-04711,7.02,6.98,0.668,1,1,6,34,6,0,62,5.2,7.5,1,0,0,1,1,22,0
ISW-2018-04712,8.29,8.12,0.7219,2,1,7,5,2,0,9,4.7,8.5,0,1,0,1,1,23,0
ISW-2021-04713,7.7,7.61,0.8894,0,0,7,21,4,1,14,4.8,8.0,1,3,1,0,1,22,0
ISW-2018-04714,8.63,8.58,0.9013,0,0,5,42,7,1,31,5.9,10.0,1,0,0,1,0,27,0
ISW-2021-04715,8.31,8.25,0.9458,0,0,6,21,4,1,10,5.3,9.7,0,1,0,1,1,20,0
ISW-2023-04716,7.66,7.45,0.7608,0,0,5,0,1,0,0,5.4,8.0,0,0,0,0,0,22,0
ISW-2019-04717,5.71,5.63,0.8664,7,4,6,0,2,2,11,4.5,6.0,0,1,2,1,0,21,1
ISW-2020-04718,8.93,9.05,0.9103,3,2,7,18,4,0,10,7.3,10.0,0,1,2,0,0,21,0
ISW-2022-04719,7.29,7.29,0.8135,1,1,5,13,3,1,18,5.6,8.5,1,0,2,0,0,23,1
ISW-2024-04720,8.78,8.83,0.9426,0,0,7,0,1,0,0,7.8,10.0,0,0,0,0,1,27,0
ISW-2023-04721,8.1,8.34,0.7944,2,2,6,12,3,1,14,5.3,9.5,1,2,0,1,1,22,0
ISW-2020-04722,8.39,8.54,0.9314,0,0,6,14,3,1,10,5.7,9.6,1,0,2,0,1,25,0
ISW-2021-04723,9.53,9.94,0.8975,0,0,7,7,2,0,5,7.6,10.0,0,1,0,0,0,19,0
ISW-2024-04724,7.68,7.75,0.9324,5,4,7,16,4,1,18,4.6,8.7,0,1,0,0,0,18,0
ISW-2018-04725,9.43,9.48,0.7832,0,0,6,0,1,0,0,6.8,10.0,0,0,0,0,0,19,0
ISW-2019-04726,7.57,7.5,0.8361,1,1,7,6,2,1,7,6.0,8.3,1,1,1,0,0,20,0
ISW-2020-04727,9.25,9.65,0.9057,1,1,6,34,6,1,5,8.1,10.0,0,1,1,0,0,21,0
ISW-2020-04728,9.01,9.38,0.8366,0,0,6,7,2,0,2,7.4,10.0,0,0,0,1,0,18,0
ISW-2025-04729,7.23,6.97,0.8865,2,2,5,19,4,0,30,6.0,7.5,0,3,0,0,1,25,0
ISW-2021-04730,9.72,9.42,0.9659,0,0,6,14,3,1,5,6.4,10.0,1,1,1,0,0,22,0
ISW-2022-04731,8.35,8.66,0.7802,0,0,5,7,2,0,7,5.4,9.3,0,1,1,1,1,19,0
ISW-2020-04732,8.65,8.74,0.7944,1,1,6,48,8,0,55,6.9,9.4,0,0,0,1,0,29,0
ISW-2018-04733,9.23,9.59,0.934,1,0,5,6,2,0,2,6.7,10.0,1,0,0,0,0,25,0
ISW-2025-04734,9.32,9.0,0.8906,0,0,7,7,2,1,0,7.6,10.0,0,1,2,0,1,20,0
ISW-2021-04735,9.27,9.14,0.9523,1,1,6,41,7,0,22,7.2,10.0,0,1,1,0,0,26,0
ISW-2018-04736,8.42,8.42,0.9273,2,2,5,26,5,1,15,6.2,9.7,0,0,1,0,0,23,0
ISW-2024-04737,8.47,8.66,0.806,0,0,7,28,5,0,18,6.5,10.0,0,1,1,1,1,19,0
ISW-2022-04738,8.9,8.6,0.8923,0,0,5,0,1,0,0,5.4,9.6,0,1,2,0,0,24,0
ISW-2025-04739,7.68,7.56,0.8762,0,0,5,0,1,0,0,6.1,8.2,0,0,0,0,0,26,0
ISW-2019-04740,9.25,8.86,0.9099,1,1,6,20,4,1,12,7.0,9.2,0,2,0,0,0,18,0
ISW-2021-04741,8.51,8.27,0.8362,0,0,6,0,1,0,0,6.8,9.5,0,1,0,0,1,21,0
ISW-2019-04742,7.11,7.2,0.8,1,0,5,6,2,0,9,6.4,8.6,0,1,2,0,1,21,0
ISW-2024-04743,6.55,7.04,0.8752,1,1,5,34,6,0,38,4.4,8.1,0,2,0,1,1,24,1
ISW-2025-04744,9.96,9.97,0.9328,0,0,6,7,2,1,0,6.5,10.0,0,1,0,0,1,17,0
ISW-2019-04745,8.59,8.5,0.8021,0,0,7,0,1,0,0,6.9,9.5,1,3,0,0,0,26,0
ISW-2023-04746,7.11,7.19,0.8703,0,0,6,0,1,0,0,6.2,8.4,1,2,1,1,0,19,0
ISW-2024-04747,9.43,9.61,0.8555,0,0,6,14,3,0,4,6.7,10.0,0,0,1,0,1,21,0
ISW-2019-04748,9.2,9.15,0.8752,0,0,6,21,4,0,10,6.6,9.7,1,1,0,0,0,27,0
ISW-2020-04749,8.89,8.78,0.962,0,0,5,42,7,1,16,8.0,10.0,1,3,0,0,1,24,0
ISW-2020-04750,8.34,8.66,0.8884,0,0,6,0,1,0,0,7.1,10.0,0,2,1,0,1,20,0
ISW-2025-04751,7.9,8.11,0.907,0,0,5,0,1,0,0,6.8,8.8,1,0,0,0,1,28,0
ISW-2020-04752,6.98,7.27,0.9403,1,0,5,13,3,0,20,6.4,9.0,1,0,1,0,0,29,0
ISW-2020-04753,7.08,7.34,0.8195,0,0,6,7,2,0,8,6.3,7.9,0,0,0,1,1,21,0
ISW-2019-04754,7.1,6.67,0.832,4,3,5,10,3,2,26,5.8,7.7,0,2,2,1,1,21,1
ISW-2024-04755,9.28,9.32,0.8609,0,0,5,49,8,1,15,7.1,10.0,0,3,0,0,0,24,0
ISW-2025-04756,8.54,8.97,0.9359,0,0,6,14,3,1,5,6.1,9.3,0,2,1,0,1,24,0
ISW-2018-04757,8.48,8.2,0.828,1,1,7,13,3,1,13,7.0,8.7,1,0,0,1,0,21,0
ISW-2019-04758,7.98,8.22,0.9269,0,0,1,63,10,0,42,6.7,9.2,0,2,0,0,0,20,0
ISW-2021-04759,8.39,8.44,0.8488,0,0,7,0,1,0,0,5.9,9.9,0,0,1,0,1,19,0
ISW-2020-04760,9.55,9.31,0.8783,0,0,7,49,8,0,14,8.3,10.0,0,0,1,1,1,22,0
ISW-2022-04761,9.43,9.34,0.9711,0,0,5,14,3,1,6,5.9,10.0,1,0,1,0,0,20,0
ISW-2025-04762,8.51,8.15,0.6347,2,1,7,12,3,1,26,4.7,8.5,0,1,1,1,0,18,1
ISW-2019-04763,6.18,6.75,0.8195,1,0,5,48,8,1,75,3.6,7.8,1,1,1,0,1,25,0
ISW-2024-04764,8.22,8.13,0.9353,0,0,5,14,3,0,12,7.1,9.0,0,0,2,1,0,19,0
ISW-2024-04765,7.57,7.36,0.6576,2,1,7,12,3,1,20,6.1,8.4,0,0,0,0,1,21,1
ISW-2021-04766,8.89,8.79,0.9138,2,2,6,5,2,1,4,6.4,9.2,0,2,2,0,1,21,0
ISW-2023-04767,8.15,8.67,0.7974,0,0,7,21,4,1,23,7.0,9.4,0,0,0,0,0,23,0
ISW-2021-04768,9.17,9.06,0.777,0,0,7,21,4,1,24,7.3,9.6,0,1,0,1,1,20,1
ISW-2024-04769,7.94,8.43,0.9336,0,0,5,0,1,0,0,5.2,8.9,0,0,1,0,0,25,0
ISW-2018-04770,9.85,9.61,0.938,0,0,7,28,5,1,19,6.9,10.0,0,0,0,0,0,22,0
ISW-2019-04771,7.28,7.18,0.8067,4,3,6,17,4,2,33,3.9,8.9,0,0,0,1,1,22,1
ISW-2021-04772,9.68,9.01,0.7718,2,2,6,5,2,1,4,8.0,10.0,1,1,0,0,0,25,0
ISW-2025-04773,9.61,10.0,0.9197,0,0,5,0,1,0,0,8.0,10.0,1,1,0,0,0,24,0
ISW-2023-04774,7.57,8.31,0.7725,0,0,5,14,3,1,19,5.2,9.7,0,0,1,0,1,24,0
ISW-2023-04775,9.18,9.81,0.9955,0,0,6,0,1,0,0,6.7,10.0,1,2,0,1,0,23,0
ISW-2024-04776,6.79,6.51,0.9508,0,0,7,0,1,0,0,4.4,7.7,0,0,0,0,0,28,0
ISW-2022-04777,7.57,8.09,0.8529,2,1,6,12,3,0,14,5.6,8.6,0,2,0,0,1,21,0
ISW-2018-04778,8.03,8.16,0.8464,0,0,7,0,1,0,0,5.4,9.4,0,0,0,1,0,30,0
ISW-2021-04779,7.77,7.96,0.9005,3,3,5,4,2,1,2,5.4,8.4,0,3,0,0,0,18,0
ISW-2018-04780,9.73,9.39,0.8291,1,1,6,20,4,1,7,7.6,10.0,1,0,0,0,0,20,0
ISW-2024-04781,7.9,7.89,0.798,4,3,6,3,2,1,10,6.9,9.2,0,1,2,0,1,20,1
ISW-2023-04782,8.2,8.0,0.8812,0,0,1,63,10,0,50,5.3,8.6,0,1,1,0,0,21,0
ISW-2023-04783,9.19,9.25,0.8573,1,1,6,48,8,0,21,8.3,10.0,0,1,0,0,1,25,0
ISW-2024-04784,7.57,7.63,0.9104,3,2,5,18,4,1,17,4.4,8.1,0,2,0,0,0,27,0
ISW-2024-04785,9.23,9.3,0.8768,1,1,5,55,9,1,26,6.3,10.0,0,0,0,0,1,28,0
ISW-2023-04786,8.56,8.42,0.7946,3,3,7,39,7,0,53,6.1,9.8,0,0,0,1,1,26,0
ISW-2024-04787,7.24,7.36,0.8595,4,2,7,3,2,2,12,4.3,7.9,0,2,0,0,1,24,1
ISW-2018-04788,6.89,6.6,0.7373,4,3,5,24,5,2,55,4.6,8.3,0,2,2,0,1,22,0
ISW-2023-04789,9.0,9.0,0.9077,0,0,6,0,1,0,0,7.7,10.0,0,1,1,0,0,25,0
ISW-2021-04790,9.65,9.79,0.7325,0,0,5,28,5,0,23,8.8,10.0,1,1,0,1,0,19,0
ISW-2025-04791,8.77,8.74,0.87,1,1,5,13,3,1,8,6.9,9.0,0,2,0,1,0,26,0
ISW-2019-04792,8.83,8.74,0.81,0,0,7,0,1,0,0,6.5,9.3,0,2,1,1,0,21,0
ISW-2025-04793,8.98,8.81,0.8499,0,0,5,7,2,0,2,6.3,10.0,0,2,2,1,0,20,0
ISW-2018-04794,6.47,6.72,0.7453,3,2,6,53,9,0,105,4.1,7.5,0,2,0,1,1,22,0
ISW-2022-04795,9.3,9.09,0.8159,3,1,7,4,2,0,3,7.3,9.7,0,0,2,1,0,23,0
ISW-2019-04796,9.31,9.4,0.8206,0,0,7,0,1,0,0,8.1,10.0,0,1,0,0,1,19,0
ISW-2023-04797,9.0,8.49,0.8528,0,0,7,0,1,0,0,7.4,9.0,0,1,1,0,1,29,0
ISW-2021-04798,8.77,8.76,0.9046,1,0,6,13,3,0,8,5.4,10.0,0,0,0,0,0,20,0
ISW-2021-04799,8.04,8.15,0.827,1,0,7,34,6,1,36,5.9,8.9,0,2,1,0,0,24,0
ISW-2022-04800,8.9,8.94,0.9527,2,2,6,26,5,1,16,6.6,10.0,0,1,0,0,1,22,0
ISW-2021-04801,8.14,7.8,0.7719,2,2,5,12,3,0,21,7.0,9.5,0,0,0,0,0,22,0
ISW-2024-04802,8.06,7.76,0.9125,0,0,6,0,1,0,0,6.5,8.6,0,1,1,0,0,21,0
ISW-2018-04803,8.61,8.32,0.8825,0,0,5,0,1,0,0,5.3,9.6,0,0,1,1,0,22,0
ISW-2019-04804,8.26,8.86,0.8915,1,0,5,13,3,1,6,6.3,10.0,1,0,1,0,1,19,1
ISW-2019-04805,6.85,7.04,0.8183,1,1,7,34,6,1,50,4.7,8.2,0,1,0,0,0,20,0
ISW-2023-04806,9.28,9.39,0.8522,2,1,6,26,5,1,8,7.4,10.0,1,1,1,1,0,19,0
ISW-2020-04807,8.49,8.19,0.9438,0,0,6,14,3,0,9,5.3,9.1,0,1,0,0,0,21,0
ISW-2021-04808,7.78,8.11,0.8512,0,0,7,21,4,1,16,5.1,9.9,0,0,1,0,0,25,0
ISW-2019-04809,8.6,8.63,0.9354,1,0,5,13,3,1,15,6.3,9.0,0,1,0,0,0,23,0
ISW-2022-04810,9.11,9.48,0.8779,0,0,6,21,4,1,16,6.8,10.0,1,0,0,0,1,24,0
ISW-2020-04811,8.33,8.35,0.8552,1,0,7,13,3,0,10,7.4,9.1,0,3,0,1,1,26,0
ISW-2019-04812,7.1,7.01,0.8459,0,0,5,28,5,1,44,4.2,8.2,0,0,2,0,0,18,1
ISW-2025-04813,7.2,6.96,0.8251,5,5,5,9,3,1,25,4.6,8.5,0,2,1,1,1,22,1
ISW-2021-04814,8.6,8.32,0.8661,0,0,6,49,8,0,27,5.8,9.5,0,0,0,0,1,20,0
ISW-2018-04815,9.17,9.25,0.8078,2,1,7,12,3,1,6,6.5,9.6,1,0,1,1,0,21,0
ISW-2019-04816,7.45,8.01,0.7748,0,0,5,0,1,0,0,7.1,8.5,0,1,0,0,1,21,0
ISW-2025-04817,7.46,7.68,0.8459,1,1,7,6,2,0,3,6.3,9.3,0,2,0,0,1,22,0
ISW-2023-04818,7.58,7.94,0.8997,1,1,7,13,3,0,10,6.2,8.5,0,3,0,0,0,22,0
ISW-2022-04819,9.02,8.75,0.7491,2,2,6,12,3,0,16,6.6,10.0,0,1,1,0,0,25,0
ISW-2019-04820,7.59,7.32,0.8535,0,0,5,21,4,0,20,4.3,8.0,1,0,2,1,1,23,0
ISW-2021-04821,8.73,8.56,0.8633,0,0,7,28,5,1,20,5.3,10.0,1,0,2,1,0,21,0
ISW-2022-04822,9.47,8.76,0.8798,0,0,5,7,2,0,4,7.6,10.0,1,1,0,0,0,21,0
ISW-2020-04823,7.13,7.23,0.9143,3,3,5,18,4,1,32,6.4,8.1,0,0,0,1,1,23,1
ISW-2024-04824,7.47,6.85,0.7629,4,3,6,24,5,2,53,5.9,8.5,0,3,2,0,1,21,1
ISW-2021-04825,7.07,7.42,0.7168,3,2,6,11,3,0,27,6.3,8.1,0,1,0,1,1,24,1
ISW-2019-04826,8.78,8.58,0.7535,4,3,6,10,3,2,17,5.3,9.3,0,2,1,0,0,24,1
ISW-2021-04827,7.64,7.64,0.8339,0,0,5,0,1,0,0,6.4,9.0,1,2,2,0,0,27,0
ISW-2024-04828,9.11,9.05,0.7938,4,1,5,10,3,1,14,7.1,10.0,0,0,0,0,1,20,1
ISW-2021-04829,7.59,7.65,0.7702,1,1,6,34,6,0,47,5.2,8.3,0,0,0,0,1,19,0
ISW-2025-04830,7.03,7.45,0.7854,0,0,6,42,7,0,59,4.2,7.9,0,2,2,1,1,24,0
ISW-2018-04831,7.04,6.77,0.8579,1,1,7,20,4,0,45,4.9,7.5,1,0,1,0,0,18,0
ISW-2021-04832,7.07,7.31,0.9491,0,0,5,7,2,0,5,5.9,8.4,0,1,2,0,1,20,0
ISW-2025-04833,8.98,8.47,0.8018,2,0,6,26,5,0,17,5.9,8.8,1,2,1,1,0,25,0
ISW-2019-04834,9.53,9.66,0.8567,1,1,7,27,5,1,10,7.4,10.0,1,0,0,0,0,23,0
ISW-2023-04835,5.12,5.01,0.7657,5,5,6,2,2,1,12,2.4,6.1,1,2,2,0,1,18,1
ISW-2020-04836,9.1,8.81,0.9629,0,0,7,35,6,0,17,6.0,9.5,0,0,1,1,0,21,0
ISW-2025-04837,7.64,6.93,0.6961,0,0,7,0,1,0,0,3.6,7.4,0,1,2,0,1,22,0
ISW-2022-04838,8.67,8.72,0.8701,0,0,5,0,1,0,0,6.1,9.3,0,0,0,1,1,23,0
ISW-2021-04839,9.21,9.68,0.9153,0,0,7,0,1,0,0,8.7,10.0,1,1,0,0,1,23,0
ISW-2022-04840,8.06,8.24,0.9408,0,0,5,0,1,0,0,7.2,9.0,1,0,0,0,0,25,0
ISW-2019-04841,7.98,7.79,0.9383,0,0,5,42,7,1,46,6.6,8.7,0,0,0,0,0,21,0
ISW-2018-04842,7.47,7.47,0.7476,1,1,7,13,3,1,28,6.7,8.0,0,0,2,0,1,22,1
ISW-2025-04843,8.62,8.31,0.7999,0,0,5,7,2,0,9,6.3,8.8,0,0,2,0,1,20,0
ISW-2019-04844,8.46,8.46,0.8774,0,0,5,14,3,1,16,6.7,8.9,0,1,0,0,1,21,0
ISW-2021-04845,9.79,9.71,0.7979,3,1,7,4,2,1,6,7.4,10.0,0,0,2,1,0,25,0
ISW-2022-04846,8.7,8.44,0.8755,0,0,6,7,2,1,4,5.9,8.9,0,0,0,0,1,23,0
ISW-2019-04847,10.0,10.0,0.9416,0,0,6,0,1,0,0,7.1,10.0,1,0,2,1,0,19,0
ISW-2021-04848,7.35,7.62,0.9372,1,0,5,20,4,1,29,6.8,9.2,0,0,1,0,0,22,0
ISW-2020-04849,7.77,7.78,0.7235,0,0,7,0,1,0,0,6.6,8.3,0,0,1,1,0,22,0
ISW-2024-04850,7.52,7.41,0.8738,2,2,7,33,6,0,40,5.1,7.9,0,0,1,0,0,26,1
ISW-2023-04851,9.48,9.74,0.7781,0,0,6,0,1,0,0,8.3,10.0,0,1,1,1,0,21,0
ISW-2021-04852,7.1,7.52,0.8572,2,1,6,26,5,0,36,6.7,8.1,0,1,2,0,0,26,0
ISW-2022-04853,8.61,9.03,0.9674,1,1,7,34,6,0,28,7.8,10.0,0,1,0,0,0,21,0
ISW-2019-04854,5.63,5.87,0.8405,0,0,5,0,1,0,0,2.4,7.2,0,0,2,0,1,24,0
ISW-2024-04855,9.1,8.79,0.9173,0,0,5,0,1,0,0,7.5,10.0,0,2,0,1,0,23,0
ISW-2022-04856,6.98,7.22,0.607,2,1,5,47,8,0,107,6.4,8.7,0,1,0,1,1,18,1
ISW-2024-04857,9.03,9.31,0.9104,1,1,7,13,3,0,11,7.4,10.0,0,1,1,1,1,22,0
ISW-2020-04858,8.59,8.6,0.9129,0,0,7,21,4,0,14,7.0,9.8,0,0,1,0,0,22,0
ISW-2018-04859,8.32,8.49,0.7898,0,0,7,0,1,0,0,5.8,10.0,0,0,2,0,1,23,0
ISW-2025-04860,7.61,7.74,0.9791,1,1,7,6,2,0,3,4.8,8.4,0,1,0,0,0,23,0
ISW-2025-04861,6.51,6.01,0.6326,4,1,7,10,3,2,33,4.6,6.6,0,0,0,0,0,19,1
ISW-2025-04862,9.02,8.72,0.8168,1,1,7,41,7,1,26,6.8,10.0,0,1,0,0,1,20,0
ISW-2020-04863,7.14,7.32,0.7328,2,0,6,5,2,0,12,4.4,7.8,0,0,2,1,1,25,1
ISW-2020-04864,7.79,7.02,0.7758,3,2,7,32,6,0,66,6.2,8.6,1,0,2,1,0,19,1
ISW-2020-04865,8.49,8.59,0.8665,0,0,7,21,4,0,8,5.8,9.2,0,0,2,0,1,29,0
ISW-2023-04866,9.39,8.8,0.8578,0,0,5,0,1,0,0,5.8,10.0,0,0,0,1,1,23,0
ISW-2023-04867,7.49,8.27,0.939,2,1,5,5,2,1,6,6.9,9.5,0,0,2,0,0,25,0
ISW-2021-04868,8.64,8.6,0.8783,0,0,5,7,2,1,6,5.6,9.0,1,0,0,0,0,23,0
ISW-2021-04869,7.07,7.03,0.746,1,0,6,13,3,0,30,4.8,8.3,0,1,2,0,1,25,0
ISW-2025-04870,6.36,6.36,0.8836,3,2,5,18,4,1,43,4.8,7.5,1,0,1,0,1,22,0
ISW-2025-04871,7.11,8.08,0.8507,0,0,6,14,3,1,10,6.9,8.7,0,1,0,0,1,22,0
ISW-2024-04872,9.73,9.82,0.8648,1,1,6,6,2,1,1,7.2,10.0,1,3,1,1,1,20,0
ISW-2018-04873,6.29,6.82,0.7086,3,3,6,25,5,1,47,4.0,8.0,0,2,1,1,0,26,0
ISW-2025-04874,7.14,6.85,0.8971,1,1,5,20,4,0,39,4.8,8.3,0,1,0,0,0,20,0
ISW-2019-04875,8.33,8.24,0.7989,1,1,6,13,3,0,17,6.1,9.8,0,0,0,1,1,20,0
ISW-2019-04876,8.17,8.16,0.9251,1,1,6,20,4,0,16,6.2,8.5,0,1,1,1,1,26,0
ISW-2020-04877,9.07,8.86,0.9407,0,0,7,7,2,1,2,6.9,9.2,1,3,2,0,0,26,0
ISW-2019-04878,8.23,8.18,0.8928,0,0,7,28,5,0,16,7.2,8.6,1,1,1,0,1,19,0
ISW-2023-04879,8.13,8.3,0.8774,0,0,7,7,2,1,3,5.8,9.5,0,0,0,1,0,20,0
ISW-2025-04880,6.99,7.0,0.8951,0,0,7,7,2,0,6,4.0,8.3,0,2,1,0,0,23,0
ISW-2018-04881,7.51,7.45,0.8851,0,0,5,0,1,0,0,5.2,7.9,0,0,0,0,1,19,0
ISW-2022-04882,10.0,10.0,0.7531,1,1,5,20,4,1,11,7.7,10.0,0,2,0,1,0,25,0
ISW-2024-04883,8.31,8.74,0.8398,0,0,7,21,4,1,12,5.3,9.3,0,0,0,1,0,18,0
ISW-2021-04884,9.39,9.59,0.8854,0,0,7,7,2,0,0,6.3,10.0,0,0,0,1,0,26,0
ISW-2025-04885,8.42,8.83,0.8765,0,0,6,42,7,1,25,7.8,9.5,0,2,0,1,0,23,0
ISW-2024-04886,7.82,7.64,0.9118,1,1,5,34,6,1,24,4.4,8.7,1,1,0,0,1,22,0
ISW-2022-04887,7.59,7.44,0.6993,0,0,5,0,1,0,0,5.3,8.3,1,1,0,1,0,23,0
ISW-2021-04888,7.91,7.85,0.8936,0,0,5,28,5,1,27,4.8,8.8,1,2,1,1,0,20,0
ISW-2021-04889,8.5,8.67,0.8182,1,1,7,6,2,0,6,6.2,10.0,0,2,0,0,1,19,0
ISW-2021-04890,7.73,8.22,0.7088,0,0,1,63,10,1,92,5.8,8.9,1,1,0,0,1,24,0
ISW-2025-04891,9.24,9.21,0.8025,0,0,7,7,2,1,1,8.3,10.0,0,3,0,0,1,21,0
ISW-2022-04892,8.65,8.53,0.8711,1,0,7,6,2,1,4,7.5,9.0,0,0,1,1,1,22,0
ISW-2018-04893,8.76,8.64,0.8414,0,0,5,14,3,1,6,5.6,8.9,0,0,2,1,1,20,0
ISW-2019-04894,5.76,6.66,0.8818,4,4,6,3,2,2,12,4.7,7.9,1,2,0,1,1,23,0
ISW-2023-04895,7.68,7.45,0.8527,5,2,7,23,5,2,37,5.4,9.2,0,0,1,0,0,24,1
ISW-2021-04896,7.85,7.48,0.8649,2,1,7,12,3,1,11,6.4,9.2,1,2,2,0,0,22,0
ISW-2025-04897,8.28,8.05,0.7266,0,0,7,7,2,0,8,5.1,8.9,0,0,1,0,0,19,0
ISW-2019-04898,8.41,9.09,0.8093,1,1,7,13,3,0,6,7.2,9.8,1,0,0,1,1,20,0
ISW-2020-04899,8.52,8.62,0.8336,1,1,7,41,7,0,25,5.4,9.6,0,0,0,0,1,22,0
ISW-2018-04900,8.79,8.6,0.9251,1,1,5,34,6,1,24,6.5,10.0,1,1,0,1,1,22,0
ISW-2021-04901,8.29,8.61,0.9003,1,1,5,13,3,1,4,6.9,10.0,0,2,0,0,1,22,0
ISW-2024-04902,7.64,8.0,0.8773,1,1,7,6,2,1,6,6.6,9.8,0,0,0,0,1,21,0
ISW-2018-04903,8.42,8.2,0.947,0,0,7,0,1,0,0,6.3,9.1,1,0,2,0,0,20,0
ISW-2024-04904,9.19,9.77,0.836,1,1,5,41,7,1,11,7.6,10.0,0,0,0,1,0,23,0
ISW-2025-04905,8.77,8.71,0.8758,1,0,6,27,5,0,17,7.2,10.0,0,0,0,0,1,23,0
ISW-2022-04906,7.33,7.12,0.7773,1,1,7,20,4,1,40,4.1,8.5,1,1,2,1,0,19,0
ISW-2025-04907,7.16,7.18,0.7873,5,4,7,37,7,1,75,5.3,8.5,0,1,1,0,1,20,1
ISW-2023-04908,9.76,9.66,0.9784,0,0,5,0,1,0,0,6.8,10.0,1,0,0,0,0,21,0
ISW-2018-04909,8.03,7.97,0.8173,2,1,6,26,5,0,21,5.4,9.0,0,0,2,0,0,23,0
ISW-2023-04910,8.91,8.91,0.9402,0,0,5,0,1,0,0,8.0,9.4,1,1,0,0,1,26,0
ISW-2024-04911,7.87,8.13,0.9136,0,0,7,0,1,0,0,5.7,9.5,0,0,0,0,0,22,0
ISW-2020-04912,7.35,7.31,0.8425,1,0,5,13,3,1,21,4.1,8.8,0,0,0,0,1,17,0
ISW-2021-04913,7.96,7.84,0.8569,1,0,6,6,2,0,2,4.4,9.2,1,1,0,0,0,20,0
ISW-2021-04914,7.41,7.18,0.6746,4,3,5,45,8,2,86,4.2,8.1,0,0,2,0,0,30,1
ISW-2023-04915,8.23,7.96,0.8431,1,1,6,6,2,1,5,5.4,8.7,0,0,0,0,1,22,0
ISW-2018-04916,8.71,8.52,0.8028,0,0,7,35,6,0,22,7.4,9.2,0,0,2,0,0,22,0
ISW-2020-04917,8.38,8.0,0.6733,1,1,6,27,5,1,37,6.2,8.5,0,2,0,1,1,21,1
ISW-2025-04918,9.2,9.17,0.9081,0,0,6,21,4,0,10,6.8,10.0,0,0,2,0,0,20,0
ISW-2023-04919,7.76,7.95,0.9234,2,2,7,47,8,0,49,6.6,9.4,0,2,0,0,1,18,0
ISW-2023-04920,8.77,8.49,0.8422,1,0,5,13,3,0,10,6.7,9.5,1,1,2,0,0,19,0
ISW-2019-04921,6.65,7.17,0.8916,1,1,7,6,2,1,7,5.9,7.7,0,1,0,0,0,25,0
ISW-2025-04922,8.45,8.69,0.885,0,0,7,0,1,0,0,5.4,10.0,0,2,2,0,1,26,0
ISW-2020-04923,8.11,8.71,0.9068,1,1,5,6,2,1,5,5.9,9.2,0,0,2,0,1,21,0
ISW-2025-04924,8.47,8.6,0.9606,0,0,5,42,7,1,33,7.3,10.0,0,0,1,0,1,20,1
ISW-2024-04925,9.89,9.84,0.8687,1,1,7,13,3,1,3,8.1,10.0,0,0,0,1,1,22,0
ISW-2018-04926,7.86,7.92,0.7583,2,1,7,5,2,0,9,4.9,8.4,1,1,1,1,1,20,0
ISW-2018-04927,8.77,9.06,0.927,0,0,6,0,1,0,0,6.3,10.0,0,1,1,0,0,25,0
ISW-2023-04928,7.88,8.09,0.8056,0,0,6,14,3,1,8,6.2,9.7,0,2,1,0,1,29,0
ISW-2024-04929,9.9,9.91,0.9348,0,0,6,28,5,0,5,7.5,10.0,1,1,1,0,0,24,0
ISW-2019-04930,5.51,5.06,0.7997,3,3,6,4,2,0,12,1.9,5.7,0,0,2,0,1,23,0
ISW-2025-04931,7.63,7.98,0.8724,1,1,6,27,5,1,19,6.6,8.9,0,0,2,1,1,25,1
ISW-2020-04932,7.5,7.67,0.6722,1,1,7,20,4,0,28,5.0,8.6,0,0,0,0,0,19,0
ISW-2024-04933,9.5,9.05,0.8633,1,1,7,34,6,0,13,6.5,9.7,0,2,0,0,1,26,0
ISW-2018-04934,8.82,8.73,0.6952,1,1,6,6,2,1,7,7.8,9.4,0,0,0,1,1,21,0
ISW-2025-04935,8.93,8.99,0.8838,0,0,7,21,4,1,8,7.1,10.0,1,3,1,1,0,24,0
ISW-2019-04936,8.91,8.54,0.7379,0,0,6,0,1,0,0,6.5,10.0,0,0,2,0,1,19,0
ISW-2020-04937,9.15,9.04,0.8613,1,1,5,6,2,0,4,5.7,10.0,0,1,0,1,0,24,0
ISW-2020-04938,8.3,8.41,0.9314,0,0,6,28,5,1,9,6.1,10.0,0,0,0,1,1,19,0
ISW-2023-04939,9.25,8.66,0.864,0,0,7,21,4,0,11,5.2,9.8,1,2,0,1,1,22,0
ISW-2025-04940,9.23,8.95,0.9183,0,0,7,0,1,0,0,8.0,10.0,1,0,0,0,0,23,0
ISW-2019-04941,6.06,6.22,0.8516,1,1,6,41,7,0,79,4.0,8.0,1,1,2,1,0,21,1
ISW-2024-04942,7.49,7.42,0.9117,0,0,6,0,1,0,0,4.2,8.5,0,3,1,0,0,18,0
ISW-2021-04943,9.23,8.9,0.8527,0,0,6,21,4,1,8,6.0,9.3,1,1,0,0,1,26,0
ISW-2020-04944,9.04,9.09,0.9948,0,0,1,63,10,0,27,8.2,9.9,0,0,0,0,0,20,0
ISW-2021-04945,8.34,8.91,0.8529,0,0,5,14,3,0,7,6.0,9.7,0,2,0,0,1,23,0
ISW-2024-04946,8.52,8.37,0.871,0,0,6,35,6,0,24,5.5,9.6,0,0,1,0,1,23,0
ISW-2018-04947,8.61,8.12,0.8061,2,2,7,19,4,0,16,6.7,9.4,1,0,1,0,1,23,1
ISW-2022-04948,9.43,9.36,0.8642,1,1,7,34,6,0,17,7.7,10.0,0,1,0,0,0,23,0
ISW-2025-04949,7.64,7.51,0.843,1,1,5,20,4,1,14,5.2,8.7,0,2,0,1,0,21,0
ISW-2018-04950,6.47,6.64,0.7342,3,1,7,25,5,1,56,3.8,7.6,0,0,2,0,1,20,1
ISW-2022-04951,6.19,6.13,0.7026,4,3,7,3,2,2,17,2.7,7.4,0,2,2,0,0,26,1
ISW-2018-04952,7.74,8.24,0.874,0,0,5,28,5,1,18,6.9,10.0,1,1,1,1,0,20,0
ISW-2025-04953,10.0,9.81,0.9104,0,0,7,7,2,1,1,8.1,10.0,1,1,0,0,0,21,0
ISW-2024-04954,7.24,7.16,0.8489,2,1,1,61,10,0,90,6.0,8.6,0,0,2,1,1,21,1
ISW-2022-04955,9.12,9.34,0.8458,0,0,6,7,2,1,4,8.1,10.0,0,1,1,0,1,21,0
ISW-2022-04956,8.86,8.84,0.8499,0,0,6,7,2,1,5,7.4,9.3,0,0,2,0,0,21,0
ISW-2025-04957,8.74,8.62,0.8751,0,0,7,42,7,0,27,6.9,9.0,1,0,0,0,0,22,0
ISW-2022-04958,8.72,8.58,0.8681,1,1,6,6,2,1,4,7.3,9.1,0,0,0,0,1,19,0
ISW-2024-04959,8.94,8.86,0.8893,0,0,6,7,2,0,1,7.6,10.0,0,2,0,0,0,24,0
ISW-2024-04960,8.22,7.73,0.8262,3,2,6,25,5,0,30,4.7,8.1,0,0,2,0,1,21,1
ISW-2018-04961,9.16,8.64,0.9744,0,0,7,0,1,0,0,6.1,9.2,0,0,1,0,0,22,0
ISW-2020-04962,10.0,9.45,1.0,0,0,6,0,1,0,0,7.9,9.9,0,0,0,0,0,19,0
ISW-2024-04963,7.48,7.28,0.8971,1,0,6,13,3,0,14,5.0,8.0,0,0,2,1,0,20,0
ISW-2025-04964,5.25,5.69,0.8383,1,1,5,6,2,0,16,3.6,7.4,1,3,2,0,0,21,0
ISW-2018-04965,8.51,8.53,0.8677,0,0,5,7,2,1,1,5.7,10.0,0,1,0,1,0,18,0
ISW-2024-04966,8.59,8.59,0.8024,0,0,7,0,1,0,0,5.2,10.0,0,1,1,1,1,25,0
ISW-2019-04967,8.39,8.32,0.9058,1,1,5,6,2,0,5,6.3,9.3,0,2,1,0,0,25,0
ISW-2018-04968,8.96,9.27,0.8558,1,1,5,6,2,1,2,7.3,9.8,0,0,0,1,1,23,0
ISW-2018-04969,8.24,8.73,0.9216,0,0,5,0,1,0,0,5.4,9.4,0,2,1,1,0,25,1
ISW-2025-04970,8.48,8.5,0.9072,1,1,7,20,4,1,14,5.9,9.5,0,3,0,0,0,20,0
ISW-2021-04971,9.22,9.07,0.8393,2,1,7,19,4,0,7,6.2,10.0,1,1,2,0,0,20,0
ISW-2023-04972,9.0,9.0,0.831,0,0,6,0,1,0,0,5.7,9.8,0,1,2,0,1,19,0
ISW-2020-04973,8.83,8.74,0.8188,2,2,5,5,2,0,5,6.4,9.7,1,0,2,1,0,19,0
ISW-2020-04974,8.55,8.29,0.8666,0,0,5,42,7,1,26,5.6,8.9,0,2,1,0,1,22,0
ISW-2020-04975,9.05,8.61,0.7246,0,0,5,21,4,0,29,6.3,9.3,0,0,0,0,0,20,0
ISW-2024-04976,7.69,7.58,0.9437,1,0,6,13,3,1,8,5.6,9.4,0,1,0,1,0,21,0
ISW-2025-04977,7.21,7.2,0.8753,4,3,7,10,3,2,19,4.3,8.9,1,0,1,0,0,22,1
ISW-2019-04978,8.85,8.71,0.8179,0,0,6,0,1,0,0,7.7,10.0,1,1,0,0,1,19,0
ISW-2019-04979,7.7,7.87,0.7708,0,0,6,35,6,0,53,4.9,9.3,0,2,1,0,0,24,0
ISW-2022-04980,8.49,8.62,0.8991,3,3,5,46,8,1,28,6.6,9.4,0,1,0,1,0,21,0
ISW-2023-04981,9.86,9.43,0.8098,1,0,7,48,8,0,20,7.2,10.0,0,0,0,0,0,20,0
ISW-2018-04982,8.69,8.68,0.5598,2,1,6,5,2,0,6,7.7,9.7,0,1,0,0,0,21,0
ISW-2023-04983,8.73,8.82,0.8238,0,0,6,7,2,0,4,7.0,10.0,1,3,1,0,0,23,1
ISW-2022-04984,9.31,9.16,0.9079,0,0,6,0,1,0,0,6.8,10.0,0,1,0,0,1,26,0
ISW-2023-04985,6.36,6.39,0.8715,4,4,7,3,2,2,15,5.1,7.6,0,2,1,1,1,22,1
ISW-2025-04986,8.04,8.12,0.8216,0,0,6,7,2,0,7,7.0,9.1,1,2,0,0,0,23,0
ISW-2020-04987,8.26,8.38,0.781,3,2,6,18,4,0,27,7.3,9.8,1,2,1,0,0,19,0
ISW-2024-04988,9.2,9.55,0.8799,0,0,7,0,1,0,0,8.3,10.0,1,0,1,1,0,27,0
ISW-2019-04989,8.45,8.79,0.754,2,2,6,47,8,1,41,6.0,10.0,0,1,1,0,1,24,1
ISW-2023-04990,8.78,8.57,0.843,0,0,5,0,1,0,0,5.8,9.0,0,2,0,0,1,23,0
ISW-2020-04991,8.36,8.21,0.7421,0,0,7,0,1,0,0,4.9,9.9,0,3,0,1,0,20,0
ISW-2018-04992,6.81,6.44,0.7988,5,4,5,37,7,1,87,3.6,7.8,0,0,0,1,1,20,1
ISW-2019-04993,6.19,6.55,0.7444,6,5,7,22,5,1,58,5.7,7.5,0,0,1,0,0,21,1
ISW-2021-04994,8.55,8.47,0.9247,1,1,5,6,2,0,5,6.9,8.8,0,0,0,0,0,20,0
ISW-2023-04995,8.59,8.45,0.7828,2,1,5,19,4,1,26,6.7,9.0,0,2,2,0,1,21,1
ISW-2025-04996,8.57,8.64,0.807,0,0,7,7,2,0,3,7.6,10.0,0,2,2,0,1,23,0
ISW-2020-04997,8.53,9.28,0.8603,0,0,7,0,1,0,0,6.5,9.7,0,1,0,0,0,18,0
ISW-2019-04998,8.39,8.2,0.787,1,1,5,13,3,0,14,6.3,8.6,0,0,2,0,1,21,0
ISW-2025-04999,8.49,8.55,0.8683,0,0,6,7,2,0,2,5.1,9.8,0,0,1,0,1,19,0
ISW-2019-05000,7.91,8.04,0.8274,2,1,6,19,4,1,13,6.0,9.2,0,2,0,0,0,22,0
